pc_time,elapsed_s,temperature_C,voltage_V
2026-09-11 11:54:30,0.0,23.0156,0.14055
2026-09-11 11:54:40,10.1,23.0156,0.14018
2026-09-11 11:54:50,19.8,23.0156,0.14004
2026-09-11 11:55:00,29.8,22.9921,0.13929
2026-09-11 11:55:10,39.5,23.0000,0.13790
2026-09-11 11:55:20,49.6,23.0000,0.13899
2026-09-11 11:55:30,59.7,22.9921,0.13790
2026-09-11 11:55:39,69.3,22.9843,0.13768
2026-09-11 11:55:49,79.4,22.9843,0.13766
2026-09-11 11:55:59,89.1,22.9843,0.13766
2026-09-11 11:56:09,99.2,22.9687,0.13775
2026-09-11 11:56:19,109.2,22.9609,0.13789
2026-09-11 11:56:29,118.9,22.9609,0.13824
2026-09-11 11:56:39,129.0,22.9687,0.13779
2026-09-11 11:56:49,138.7,22.9531,0.13258
2026-09-11 11:56:59,148.8,22.9531,0.13649
2026-09-11 11:57:09,158.8,22.9609,0.13279
2026-09-11 11:57:18,168.5,22.9375,0.13664
2026-09-11 11:57:29,178.6,22.9375,0.13779
2026-09-11 11:57:38,188.3,22.9218,0.13830
2026-09-11 11:57:48,198.3,22.9296,0.13861
2026-09-11 11:57:58,208.0,22.9062,0.13881
2026-09-11 11:58:08,218.1,22.9218,0.13893
2026-09-11 11:58:18,228.2,22.9296,0.13898
2026-09-11 11:58:28,237.8,22.9140,0.13905
2026-09-11 11:58:38,247.9,22.9218,0.13915
2026-09-11 11:58:48,257.6,22.9296,0.13921
2026-09-11 11:58:58,267.7,22.9062,0.13925
2026-09-11 11:59:08,277.8,22.9218,0.13933
2026-09-11 11:59:17,287.4,22.9140,0.13941
2026-09-11 11:59:27,297.5,22.9062,0.13950
2026-09-11 11:59:37,307.2,22.9062,0.13947
2026-09-11 11:59:47,317.3,22.8984,0.13946
2026-09-11 11:59:57,326.9,22.8906,0.13949
2026-09-11 12:00:07,337.0,22.8828,0.13947
2026-09-11 12:00:17,347.1,22.8984,0.13948
2026-09-11 12:00:27,356.8,22.8828,0.13953
2026-09-11 12:00:37,366.8,22.8984,0.13949
2026-09-11 12:00:47,376.5,22.8750,0.13944
2026-09-11 12:00:57,386.6,22.8906,0.13946
2026-09-11 12:01:07,396.7,22.8828,0.13950
2026-09-11 12:01:16,406.3,22.8906,0.13952
2026-09-11 12:01:26,416.4,22.8828,0.13954
2026-09-11 12:01:36,426.1,22.8671,0.13949
2026-09-11 12:01:46,436.2,22.8906,0.13951
2026-09-11 12:01:56,446.3,22.8671,0.13949
2026-09-11 12:02:06,455.9,22.8750,0.13953
2026-09-11 12:02:16,466.0,22.8671,0.13954
2026-09-11 12:02:26,475.7,22.8671,0.13953
2026-09-11 12:02:36,485.8,22.8593,0.13957
2026-09-11 12:02:45,495.4,22.8828,0.13951
2026-09-11 12:02:56,505.5,22.8671,0.13946
2026-09-11 12:03:06,515.6,22.8593,0.13941
2026-09-11 12:03:15,525.3,22.8593,0.13930
2026-09-11 12:03:25,535.3,22.8593,0.13920
2026-09-11 12:03:35,545.0,22.8515,0.13919
2026-09-11 12:03:45,555.1,22.8515,0.13914
2026-09-11 12:03:55,565.2,22.8515,0.13912
2026-09-11 12:04:05,574.9,22.8515,0.13918
2026-09-11 12:04:15,584.9,22.8515,0.13928
2026-09-11 12:04:25,594.6,22.8515,0.13933
2026-09-11 12:04:35,604.7,22.8437,0.13940
2026-09-11 12:04:45,614.8,22.8515,0.13946
2026-09-11 12:04:54,624.4,22.8515,0.13952
2026-09-11 12:05:05,634.5,22.8437,0.13955
2026-09-11 12:05:14,644.2,22.8515,0.13961
2026-09-11 12:05:24,654.3,22.8359,0.13959
2026-09-11 12:05:34,664.0,22.8437,0.13955
2026-09-11 12:05:44,674.0,22.8125,0.13958
2026-09-11 12:05:54,684.1,22.8359,0.13962
2026-09-11 12:06:04,693.8,22.8281,0.13957
2026-09-11 12:06:14,703.9,22.8281,0.13961
2026-09-11 12:06:24,713.5,22.8359,0.13967
2026-09-11 12:06:34,723.6,22.8359,0.13976
2026-09-11 12:06:44,733.7,22.8125,0.13965
2026-09-11 12:06:53,743.4,22.8593,0.13970
2026-09-11 12:07:03,753.4,22.8125,0.13977
2026-09-11 12:07:13,763.1,22.8437,0.13974
2026-09-11 12:07:23,773.2,22.8359,0.13984
2026-09-11 12:07:33,783.3,22.8281,0.13988
2026-09-11 12:07:43,793.0,22.8125,0.13987
2026-09-11 12:07:53,803.0,22.8281,0.13996
2026-09-11 12:08:03,812.7,22.8281,0.14003
2026-09-11 12:08:13,822.8,22.8281,0.14008
2026-09-11 12:08:23,832.9,22.8125,0.14008
2026-09-11 12:08:33,842.5,22.8281,0.14008
2026-09-11 12:08:43,852.6,22.8281,0.14008
2026-09-11 12:08:52,862.3,22.8281,0.14008
2026-09-11 12:09:02,872.4,22.8281,0.14003
2026-09-11 12:09:12,882.0,22.8046,0.13997
2026-09-11 12:09:22,892.1,22.8359,0.13994
2026-09-11 12:09:32,902.2,22.7890,0.13999
2026-09-11 12:09:42,911.9,22.8046,0.14001
2026-09-11 12:09:52,922.0,22.7968,0.14002
2026-09-11 12:10:02,931.6,22.8046,0.13999
2026-09-11 12:10:12,941.7,22.8046,0.13993
2026-09-11 12:10:22,951.8,22.8046,0.13992
2026-09-11 12:10:31,961.5,22.7968,0.13987
2026-09-11 12:10:42,971.5,22.7968,0.13985
2026-09-11 12:10:51,981.2,22.7890,0.13986
2026-09-11 12:11:01,991.3,22.8281,0.13987
2026-09-11 12:11:11,1001.4,22.8046,0.13985
2026-09-11 12:11:21,1011.0,22.8046,0.13986
2026-09-11 12:11:31,1021.1,22.8046,0.13984
2026-09-11 12:11:41,1030.8,22.8125,0.13994
2026-09-11 12:11:51,1040.9,22.8046,0.14053
2026-09-11 12:12:01,1050.5,22.7890,0.13796
2026-09-11 12:12:11,1060.6,22.8046,0.13890
2026-09-11 12:12:21,1070.7,22.8046,0.13936
2026-09-11 12:12:30,1080.4,22.8125,0.13924
2026-09-11 12:12:40,1090.5,22.8046,0.13953
2026-09-11 12:12:50,1100.1,22.8046,0.14146
2026-09-11 12:13:00,1110.2,22.7968,0.14016
2026-09-11 12:13:10,1120.3,22.8125,0.13914
2026-09-11 12:13:20,1130.0,22.8125,0.13950
2026-09-11 12:13:30,1140.0,22.7968,0.13993
2026-09-11 12:13:40,1149.7,22.8125,0.14161
2026-09-11 12:13:50,1159.8,22.8125,0.13883
2026-09-11 12:13:59,1169.5,22.8281,0.14036
2026-09-11 12:14:10,1179.5,22.8125,0.13983
2026-09-11 12:14:20,1189.6,22.8437,0.14002
2026-09-11 12:14:29,1199.3,22.8125,0.14050
2026-09-11 12:14:39,1209.4,22.8125,0.13946
2026-09-11 12:14:49,1219.0,22.8437,0.13959
2026-09-11 12:14:59,1229.1,22.8281,0.13970
2026-09-11 12:15:09,1239.2,22.8359,0.14020
2026-09-11 12:15:19,1248.9,22.8359,0.14011
2026-09-11 12:15:29,1259.0,22.8593,0.14013
2026-09-11 12:15:39,1268.6,22.8437,0.14014
2026-09-11 12:15:49,1278.7,22.8437,0.14017
2026-09-11 12:15:59,1288.8,22.8125,0.14019
2026-09-11 12:16:08,1298.5,22.8281,0.14020
2026-09-11 12:16:19,1308.5,22.8281,0.14016
2026-09-11 12:16:28,1318.2,22.8281,0.14013
2026-09-11 12:16:38,1328.3,22.8359,0.14015
2026-09-11 12:16:48,1338.4,22.8125,0.14016
2026-09-11 12:16:58,1348.0,22.8437,0.14013
2026-09-11 12:17:08,1358.1,22.8281,0.14014
2026-09-11 12:17:18,1367.8,22.8359,0.14013
2026-09-11 12:17:28,1377.9,22.8281,0.14016
2026-09-11 12:17:38,1388.0,22.8359,0.14017
2026-09-11 12:17:48,1397.6,22.8125,0.14015
2026-09-11 12:17:58,1407.7,22.8359,0.14013
2026-09-11 12:18:07,1417.4,22.8281,0.14017
2026-09-11 12:18:17,1427.5,22.8125,0.14016
2026-09-11 12:18:27,1437.1,22.8281,0.14023
2026-09-11 12:18:37,1447.2,22.7968,0.14024
2026-09-11 12:18:47,1457.3,22.8125,0.14018
2026-09-11 12:18:57,1467.0,22.8046,0.14017
2026-09-11 12:19:07,1477.0,22.7968,0.14020
2026-09-11 12:19:17,1486.7,22.8046,0.14020
2026-09-11 12:19:27,1496.8,22.7968,0.14020
2026-09-11 12:19:37,1506.9,22.8046,0.14026
2026-09-11 12:19:47,1516.6,22.8046,0.14021
2026-09-11 12:19:57,1526.6,22.8359,0.14024
2026-09-11 12:20:06,1536.3,22.8046,0.14026
2026-09-11 12:20:16,1546.4,22.8281,0.14023
2026-09-11 12:20:26,1556.5,22.8046,0.14023
2026-09-11 12:20:36,1566.1,22.7890,0.14028
2026-09-11 12:20:46,1576.2,22.8046,0.14022
2026-09-11 12:20:56,1585.9,22.8125,0.14017
2026-09-11 12:21:06,1596.0,22.7968,0.14020
2026-09-11 12:21:16,1606.0,22.8125,0.14020
2026-09-11 12:21:26,1615.7,22.7968,0.14023
2026-09-11 12:21:36,1625.8,22.7968,0.14019
2026-09-11 12:21:45,1635.5,22.7890,0.14023
2026-09-11 12:21:56,1645.6,22.7890,0.14027
2026-09-11 12:22:05,1655.2,22.8046,0.14024
2026-09-11 12:22:15,1665.3,22.8046,0.14020
2026-09-11 12:22:25,1675.4,22.8046,0.14014
2026-09-11 12:22:35,1685.1,22.7890,0.14019
2026-09-11 12:22:45,1695.1,22.7968,0.14024
2026-09-11 12:22:55,1704.8,22.8046,0.14024
2026-09-11 12:23:05,1714.9,22.8046,0.14016
2026-09-11 12:23:15,1725.0,22.7968,0.14018
2026-09-11 12:23:25,1734.6,22.7890,0.14022
2026-09-11 12:23:35,1744.7,22.8046,0.14023
2026-09-11 12:23:44,1754.4,22.7890,0.14026
2026-09-11 12:23:54,1764.5,22.8046,0.14026
2026-09-11 12:24:05,1774.5,22.7968,0.14017
2026-09-11 12:24:14,1784.2,22.7968,0.14010
2026-09-11 12:24:24,1794.3,22.8046,0.14013
2026-09-11 12:24:34,1804.0,22.8046,0.14016
2026-09-11 12:24:44,1814.1,22.7968,0.14020
2026-09-11 12:24:54,1824.1,22.7968,0.14018
2026-09-11 12:25:04,1833.8,22.7812,0.14012
2026-09-11 12:25:14,1843.9,22.7968,0.14007
2026-09-11 12:25:24,1853.6,22.8125,0.14001
2026-09-11 12:25:34,1863.6,22.7812,0.14001
2026-09-11 12:25:44,1873.7,22.7812,0.14005
2026-09-11 12:25:53,1883.4,22.7812,0.14009
2026-09-11 12:26:03,1893.5,22.7812,0.14008
2026-09-11 12:26:13,1903.2,22.7812,0.14012
2026-09-11 12:26:23,1913.2,22.8046,0.14013
2026-09-11 12:26:33,1923.3,22.7890,0.14017
2026-09-11 12:26:43,1933.0,22.8046,0.14019
2026-09-11 12:26:53,1943.1,22.7890,0.14019
2026-09-11 12:27:03,1952.7,22.7812,0.14024
2026-09-11 12:27:13,1962.8,22.7812,0.14028
2026-09-11 12:27:23,1972.9,22.7890,0.14027
2026-09-11 12:27:33,1982.6,22.7968,0.14026
2026-09-11 12:27:43,1992.6,22.8046,0.13699
2026-09-11 12:27:52,2002.3,22.8046,0.13889
2026-09-11 12:28:02,2012.4,22.7812,0.14000
2026-09-11 12:28:12,2022.5,22.7890,0.14040
2026-09-11 12:28:22,2032.2,22.7812,0.14041
2026-09-11 12:28:32,2042.2,22.7968,0.14033
2026-09-11 12:28:42,2051.9,22.7968,0.14035
2026-09-11 12:28:52,2062.0,22.7734,0.14035
2026-09-11 12:29:02,2071.7,22.7968,0.14038
2026-09-11 12:29:12,2081.7,22.7890,0.14038
2026-09-11 12:29:22,2091.8,22.7812,0.14034
2026-09-11 12:29:31,2101.5,22.7812,0.14038
2026-09-11 12:29:42,2111.6,22.7812,0.14040
2026-09-11 12:29:51,2121.2,22.7656,0.14040
2026-09-11 12:30:01,2131.3,22.7812,0.14037
2026-09-11 12:30:11,2141.4,22.7656,0.14037
2026-09-11 12:30:21,2151.1,22.7812,0.14039
2026-09-11 12:30:31,2161.2,22.7656,0.14044
2026-09-11 12:30:41,2170.8,22.7656,0.14037
2026-09-11 12:30:51,2180.9,22.7812,0.14038
2026-09-11 12:31:01,2191.0,22.7578,0.14044
2026-09-11 12:31:11,2200.7,22.7734,0.14044
2026-09-11 12:31:21,2210.7,22.7656,0.14049
2026-09-11 12:31:30,2220.4,22.7890,0.14056
2026-09-11 12:31:40,2230.5,22.7812,0.14048
2026-09-11 12:31:51,2240.6,22.7734,0.14056
2026-09-11 12:32:00,2250.2,22.7890,0.14058
2026-09-11 12:32:10,2260.3,22.7734,0.14050
2026-09-11 12:32:20,2270.0,22.7812,0.14051
2026-09-11 12:32:30,2280.1,22.7812,0.14057
2026-09-11 12:32:40,2289.8,22.7734,0.14062
2026-09-11 12:32:50,2299.8,22.7656,0.14066
2026-09-11 12:33:00,2309.9,22.7734,0.14067
2026-09-11 12:33:10,2319.6,22.7734,0.14060
2026-09-11 12:33:20,2329.7,22.7734,0.14038
2026-09-11 12:33:29,2339.3,22.7656,0.13874
2026-09-11 12:33:39,2349.4,22.7656,0.13982
2026-09-11 12:33:49,2359.5,22.7890,0.14094
2026-09-11 12:33:59,2369.2,22.7812,0.14093
2026-09-11 12:34:09,2379.2,22.7890,0.14058
2026-09-11 12:34:19,2388.9,22.7656,0.14055
2026-09-11 12:34:29,2399.0,22.7812,0.14065
2026-09-11 12:34:39,2409.1,22.7812,0.14073
2026-09-11 12:34:49,2418.8,22.7812,0.14074
2026-09-11 12:34:59,2428.8,22.7734,0.14070
2026-09-11 12:35:08,2438.5,22.7734,0.14079
2026-09-11 12:35:19,2448.6,22.7734,0.14098
2026-09-11 12:35:29,2458.7,22.7812,0.14093
2026-09-11 12:35:38,2468.3,22.7812,0.14084
2026-09-11 12:35:48,2478.4,22.7812,0.14080
2026-09-11 12:35:58,2488.1,22.7812,0.14077
2026-09-11 12:36:08,2498.2,22.7890,0.14079
2026-09-11 12:36:18,2507.8,22.7734,0.14086
2026-09-11 12:36:28,2517.9,22.7812,0.14086
2026-09-11 12:36:38,2528.0,22.7734,0.14090
2026-09-11 12:36:48,2537.7,22.7734,0.14083
2026-09-11 12:36:58,2547.8,22.7812,0.14078
2026-09-11 12:37:07,2557.4,22.7812,0.14059
2026-09-11 12:37:17,2567.5,22.7734,0.14061
2026-09-11 12:37:28,2577.6,22.7734,0.14078
2026-09-11 12:37:37,2587.2,22.7734,0.14052
2026-09-11 12:37:47,2597.3,22.7734,0.14012
2026-09-11 12:37:57,2607.4,22.7656,0.14043
2026-09-11 12:38:07,2617.1,22.7812,0.14035
2026-09-11 12:38:17,2627.2,22.7734,0.14006
2026-09-11 12:38:27,2636.8,22.7812,0.14007
2026-09-11 12:38:37,2646.9,22.7968,0.13994
2026-09-11 12:38:47,2656.6,22.7968,0.13914
2026-09-11 12:38:57,2666.7,22.7812,0.13716
2026-09-11 12:39:07,2676.8,22.7734,0.12507
2026-09-11 12:39:16,2686.4,22.7968,0.12907
2026-09-11 12:39:26,2696.5,22.7656,0.13570
2026-09-11 12:39:36,2706.2,22.7968,0.13815
2026-09-11 12:39:46,2716.2,22.7812,0.13955
2026-09-11 12:39:56,2726.3,22.7812,0.14009
2026-09-11 12:40:06,2736.0,22.7890,0.13986
2026-09-11 12:40:16,2746.1,22.7812,0.13941
2026-09-11 12:40:26,2755.8,22.7812,0.13849
2026-09-11 12:40:36,2765.8,22.7812,0.13679
2026-09-11 12:40:46,2775.9,22.7968,0.13595
2026-09-11 12:40:56,2785.6,22.7968,0.13646
2026-09-11 12:41:06,2795.7,22.7890,0.13650
2026-09-11 12:41:15,2805.3,22.7968,0.13644
2026-09-11 12:41:25,2815.4,22.7734,0.13654
2026-09-11 12:41:35,2825.5,22.7812,0.13724
2026-09-11 12:41:45,2835.2,22.8046,0.13755
2026-09-11 12:41:55,2845.2,22.7812,0.13774
2026-09-11 12:42:05,2854.9,22.7812,0.13727
2026-09-11 12:42:15,2865.0,22.7734,0.13633
2026-09-11 12:42:25,2875.1,22.7890,0.13467
2026-09-11 12:42:35,2884.8,22.7890,0.13431
2026-09-11 12:42:45,2894.8,22.7812,0.13558
2026-09-11 12:42:55,2904.5,22.7890,0.13682
2026-09-11 12:43:05,2914.6,22.7890,0.13703
2026-09-11 12:43:15,2924.7,22.7890,0.13513
2026-09-11 12:43:24,2934.3,22.7890,0.13479
2026-09-11 12:43:34,2944.4,22.7734,0.13731
2026-09-11 12:43:44,2954.1,22.7734,0.13755
2026-09-11 12:43:54,2964.2,22.7812,0.13445
2026-09-11 12:44:04,2974.2,22.7656,0.13148
2026-09-11 12:44:14,2983.9,22.7968,0.13334
2026-09-11 12:44:24,2994.0,22.7734,0.13666
2026-09-11 12:44:34,3003.7,22.7890,0.13578
2026-09-11 12:44:44,3013.8,22.7890,0.13407
2026-09-11 12:44:53,3023.4,22.7890,0.13435
2026-09-11 12:45:04,3033.5,22.7656,0.13442
2026-09-11 12:45:14,3043.6,22.7734,0.13352
2026-09-11 12:45:23,3053.3,22.7890,0.13120
2026-09-11 12:45:33,3063.3,22.7890,0.12938
2026-09-11 12:45:43,3073.0,22.7812,0.12900
2026-09-11 12:45:53,3083.1,22.7968,0.12996
2026-09-11 12:46:03,3093.2,22.7812,0.12960
2026-09-11 12:46:13,3102.8,22.7812,0.13008
2026-09-11 12:46:23,3112.9,22.7734,0.13022
2026-09-11 12:46:33,3122.6,22.7890,0.13153
2026-09-11 12:46:43,3132.7,22.7812,0.13274
2026-09-11 12:46:53,3142.8,22.7968,0.13276
2026-09-11 12:47:02,3152.4,22.7968,0.13333
2026-09-11 12:47:13,3162.5,22.7890,0.13429
2026-09-11 12:47:22,3172.2,22.7734,0.13485
2026-09-11 12:47:32,3182.3,22.7890,0.13600
2026-09-11 12:47:42,3191.9,22.7812,0.13804
2026-09-11 12:47:52,3202.0,22.7812,0.14055
2026-09-11 12:48:02,3212.1,22.7734,0.14243
2026-09-11 12:48:12,3221.8,22.7734,0.14297
2026-09-11 12:48:22,3231.8,22.7812,0.14314
2026-09-11 12:48:32,3241.5,22.7656,0.14442
2026-09-11 12:48:42,3251.6,22.7734,0.14537
2026-09-11 12:48:52,3261.7,22.7656,0.14636
2026-09-11 12:49:01,3271.4,22.7812,0.14684
2026-09-11 12:49:11,3281.4,22.7890,0.14695
2026-09-11 12:49:21,3291.1,22.7812,0.14701
2026-09-11 12:49:31,3301.2,22.7890,0.14713
2026-09-11 12:49:41,3310.9,22.7812,0.14726
2026-09-11 12:49:51,3320.9,22.7812,0.14747
2026-09-11 12:50:01,3331.0,22.7812,0.14773
2026-09-11 12:50:11,3340.7,22.7890,0.14800
2026-09-11 12:50:21,3350.8,22.8046,0.14834
2026-09-11 12:50:30,3360.5,22.7890,0.14870
2026-09-11 12:50:41,3370.5,22.7812,0.14913
2026-09-11 12:50:51,3380.6,22.7734,0.14957
2026-09-11 12:51:00,3390.3,22.7812,0.15007
2026-09-11 12:51:10,3400.4,22.8046,0.15065
2026-09-11 12:51:20,3410.0,22.7890,0.15121
2026-09-11 12:51:30,3420.1,22.7812,0.15175
2026-09-11 12:51:40,3430.2,22.7734,0.15220
2026-09-11 12:51:50,3439.9,22.7890,0.15254
2026-09-11 12:52:00,3449.9,22.7968,0.15250
2026-09-11 12:52:10,3459.6,22.7890,0.15144
2026-09-11 12:52:20,3469.7,22.7890,0.15021
2026-09-11 12:52:30,3479.8,22.7812,0.14966
2026-09-11 12:52:39,3489.5,22.7812,0.14961
2026-09-11 12:52:50,3499.5,22.7890,0.14900
2026-09-11 12:52:59,3509.2,22.7812,0.14639
2026-09-11 12:53:09,3519.3,22.7968,0.14472
2026-09-11 12:53:19,3529.4,22.7968,0.14416
2026-09-11 12:53:29,3539.0,22.7890,0.14560
2026-09-11 12:53:39,3549.1,22.7968,0.14803
2026-09-11 12:53:49,3559.2,22.7656,0.14970
2026-09-11 12:53:59,3568.9,22.7812,0.14914
2026-09-11 12:54:09,3578.9,22.7890,0.14989
2026-09-11 12:54:19,3588.6,22.8046,0.15181
2026-09-11 12:54:29,3598.7,22.7656,0.15371
2026-09-11 12:54:39,3608.8,22.7968,0.15474
2026-09-11 12:54:48,3618.5,22.7968,0.15539
2026-09-11 12:54:59,3628.5,22.7968,0.15618
2026-09-11 12:55:08,3638.2,22.7968,0.15625
2026-09-11 12:55:18,3648.3,22.7734,0.15517
2026-09-11 12:55:28,3658.4,22.7968,0.15328
2026-09-11 12:55:38,3668.0,22.7812,0.15153
2026-09-11 12:55:48,3678.1,22.7812,0.15040
2026-09-11 12:55:58,3687.8,22.7968,0.14943
2026-09-11 12:56:08,3697.9,22.7968,0.14850
2026-09-11 12:56:18,3707.9,22.7968,0.14746
2026-09-11 12:56:28,3717.6,22.8125,0.14657
2026-09-11 12:56:38,3727.7,22.7968,0.14586
2026-09-11 12:56:47,3737.4,22.7968,0.14585
2026-09-11 12:56:57,3747.5,22.7812,0.14608
2026-09-11 12:57:08,3757.5,22.7968,0.14649
2026-09-11 12:57:17,3767.2,22.7968,0.14672
2026-09-11 12:57:27,3777.3,22.7734,0.14666
2026-09-11 12:57:37,3787.0,22.8046,0.14665
2026-09-11 12:57:47,3797.0,22.7890,0.14596
2026-09-11 12:57:57,3807.1,22.7968,0.14554
2026-09-11 12:58:07,3816.8,22.7968,0.14520
2026-09-11 12:58:17,3826.9,22.8046,0.14474
2026-09-11 12:58:27,3836.9,22.7968,0.14488
2026-09-11 12:58:37,3846.6,22.7968,0.14538
2026-09-11 12:58:47,3856.7,22.7812,0.14703
2026-09-11 12:58:56,3866.4,22.7890,0.14915
2026-09-11 12:59:06,3876.5,22.8125,0.15219
2026-09-11 12:59:16,3886.1,22.7890,0.15611
2026-09-11 12:59:26,3896.2,22.8046,0.15897
2026-09-11 12:59:36,3906.3,22.7812,0.16202
2026-09-11 12:59:46,3916.0,22.8046,0.16349
2026-09-11 12:59:56,3926.0,22.8046,0.16314
2026-09-11 13:00:06,3936.1,22.7968,0.16560
2026-09-11 13:00:16,3945.8,22.7968,0.16671
2026-09-11 13:00:26,3955.9,22.7890,0.17274
2026-09-11 13:00:36,3965.5,22.8125,0.17145
2026-09-11 13:00:46,3975.6,22.7968,0.16832
2026-09-11 13:00:56,3985.7,22.8281,0.16408
2026-09-11 13:01:05,3995.4,22.8281,0.16693
2026-09-11 13:01:15,4005.5,22.8359,0.16841
2026-09-11 13:01:25,4015.1,22.8046,0.16390
2026-09-11 13:01:35,4025.2,22.7968,0.15902
2026-09-11 13:01:45,4035.3,22.8437,0.15797
2026-09-11 13:01:55,4045.0,22.7968,0.15934
2026-09-11 13:02:05,4055.0,22.8281,0.15945
2026-09-11 13:02:15,4064.7,22.8281,0.15754
2026-09-11 13:02:25,4074.8,22.8046,0.15469
2026-09-11 13:02:35,4084.9,22.8281,0.15443
2026-09-11 13:02:45,4094.5,22.8125,0.15504
2026-09-11 13:02:55,4104.6,22.8046,0.15450
2026-09-11 13:03:04,4114.3,22.8281,0.15453
2026-09-11 13:03:14,4124.4,22.8125,0.15480
2026-09-11 13:03:24,4134.4,22.8281,0.15473
2026-09-11 13:03:34,4144.1,22.8125,0.15490
2026-09-11 13:03:44,4154.2,22.8125,0.15481
2026-09-11 13:03:54,4164.3,22.8593,0.15490
2026-09-11 13:04:04,4174.0,22.8281,0.15535
2026-09-11 13:04:14,4184.0,22.8359,0.15474
2026-09-11 13:04:24,4193.7,22.8125,0.15426
2026-09-11 13:04:34,4203.8,22.8125,0.15423
2026-09-11 13:04:44,4213.9,22.8046,0.15414
2026-09-11 13:04:54,4223.5,22.8281,0.15402
2026-09-11 13:05:04,4233.6,22.8281,0.15382
2026-09-11 13:05:13,4243.3,22.8359,0.15360
2026-09-11 13:05:23,4253.4,22.8125,0.15361
2026-09-11 13:05:33,4263.0,22.8125,0.15376
2026-09-11 13:05:43,4273.1,22.8125,0.15392
2026-09-11 13:05:53,4283.2,22.8125,0.15275
2026-09-11 13:06:03,4292.9,22.8281,0.15420
2026-09-11 13:06:13,4303.0,22.8359,0.15496
2026-09-11 13:06:23,4312.6,22.8359,0.15652
2026-09-11 13:06:33,4322.7,22.8281,0.15709
2026-09-11 13:06:43,4332.8,22.8125,0.15715
2026-09-11 13:06:52,4342.5,22.8281,0.15748
2026-09-11 13:07:03,4352.5,22.8281,0.15799
2026-09-11 13:07:12,4362.2,22.8359,0.15855
2026-09-11 13:07:22,4372.3,22.8281,0.15962
2026-09-11 13:07:32,4382.0,22.8281,0.16043
2026-09-11 13:07:42,4392.0,22.8125,0.16141
2026-09-11 13:07:52,4402.1,22.8281,0.16235
2026-09-11 13:08:02,4411.8,22.8359,0.16308
2026-09-11 13:08:12,4421.9,22.8281,0.16404
2026-09-11 13:08:22,4431.5,22.8281,0.16563
2026-09-11 13:08:32,4441.6,22.8359,0.16711
2026-09-11 13:08:42,4451.7,22.8281,0.16756
2026-09-11 13:08:51,4461.4,22.8359,0.16856
2026-09-11 13:09:01,4471.5,22.8437,0.16980
2026-09-11 13:09:11,4481.1,22.8281,0.17058
2026-09-11 13:09:21,4491.2,22.8437,0.17121
2026-09-11 13:09:31,4501.3,22.8359,0.17187
2026-09-11 13:09:41,4511.0,22.8515,0.17274
2026-09-11 13:09:51,4521.0,22.8437,0.17356
2026-09-11 13:10:01,4530.7,22.8281,0.17415
2026-09-11 13:10:11,4540.8,22.8437,0.17484
2026-09-11 13:10:21,4550.9,22.8437,0.17561
2026-09-11 13:10:31,4560.5,22.8359,0.17627
2026-09-11 13:10:41,4570.6,22.8281,0.17705
2026-09-11 13:10:50,4580.3,22.8671,0.17775
2026-09-11 13:11:00,4590.4,22.8359,0.17858
2026-09-11 13:11:10,4600.5,22.8515,0.17964
2026-09-11 13:11:20,4610.1,22.8515,0.18131
2026-09-11 13:11:30,4620.2,22.8437,0.18274
2026-09-11 13:11:40,4629.9,22.8359,0.18374
2026-09-11 13:11:50,4640.0,22.8437,0.18522
2026-09-11 13:12:00,4650.0,22.8281,0.18599
2026-09-11 13:12:10,4659.7,22.8515,0.18651
2026-09-11 13:12:20,4669.8,22.8515,0.18808
2026-09-11 13:12:30,4679.9,22.8593,0.19055
2026-09-11 13:12:40,4689.5,22.8515,0.19308
2026-09-11 13:12:50,4699.6,22.8515,0.19200
2026-09-11 13:12:59,4709.3,22.8437,0.19067
2026-09-11 13:13:09,4719.4,22.8437,0.19033
2026-09-11 13:13:19,4729.5,22.8515,0.19067
2026-09-11 13:13:29,4739.1,22.8671,0.19129
2026-09-11 13:13:39,4749.2,22.8437,0.19167
2026-09-11 13:13:49,4758.9,22.8671,0.19261
2026-09-11 13:13:59,4769.0,22.8593,0.19266
2026-09-11 13:14:09,4779.0,22.8671,0.19267
2026-09-11 13:14:19,4788.7,22.8671,0.19303
2026-09-11 13:14:29,4798.8,22.8515,0.19375
2026-09-11 13:14:38,4808.5,22.8828,0.19481
2026-09-11 13:14:49,4818.5,22.8515,0.19634
2026-09-11 13:14:59,4828.6,22.8750,0.19716
2026-09-11 13:15:08,4838.3,22.8750,0.19788
2026-09-11 13:15:18,4848.4,22.8750,0.19947
2026-09-11 13:15:28,4858.5,22.8671,0.20033
2026-09-11 13:15:38,4868.1,22.8828,0.20113
2026-09-11 13:15:48,4878.2,22.8828,0.20045
2026-09-11 13:15:58,4887.9,22.8828,0.19888
2026-09-11 13:16:08,4898.0,22.8906,0.19994
2026-09-11 13:16:18,4908.0,22.8828,0.20209
2026-09-11 13:16:28,4917.7,22.8906,0.20557
2026-09-11 13:16:38,4927.8,22.8828,0.20848
2026-09-11 13:16:47,4937.5,22.8828,0.20787
2026-09-11 13:16:58,4947.5,22.8671,0.20530
2026-09-11 13:17:08,4957.6,22.8828,0.20540
2026-09-11 13:17:17,4967.3,22.8828,0.20778
2026-09-11 13:17:27,4977.4,22.8828,0.20910
2026-09-11 13:17:37,4987.5,22.8828,0.20951
2026-09-11 13:17:47,4997.1,22.8984,0.20948
2026-09-11 13:17:57,5007.2,22.8906,0.20968
2026-09-11 13:18:07,5016.9,22.9062,0.21056
2026-09-11 13:18:17,5027.0,22.8906,0.21155
2026-09-11 13:18:27,5036.6,22.8984,0.21172
2026-09-11 13:18:37,5046.7,22.8984,0.20927
2026-09-11 13:18:47,5056.8,22.9062,0.20812
2026-09-11 13:18:56,5066.5,22.8906,0.21077
2026-09-11 13:19:07,5076.5,22.9140,0.16170
2026-09-11 13:19:17,5086.6,22.9062,0.17796
2026-09-11 13:19:26,5096.3,22.9296,0.16828
2026-09-11 13:19:36,5106.4,22.9140,0.20911
2026-09-11 13:19:46,5116.0,22.9062,0.21613
2026-09-11 13:19:56,5126.1,22.9062,0.21634
2026-09-11 13:20:06,5136.2,22.9140,0.20167
2026-09-11 13:20:16,5145.9,22.9218,0.21683
2026-09-11 13:20:26,5156.0,22.9218,0.21479
2026-09-11 13:20:36,5165.6,22.9218,0.21503
2026-09-11 13:20:46,5175.7,22.8984,0.21462
2026-09-11 13:20:56,5185.8,22.9140,0.21431
2026-09-11 13:21:05,5195.5,22.9140,0.21430
2026-09-11 13:21:16,5205.5,22.9140,0.21417
2026-09-11 13:21:25,5215.2,22.9218,0.21402
2026-09-11 13:21:35,5225.3,22.9140,0.21336
2026-09-11 13:21:45,5235.4,22.9218,0.21219
2026-09-11 13:21:55,5245.0,22.9218,0.21189
2026-09-11 13:22:05,5255.1,22.9140,0.21123
2026-09-11 13:22:15,5264.8,22.9218,0.21081
2026-09-11 13:22:25,5274.9,22.9296,0.21103
2026-09-11 13:22:35,5285.0,22.9218,0.21043
2026-09-11 13:22:45,5294.6,22.9296,0.20958
2026-09-11 13:22:55,5304.7,22.9296,0.20893
2026-09-11 13:23:04,5314.4,22.9140,0.20715
2026-09-11 13:23:14,5324.5,22.9296,0.20429
2026-09-11 13:23:25,5334.5,22.9296,0.20263
2026-09-11 13:23:34,5344.2,22.9218,0.20126
2026-09-11 13:23:44,5354.3,22.9296,0.20017
2026-09-11 13:23:54,5364.0,22.9296,0.19935
2026-09-11 13:24:04,5374.0,22.9062,0.19815
2026-09-11 13:24:14,5384.1,22.9375,0.19783
2026-09-11 13:24:24,5393.8,22.9140,0.19795
2026-09-11 13:24:34,5403.9,22.9062,0.19838
2026-09-11 13:24:44,5413.6,22.9375,0.19891
2026-09-11 13:24:54,5423.6,22.9296,0.20002
2026-09-11 13:25:04,5433.7,22.9375,0.20171
2026-09-11 13:25:13,5443.4,22.9218,0.20376
2026-09-11 13:25:23,5453.5,22.9375,0.20604
2026-09-11 13:25:33,5463.1,22.9531,0.20799
2026-09-11 13:25:43,5473.2,22.9296,0.20873
2026-09-11 13:25:53,5483.3,22.9375,0.20743
2026-09-11 13:26:03,5493.0,22.9375,0.20715
2026-09-11 13:26:13,5503.0,22.9296,0.20804
2026-09-11 13:26:23,5513.1,22.9375,0.20910
2026-09-11 13:26:33,5522.8,22.9531,0.21031
2026-09-11 13:26:43,5532.9,22.9609,0.21017
2026-09-11 13:26:53,5542.6,22.9375,0.20987
2026-09-11 13:27:03,5552.6,22.9531,0.20984
2026-09-11 13:27:12,5562.3,22.9296,0.20902
2026-09-11 13:27:22,5572.4,22.9531,0.20975
2026-09-11 13:27:32,5582.5,22.9609,0.21136
2026-09-11 13:27:42,5592.1,22.9531,0.21270
2026-09-11 13:27:52,5602.2,22.9531,0.21359
2026-09-11 13:28:02,5611.9,22.9531,0.21435
2026-09-11 13:28:12,5622.0,22.9218,0.21430
2026-09-11 13:28:22,5632.0,22.9687,0.21329
2026-09-11 13:28:32,5641.7,22.9609,0.21178
2026-09-11 13:28:42,5651.8,22.9531,0.21034
2026-09-11 13:28:51,5661.5,22.9531,0.20861
2026-09-11 13:29:02,5671.6,22.9687,0.20740
2026-09-11 13:29:11,5681.2,22.9687,0.20666
2026-09-11 13:29:21,5691.3,22.9609,0.20620
2026-09-11 13:29:31,5701.4,22.9531,0.20527
2026-09-11 13:29:41,5711.1,22.9531,0.20450
2026-09-11 13:29:51,5721.1,22.9687,0.20388
2026-09-11 13:30:01,5730.8,22.9687,0.20366
2026-09-11 13:30:11,5740.9,22.9609,0.20381
2026-09-11 13:30:21,5751.0,22.9687,0.20306
2026-09-11 13:30:31,5760.7,22.9765,0.20326
2026-09-11 13:30:41,5770.7,22.9531,0.20402
2026-09-11 13:30:50,5780.4,22.9531,0.20428
2026-09-11 13:31:00,5790.5,22.9531,0.20398
2026-09-11 13:31:11,5800.6,22.9609,0.20518
2026-09-11 13:31:20,5810.2,22.9765,0.20652
2026-09-11 13:31:30,5820.3,22.9765,0.20606
2026-09-11 13:31:40,5830.0,22.9687,0.20589
2026-09-11 13:31:50,5840.1,22.9687,0.20622
2026-09-11 13:32:00,5850.1,22.9765,0.20599
2026-09-11 13:32:10,5859.8,22.9765,0.20465
2026-09-11 13:32:20,5869.9,22.9609,0.20405
2026-09-11 13:32:30,5879.6,22.9687,0.20376
2026-09-11 13:32:40,5889.7,22.9609,0.20348
2026-09-11 13:32:50,5899.7,22.9609,0.20367
2026-09-11 13:32:59,5909.4,22.9687,0.20452
2026-09-11 13:33:09,5919.5,22.9765,0.20561
2026-09-11 13:33:19,5929.2,22.9765,0.20482
2026-09-11 13:33:29,5939.2,22.9609,0.20440
2026-09-11 13:33:39,5949.3,22.9921,0.20357
2026-09-11 13:33:49,5959.0,22.9687,0.20529
2026-09-11 13:33:59,5969.1,22.9921,0.20692
2026-09-11 13:34:09,5978.7,22.9765,0.20822
2026-09-11 13:34:19,5988.8,22.9765,0.20783
2026-09-11 13:34:29,5998.9,22.9921,0.20702
2026-09-11 13:34:39,6008.6,22.9921,0.20719
2026-09-11 13:34:49,6018.7,22.9765,0.20746
2026-09-11 13:34:58,6028.3,22.9921,0.20955
2026-09-11 13:35:08,6038.4,22.9609,0.21043
2026-09-11 13:35:18,6048.1,22.9843,0.20937
2026-09-11 13:35:28,6058.2,22.9921,0.20725
2026-09-11 13:35:38,6068.2,23.0000,0.20654
2026-09-11 13:35:48,6077.9,22.9843,0.20490
2026-09-11 13:35:58,6088.0,22.9765,0.20389
2026-09-11 13:36:08,6097.7,22.9843,0.20466
2026-09-11 13:36:18,6107.7,22.9843,0.20251
2026-09-11 13:36:28,6117.8,22.9843,0.20173
2026-09-11 13:36:37,6127.5,22.9843,0.20450
2026-09-11 13:36:48,6137.6,23.0000,0.20571
2026-09-11 13:36:57,6147.2,23.0078,0.20633
2026-09-11 13:37:07,6157.3,22.9921,0.20449
2026-09-11 13:37:17,6167.4,22.9843,0.20376
2026-09-11 13:37:27,6177.1,22.9843,0.20320
2026-09-11 13:37:37,6187.2,23.0078,0.20190
2026-09-11 13:37:47,6196.8,23.0000,0.20115
2026-09-11 13:37:57,6206.9,23.0000,0.19883
2026-09-11 13:38:07,6217.0,23.0000,0.19956
2026-09-11 13:38:17,6226.7,23.0000,0.19937
2026-09-11 13:38:27,6236.7,22.9921,0.19829
2026-09-11 13:38:36,6246.4,23.0000,0.20034
2026-09-11 13:38:46,6256.5,22.9921,0.20099
2026-09-11 13:38:57,6266.6,23.0078,0.20026
2026-09-11 13:39:06,6276.2,23.0000,0.19855
2026-09-11 13:39:16,6286.3,23.0000,0.19673
2026-09-11 13:39:26,6296.0,23.0000,0.19639
2026-09-11 13:39:36,6306.1,22.9921,0.19656
2026-09-11 13:39:46,6316.2,22.9921,0.19721
2026-09-11 13:39:56,6325.8,23.0078,0.19796
2026-09-11 13:40:06,6335.9,23.0078,0.19878
2026-09-11 13:40:16,6345.6,23.0078,0.19949
2026-09-11 13:40:26,6355.7,23.0078,0.20076
2026-09-11 13:40:36,6365.7,23.0000,0.20152
2026-09-11 13:40:45,6375.4,23.0078,0.20180
2026-09-11 13:40:55,6385.5,23.0156,0.20175
2026-09-11 13:41:05,6395.2,23.0078,0.20156
2026-09-11 13:41:15,6405.2,23.0078,0.20148
2026-09-11 13:41:25,6415.3,23.0078,0.20169
2026-09-11 13:41:35,6425.0,23.0234,0.20026
2026-09-11 13:41:45,6435.1,23.0078,0.19930
2026-09-11 13:41:55,6444.8,23.0078,0.19936
2026-09-11 13:42:05,6454.8,23.0156,0.19991
2026-09-11 13:42:15,6464.9,23.0078,0.20128
2026-09-11 13:42:25,6474.6,23.0078,0.20256
2026-09-11 13:42:35,6484.7,23.0234,0.20180
2026-09-11 13:42:44,6494.3,23.0000,0.20073
2026-09-11 13:42:54,6504.4,23.0078,0.20947
2026-09-11 13:43:04,6514.5,23.0156,0.21236
2026-09-11 13:43:14,6524.2,23.0156,0.20991
2026-09-11 13:43:24,6534.2,23.0234,0.20922
2026-09-11 13:43:34,6543.9,23.0078,0.21090
2026-09-11 13:43:44,6554.0,23.0078,0.21283
2026-09-11 13:43:54,6564.1,23.0000,0.21311
2026-09-11 13:44:04,6573.8,23.0078,0.21352
2026-09-11 13:44:14,6583.8,23.0156,0.21321
2026-09-11 13:44:23,6593.5,23.0078,0.21222
2026-09-11 13:44:34,6603.6,23.0156,0.20912
2026-09-11 13:44:44,6613.7,23.0000,0.21648
2026-09-11 13:44:53,6623.3,23.0312,0.21613
2026-09-11 13:45:03,6633.4,23.0156,0.21624
2026-09-11 13:45:13,6643.5,23.0234,0.21627
2026-09-11 13:45:23,6653.2,23.0234,0.21259
2026-09-11 13:45:33,6663.2,23.0156,0.21099
2026-09-11 13:45:43,6672.9,23.0234,0.21255
2026-09-11 13:45:53,6683.0,23.0234,0.21526
2026-09-11 13:46:03,6692.7,23.0312,0.21581
2026-09-11 13:46:13,6702.8,22.9921,0.21587
2026-09-11 13:46:23,6712.8,23.0234,0.21569
2026-09-11 13:46:32,6722.5,23.0234,0.21551
2026-09-11 13:46:43,6732.6,23.0312,0.21462
2026-09-11 13:46:52,6742.3,23.0234,0.21500
2026-09-11 13:47:02,6752.3,23.0234,0.21495
2026-09-11 13:47:12,6762.4,23.0390,0.21493
2026-09-11 13:47:22,6772.1,23.0312,0.21505
2026-09-11 13:47:32,6782.2,23.0312,0.21430
2026-09-11 13:47:42,6791.8,23.0312,0.21022
2026-09-11 13:47:52,6801.9,23.0390,0.20829
2026-09-11 13:48:02,6812.0,23.0468,0.20755
2026-09-11 13:48:12,6821.7,23.0312,0.20515
2026-09-11 13:48:22,6831.8,23.0312,0.20795
2026-09-11 13:48:31,6841.4,23.0468,0.21178
2026-09-11 13:48:41,6851.5,23.0390,0.21381
2026-09-11 13:48:52,6861.6,23.0312,0.21492
2026-09-11 13:49:01,6871.2,23.0546,0.21572
2026-09-11 13:49:11,6881.3,23.0390,0.21626
2026-09-11 13:49:21,6891.0,23.0390,0.21669
2026-09-11 13:49:31,6901.1,23.0468,0.21712
2026-09-11 13:49:41,6911.2,23.0546,0.21752
2026-09-11 13:49:51,6920.8,23.0546,0.21786
2026-09-11 13:50:01,6930.9,23.0390,0.21815
2026-09-11 13:50:11,6940.6,23.0390,0.21829
2026-09-11 13:50:21,6950.7,23.0468,0.21842
2026-09-11 13:50:31,6960.8,23.0468,0.21860
2026-09-11 13:50:40,6970.4,23.0468,0.21865
2026-09-11 13:50:50,6980.5,23.0546,0.21846
2026-09-11 13:51:00,6990.2,23.0703,0.21842
2026-09-11 13:51:10,7000.3,23.0703,0.21849
2026-09-11 13:51:20,7010.3,23.0234,0.21866
2026-09-11 13:51:30,7020.0,23.0546,0.21878
2026-09-11 13:51:40,7030.1,23.0312,0.21885
2026-09-11 13:51:50,7039.8,23.0546,0.21869
2026-09-11 13:52:00,7049.8,23.0546,0.21841
2026-09-11 13:52:10,7059.5,23.0703,0.21803
2026-09-11 13:52:20,7069.6,23.0546,0.21752
2026-09-11 13:52:30,7079.7,23.0703,0.21713
2026-09-11 13:52:39,7089.3,23.0859,0.21694
2026-09-11 13:52:49,7099.4,23.0781,0.21707
2026-09-11 13:52:59,7109.1,23.0546,0.21737
2026-09-11 13:53:09,7119.2,23.0546,0.21784
2026-09-11 13:53:19,7129.3,23.0468,0.21863
2026-09-11 13:53:29,7138.9,23.0703,0.21946
2026-09-11 13:53:39,7149.0,23.0703,0.22021
2026-09-11 13:53:49,7158.7,23.0703,0.22072
2026-09-11 13:53:59,7168.8,23.0859,0.22106
2026-09-11 13:54:09,7178.8,23.0468,0.22113
2026-09-11 13:54:18,7188.5,23.0703,0.22079
2026-09-11 13:54:29,7198.6,23.0859,0.22002
2026-09-11 13:54:39,7208.6,23.0703,0.21921
2026-09-11 13:54:48,7218.3,23.0703,0.21827
2026-09-11 13:54:58,7228.3,23.0781,0.21749
2026-09-11 13:55:08,7238.4,23.0703,0.21738
2026-09-11 13:55:18,7248.1,23.0703,0.21753
2026-09-11 13:55:28,7258.1,23.0781,0.21771
2026-09-11 13:55:38,7268.2,23.0859,0.21757
2026-09-11 13:55:48,7277.8,23.0781,0.21709
2026-09-11 13:55:58,7287.9,23.0703,0.21652
2026-09-11 13:56:08,7297.6,23.0703,0.21615
2026-09-11 13:56:18,7307.6,23.0859,0.21594
2026-09-11 13:56:28,7317.7,23.0937,0.21587
2026-09-11 13:56:37,7327.4,23.0859,0.21600
2026-09-11 13:56:47,7337.4,23.0703,0.21622
2026-09-11 13:56:57,7347.5,23.0781,0.21626
2026-09-11 13:57:07,7357.1,23.0937,0.21622
2026-09-11 13:57:17,7367.2,23.0781,0.21625
2026-09-11 13:57:27,7376.9,23.0937,0.21640
2026-09-11 13:57:37,7386.9,23.0781,0.21666
2026-09-11 13:57:47,7397.0,23.0859,0.21678
2026-09-11 13:57:57,7406.7,23.0859,0.21680
2026-09-11 13:58:07,7416.7,23.0937,0.21684
2026-09-11 13:58:17,7426.8,23.0859,0.21705
2026-09-11 13:58:26,7436.4,23.0781,0.21755
2026-09-11 13:58:36,7446.5,23.0859,0.21810
2026-09-11 13:58:46,7456.2,23.0781,0.21856
2026-09-11 13:58:56,7466.2,23.0937,0.21907
2026-09-11 13:59:06,7476.3,23.0937,0.21957
2026-09-11 13:59:16,7485.9,23.1015,0.21995
2026-09-11 13:59:26,7496.0,23.0937,0.22031
2026-09-11 13:59:36,7506.1,23.0937,0.22061
2026-09-11 13:59:46,7515.7,23.0781,0.22098
2026-09-11 13:59:56,7525.8,23.0781,0.22155
2026-09-11 14:00:05,7535.5,23.0781,0.22212
2026-09-11 14:00:16,7545.5,23.1015,0.22256
2026-09-11 14:00:26,7555.6,23.0859,0.22291
2026-09-11 14:00:35,7565.2,23.0937,0.22320
2026-09-11 14:00:45,7575.3,23.1015,0.22369
2026-09-11 14:00:55,7585.4,23.1015,0.22419
2026-09-11 14:01:05,7595.0,23.0937,0.22467
2026-09-11 14:01:15,7605.1,23.0937,0.22511
2026-09-11 14:01:25,7615.1,23.1015,0.22535
2026-09-11 14:01:35,7624.8,23.1093,0.22532
2026-09-11 14:01:45,7634.9,23.1015,0.22535
2026-09-11 14:01:55,7644.9,23.0937,0.22522
2026-09-11 14:02:05,7654.6,23.1093,0.22491
2026-09-11 14:02:15,7664.7,23.0937,0.22441
2026-09-11 14:02:24,7674.3,23.1015,0.22391
2026-09-11 14:02:34,7684.4,23.1171,0.22325
2026-09-11 14:02:44,7694.4,23.1015,0.22236
2026-09-11 14:02:54,7704.1,23.1093,0.22122
2026-09-11 14:03:04,7714.2,23.0937,0.21961
2026-09-11 14:03:14,7724.2,23.0859,0.21754
2026-09-11 14:03:24,7733.9,23.1015,0.21570
2026-09-11 14:03:34,7743.9,23.1015,0.21371
2026-09-11 14:03:44,7753.6,23.1093,0.21178
2026-09-11 14:03:54,7763.7,23.1015,0.20964
2026-09-11 14:04:04,7773.7,23.1015,0.20745
2026-09-11 14:04:13,7783.4,23.1093,0.20538
2026-09-11 14:04:23,7793.5,23.1015,0.20335
2026-09-11 14:04:34,7803.5,23.1171,0.20152
2026-09-11 14:04:43,7813.2,23.1328,0.19974
2026-09-11 14:04:53,7823.3,23.1093,0.19842
2026-09-11 14:05:03,7833.0,23.1093,0.19718
2026-09-11 14:05:13,7843.0,23.1015,0.19609
2026-09-11 14:05:23,7853.1,23.1171,0.19521
2026-09-11 14:05:33,7862.8,23.1015,0.19452
2026-09-11 14:05:43,7872.9,23.1015,0.19400
2026-09-11 14:05:53,7882.5,23.1171,0.19354
2026-09-11 14:06:03,7892.6,23.1171,0.19318
2026-09-11 14:06:13,7902.7,23.0859,0.19305
2026-09-11 14:06:22,7912.4,23.1250,0.19279
2026-09-11 14:06:32,7922.5,23.1093,0.19262
2026-09-11 14:06:42,7932.1,23.1015,0.19246
2026-09-11 14:06:52,7942.2,23.0937,0.19217
2026-09-11 14:07:02,7952.3,23.1093,0.19192
2026-09-11 14:07:12,7962.0,23.1093,0.19187
2026-09-11 14:07:22,7972.0,23.1093,0.19188
2026-09-11 14:07:32,7981.7,23.1171,0.19193
2026-09-11 14:07:42,7991.8,23.1171,0.19200
2026-09-11 14:07:51,8001.5,23.1015,0.19210
2026-09-11 14:08:02,8011.5,23.0937,0.19227
2026-09-11 14:08:12,8021.6,23.1171,0.19250
2026-09-11 14:08:21,8031.3,23.1015,0.19275
2026-09-11 14:08:31,8041.4,23.1015,0.19283
2026-09-11 14:08:41,8051.1,23.1093,0.19301
2026-09-11 14:08:51,8061.1,23.1015,0.19322
2026-09-11 14:09:01,8071.2,23.1015,0.19351
2026-09-11 14:09:11,8080.9,23.1093,0.19374
2026-09-11 14:09:21,8091.0,23.1093,0.19387
2026-09-11 14:09:31,8100.6,23.0859,0.19413
2026-09-11 14:09:41,8110.7,23.1093,0.19455
2026-09-11 14:09:51,8120.8,23.0937,0.19510
2026-09-11 14:10:00,8130.5,23.1171,0.19577
2026-09-11 14:10:11,8140.5,23.1171,0.19647
2026-09-11 14:10:20,8150.2,23.1250,0.19701
2026-09-11 14:10:30,8160.3,23.0937,0.19735
2026-09-11 14:10:40,8170.4,23.1015,0.19770
2026-09-11 14:10:50,8180.1,23.1093,0.19809
2026-09-11 14:11:00,8190.1,23.1250,0.19850
2026-09-11 14:11:10,8199.8,23.1093,0.19901
2026-09-11 14:11:20,8209.9,23.1093,0.19961
2026-09-11 14:11:30,8219.6,23.1093,0.20008
2026-09-11 14:11:40,8229.6,23.1250,0.20043
2026-09-11 14:11:50,8239.7,23.1171,0.20061
2026-09-11 14:11:59,8249.4,23.1250,0.20066
2026-09-11 14:12:09,8259.5,23.1015,0.20071
2026-09-11 14:12:19,8269.2,23.1171,0.20089
2026-09-11 14:12:29,8279.2,23.1093,0.20110
2026-09-11 14:12:39,8289.3,23.1015,0.20120
2026-09-11 14:12:49,8299.0,23.1250,0.20131
2026-09-11 14:12:59,8309.1,23.1093,0.20141
2026-09-11 14:13:09,8318.7,23.1015,0.20141
2026-09-11 14:13:19,8328.8,23.1093,0.20144
2026-09-11 14:13:29,8338.9,23.1093,0.20159
2026-09-11 14:13:39,8348.6,23.1093,0.20042
2026-09-11 14:13:49,8358.6,23.1093,0.19723
2026-09-11 14:13:58,8368.3,23.1015,0.20116
2026-09-11 14:14:08,8378.4,23.1015,0.20148
2026-09-11 14:14:18,8388.5,23.1250,0.20133
2026-09-11 14:14:28,8398.2,23.1093,0.20130
2026-09-11 14:14:38,8408.2,23.1171,0.20170
2026-09-11 14:14:48,8417.9,23.1093,0.20240
2026-09-11 14:14:58,8428.0,23.1171,0.20336
2026-09-11 14:15:08,8437.7,23.1250,0.20421
2026-09-11 14:15:18,8447.7,23.1015,0.20491
2026-09-11 14:15:28,8457.8,23.1406,0.20552
2026-09-11 14:15:37,8467.5,23.1171,0.20615
2026-09-11 14:15:48,8477.6,23.1171,0.20703
2026-09-11 14:15:57,8487.2,23.1171,0.20790
2026-09-11 14:16:07,8497.3,23.1171,0.20852
2026-09-11 14:16:17,8507.0,23.1093,0.20882
2026-09-11 14:16:27,8517.1,23.1406,0.20915
2026-09-11 14:16:37,8527.2,23.1328,0.20955
2026-09-11 14:16:47,8536.8,23.1328,0.21014
2026-09-11 14:16:57,8546.9,23.1328,0.21063
2026-09-11 14:17:07,8556.6,23.1250,0.21072
2026-09-11 14:17:17,8566.7,23.1328,0.21053
2026-09-11 14:17:26,8576.3,23.1171,0.21027
2026-09-11 14:17:36,8586.4,23.1250,0.20969
2026-09-11 14:17:46,8596.5,23.1406,0.20834
2026-09-11 14:17:56,8606.2,23.1328,0.20700
2026-09-11 14:18:06,8616.2,23.1484,0.20174
2026-09-11 14:18:16,8625.9,23.1406,0.19578
2026-09-11 14:18:26,8636.0,23.1484,0.18668
2026-09-11 14:18:36,8646.1,23.1328,0.18054
2026-09-11 14:18:46,8655.8,23.1328,0.17675
2026-09-11 14:18:56,8665.8,23.1328,0.17310
2026-09-11 14:19:05,8675.5,23.1171,0.16930
2026-09-11 14:19:16,8685.6,23.1484,0.16613
2026-09-11 14:19:26,8695.7,23.1328,0.16357
2026-09-11 14:19:35,8705.3,23.1328,0.16156
2026-09-11 14:19:45,8715.4,23.1484,0.16020
2026-09-11 14:19:55,8725.1,23.1328,0.15995
2026-09-11 14:20:05,8735.2,23.1406,0.16077
2026-09-11 14:20:15,8744.8,23.1406,0.16168
2026-09-11 14:20:25,8754.9,23.1406,0.16443
2026-09-11 14:20:35,8765.0,23.1328,0.16399
2026-09-11 14:20:45,8774.7,23.1328,0.16277
2026-09-11 14:20:55,8784.8,23.1171,0.15859
2026-09-11 14:21:04,8794.4,23.1250,0.16121
2026-09-11 14:21:14,8804.5,23.1406,0.16963
2026-09-11 14:21:25,8814.6,23.1406,0.18019
2026-09-11 14:21:34,8824.2,23.1328,0.18378
2026-09-11 14:21:44,8834.3,23.1328,0.15785
2026-09-11 14:21:54,8844.1,23.1406,4.13888
2026-09-11 14:22:04,8854.2,23.1406,4.13805
2026-09-11 14:22:14,8863.9,23.1484,4.13763
2026-09-11 14:22:24,8874.0,23.1953,4.13717
2026-09-11 14:22:34,8883.6,23.1953,4.13684
2026-09-11 14:22:44,8893.7,23.2265,4.13648
2026-09-11 14:22:53,8903.4,23.2421,4.13613
2026-09-11 14:23:03,8913.5,23.2734,4.13587
2026-09-11 14:23:14,8923.6,23.3125,4.13557
2026-09-11 14:23:23,8933.3,23.3281,4.13521
2026-09-11 14:23:33,8943.4,23.3359,4.13492
2026-09-11 14:23:43,8953.0,23.3593,4.13468
2026-09-11 14:23:53,8963.1,23.3984,4.13440
2026-09-11 14:24:03,8972.8,23.4140,4.13417
2026-09-11 14:24:13,8982.9,23.4453,4.13380
2026-09-11 14:24:23,8992.6,23.4453,4.13357
2026-09-11 14:24:33,9002.7,23.4687,4.13329
2026-09-11 14:24:43,9012.8,23.4921,4.13300
2026-09-11 14:24:52,9022.4,23.5156,4.13277
2026-09-11 14:25:03,9032.5,23.5468,4.13254
2026-09-11 14:25:12,9042.2,23.5546,4.13225
2026-09-11 14:25:22,9052.3,23.5781,4.13197
2026-09-11 14:25:32,9062.0,23.5781,4.13175
2026-09-11 14:25:42,9072.1,23.6015,4.13149
2026-09-11 14:25:52,9081.8,23.6250,4.13120
2026-09-11 14:26:02,9091.8,23.6171,4.13096
2026-09-11 14:26:12,9101.9,23.6328,4.13071
2026-09-11 14:26:22,9111.6,23.6406,4.13036
2026-09-11 14:26:32,9121.7,23.6328,4.13012
2026-09-11 14:26:41,9131.4,23.6796,4.12992
2026-09-11 14:26:51,9141.5,23.6718,4.12968
2026-09-11 14:27:01,9151.2,23.6953,4.12936
2026-09-11 14:27:11,9161.2,23.6953,4.12912
2026-09-11 14:27:21,9170.9,23.7265,4.12890
2026-09-11 14:27:31,9181.0,23.7031,4.12856
2026-09-11 14:27:41,9191.1,23.7421,4.12836
2026-09-11 14:27:51,9200.8,23.7421,4.12811
2026-09-11 14:28:01,9210.9,23.7343,4.12788
2026-09-11 14:28:11,9220.6,23.7578,4.12758
2026-09-11 14:28:21,9230.7,23.7578,4.12736
2026-09-11 14:28:30,9240.3,23.7500,4.12706
2026-09-11 14:28:40,9250.4,23.7734,4.12691
2026-09-11 14:28:50,9260.5,23.7890,4.12660
2026-09-11 14:29:00,9270.2,23.7890,4.12637
2026-09-11 14:29:10,9280.3,23.7890,4.12611
2026-09-11 14:29:20,9290.0,23.7968,4.12584
2026-09-11 14:29:30,9300.0,23.8046,4.12566
2026-09-11 14:29:40,9309.7,23.8125,4.12540
2026-09-11 14:29:50,9319.8,23.8203,4.12513
2026-09-11 14:29:59,9329.5,23.8203,4.12491
2026-09-11 14:30:10,9339.6,23.8203,4.12466
2026-09-11 14:30:20,9349.7,23.8359,4.12444
2026-09-11 14:30:29,9359.4,23.8281,4.12422
2026-09-11 14:30:39,9369.5,23.8359,4.12392
2026-09-11 14:30:49,9379.1,23.8281,4.12371
2026-09-11 14:30:59,9389.2,23.8515,4.12343
2026-09-11 14:31:09,9398.9,23.8515,4.12317
2026-09-11 14:31:19,9409.0,23.8359,4.12294
2026-09-11 14:31:29,9418.7,23.8281,4.12271
2026-09-11 14:31:39,9428.8,23.8359,4.12248
2026-09-11 14:31:49,9438.9,23.8359,4.12223
2026-09-11 14:31:59,9448.5,23.8515,4.12198
2026-09-11 14:32:09,9458.6,23.8515,4.12174
2026-09-11 14:32:18,9468.3,23.8515,4.12151
2026-09-11 14:32:28,9478.4,23.8437,4.12130
2026-09-11 14:32:38,9488.1,23.8437,4.12100
2026-09-11 14:32:48,9498.2,23.8515,4.12079
2026-09-11 14:32:58,9507.9,23.8671,4.12057
2026-09-11 14:33:08,9517.9,23.8515,4.12031
2026-09-11 14:33:18,9528.0,23.8593,4.12006
2026-09-11 14:33:28,9537.7,23.8593,4.11992
2026-09-11 14:33:38,9547.8,23.8671,4.11967
2026-09-11 14:33:47,9557.5,23.8437,4.11940
2026-09-11 14:33:58,9567.6,23.8593,4.11914
2026-09-11 14:34:07,9577.2,23.8515,4.11895
2026-09-11 14:34:17,9587.3,23.8515,4.11871
2026-09-11 14:34:27,9597.0,23.8515,4.11847
2026-09-11 14:34:37,9607.1,23.8593,4.11821
2026-09-11 14:34:47,9617.2,23.8671,4.11793
2026-09-11 14:34:57,9626.9,23.8515,4.11779
2026-09-11 14:35:07,9637.0,23.8828,4.11753
2026-09-11 14:35:17,9646.7,23.8515,4.11719
2026-09-11 14:35:27,9656.8,23.8671,4.11702
2026-09-11 14:35:36,9666.4,23.8593,4.11683
2026-09-11 14:35:47,9676.5,23.8515,4.11656
2026-09-11 14:35:56,9686.2,23.8515,4.11640
2026-09-11 14:36:06,9696.3,23.8671,4.11613
2026-09-11 14:36:16,9706.4,23.8515,4.11588
2026-09-11 14:36:26,9716.1,23.8593,4.11567
2026-09-11 14:36:36,9726.1,23.8750,4.11540
2026-09-11 14:36:46,9735.8,23.8671,4.11519
2026-09-11 14:36:56,9745.9,23.8671,4.11499
2026-09-11 14:37:06,9755.6,23.8750,4.11468
2026-09-11 14:37:16,9765.7,23.8750,4.11452
2026-09-11 14:37:26,9775.8,23.8671,4.11428
2026-09-11 14:37:35,9785.5,23.8750,4.11406
2026-09-11 14:37:46,9795.5,23.8750,4.11380
2026-09-11 14:37:55,9805.2,23.8750,4.11363
2026-09-11 14:38:05,9815.3,23.8750,4.11334
2026-09-11 14:38:15,9825.0,23.8750,4.11316
2026-09-11 14:38:25,9835.1,23.8593,4.11286
2026-09-11 14:38:35,9845.2,23.8906,4.11265
2026-09-11 14:38:45,9854.9,23.8906,4.11239
2026-09-11 14:38:55,9865.0,23.8671,4.11220
2026-09-11 14:39:05,9874.6,23.8828,4.11193
2026-09-11 14:39:15,9884.7,23.8906,4.11180
2026-09-11 14:39:24,9894.4,23.8906,4.11152
2026-09-11 14:39:34,9904.5,23.8906,4.11127
2026-09-11 14:39:45,9914.6,23.8750,4.11102
2026-09-11 14:39:54,9924.3,23.9062,4.11079
2026-09-11 14:40:04,9934.4,23.9062,4.11063
2026-09-11 14:40:14,9944.0,23.9140,4.11038
2026-09-11 14:40:24,9954.1,23.8828,4.11013
2026-09-11 14:40:34,9963.8,23.9062,4.10992
2026-09-11 14:40:44,9973.9,23.9062,4.10965
2026-09-11 14:40:54,9983.6,23.9062,4.10941
2026-09-11 14:41:04,9993.7,23.9140,4.10927
2026-09-11 14:41:14,10003.8,23.9062,4.10901
2026-09-11 14:41:23,10013.4,23.9218,4.10877
2026-09-11 14:41:34,10023.5,23.9218,4.10855
2026-09-11 14:41:43,10033.2,23.9218,4.10838
2026-09-11 14:41:53,10043.3,23.9218,4.10806
2026-09-11 14:42:03,10053.4,23.9218,4.10790
2026-09-11 14:42:13,10063.1,23.9218,4.10765
2026-09-11 14:42:23,10073.2,23.9140,4.10746
2026-09-11 14:42:33,10082.8,23.9296,4.10718
2026-09-11 14:42:43,10092.9,23.9296,4.10694
2026-09-11 14:42:53,10102.6,23.9296,4.10671
2026-09-11 14:43:03,10112.7,23.9296,4.10656
2026-09-11 14:43:12,10122.4,23.9296,4.10635
2026-09-11 14:43:22,10132.5,23.9218,4.10607
2026-09-11 14:43:33,10142.6,23.9140,4.10581
2026-09-11 14:43:42,10152.2,23.9296,4.10559
2026-09-11 14:43:52,10162.3,23.9453,4.10543
2026-09-11 14:44:02,10172.0,23.9296,4.10520
2026-09-11 14:44:12,10182.1,23.9296,4.10497
2026-09-11 14:44:22,10191.8,23.9375,4.10473
2026-09-11 14:44:32,10201.9,23.9375,4.10443
2026-09-11 14:44:42,10212.0,23.9218,4.10426
2026-09-11 14:44:52,10221.6,23.9218,4.10404
2026-09-11 14:45:02,10231.7,23.9296,4.10382
2026-09-11 14:45:11,10241.4,23.9375,4.10363
2026-09-11 14:45:21,10251.5,23.9375,4.10343
2026-09-11 14:45:32,10261.6,23.9296,4.10317
2026-09-11 14:45:41,10271.3,23.9375,4.10294
2026-09-11 14:45:51,10281.4,23.9296,4.10268
2026-09-11 14:46:01,10291.0,23.9296,4.10252
2026-09-11 14:46:11,10301.1,23.9375,4.10224
2026-09-11 14:46:21,10310.8,23.9296,4.10203
2026-09-11 14:46:31,10320.9,23.9296,4.10180
2026-09-11 14:46:41,10330.6,23.9218,4.10161
2026-09-11 14:46:51,10340.7,23.9218,4.10134
2026-09-11 14:47:01,10350.8,23.9609,4.10110
2026-09-11 14:47:10,10360.5,23.9296,4.10087
2026-09-11 14:47:21,10370.5,23.9453,4.10063
2026-09-11 14:47:30,10380.2,23.9218,4.10049
2026-09-11 14:47:40,10390.3,23.9218,4.10021
2026-09-11 14:47:50,10400.0,23.9375,4.10005
2026-09-11 14:48:00,10410.1,23.9296,4.09981
2026-09-11 14:48:10,10420.2,23.9375,4.09953
2026-09-11 14:48:20,10429.8,23.9296,4.09938
2026-09-11 14:48:30,10439.9,23.9453,4.09913
2026-09-11 14:48:40,10449.6,23.9453,4.09895
2026-09-11 14:48:50,10459.7,23.9453,4.09875
2026-09-11 14:48:59,10469.4,23.9375,4.09849
2026-09-11 14:49:09,10479.5,23.9453,4.09823
2026-09-11 14:49:20,10489.6,23.9375,4.09803
2026-09-11 14:49:29,10499.2,23.9296,4.09774
2026-09-11 14:49:39,10509.3,23.9218,4.09753
2026-09-11 14:49:49,10519.0,23.9062,4.09735
2026-09-11 14:49:59,10529.1,23.9296,4.09714
2026-09-11 14:50:09,10538.8,23.9531,4.09697
2026-09-11 14:50:19,10548.9,23.9296,4.09673
2026-09-11 14:50:29,10558.6,23.9375,4.09646
2026-09-11 14:50:39,10568.7,23.9375,4.09621
2026-09-11 14:50:49,10578.7,23.9375,4.09598
2026-09-11 14:50:58,10588.4,23.9375,4.09580
2026-09-11 14:51:09,10598.5,23.9296,4.09558
2026-09-11 14:51:18,10608.2,23.9609,4.09538
2026-09-11 14:51:28,10618.3,23.9375,4.09517
2026-09-11 14:51:38,10628.0,23.9375,4.09490
2026-09-11 14:51:48,10638.1,23.9453,4.09470
2026-09-11 14:51:58,10648.1,23.9453,4.09452
2026-09-11 14:52:08,10657.8,23.9375,4.09429
2026-09-11 14:52:18,10667.9,23.9609,4.09409
2026-09-11 14:52:28,10677.6,23.9531,4.09379
2026-09-11 14:52:38,10687.7,23.9531,4.09364
2026-09-11 14:52:47,10697.4,23.9609,4.09342
2026-09-11 14:52:57,10707.5,23.9531,4.09319
2026-09-11 14:53:07,10717.1,23.9453,4.09296
2026-09-11 14:53:17,10727.2,23.9375,4.09276
2026-09-11 14:53:27,10737.3,23.9453,4.09257
2026-09-11 14:53:37,10747.0,23.9531,4.09230
2026-09-11 14:53:47,10757.1,23.9531,4.09205
2026-09-11 14:53:57,10766.8,23.9531,4.09194
2026-09-11 14:54:07,10776.9,23.9531,4.09167
2026-09-11 14:54:17,10786.5,23.9609,4.09142
2026-09-11 14:54:27,10796.6,23.9609,4.09127
2026-09-11 14:54:37,10806.7,23.9687,4.09105
2026-09-11 14:54:46,10816.4,23.9531,4.09076
2026-09-11 14:54:56,10826.5,23.9453,4.09058
2026-09-11 14:55:06,10836.2,23.9531,4.09040
2026-09-11 14:55:16,10846.3,23.9609,4.09013
2026-09-11 14:55:26,10855.9,23.9765,4.09001
2026-09-11 14:55:36,10866.0,23.9531,4.08974
2026-09-11 14:55:46,10876.1,23.9687,4.08951
2026-09-11 14:55:56,10885.8,23.9609,4.08934
2026-09-11 14:56:06,10895.9,23.9609,4.08912
2026-09-11 14:56:16,10905.6,23.9609,4.08887
2026-09-11 14:56:26,10915.7,23.9687,4.08872
2026-09-11 14:56:35,10925.3,23.9609,4.08841
2026-09-11 14:56:45,10935.4,23.9687,4.08825
2026-09-11 14:56:56,10945.5,23.9687,4.08808
2026-09-11 14:57:05,10955.2,23.9843,4.08776
2026-09-11 14:57:15,10965.3,23.9609,4.08765
2026-09-11 14:57:25,10975.0,23.9765,4.08740
2026-09-11 14:57:35,10985.1,23.9921,4.08715
2026-09-11 14:57:45,10994.8,23.9609,4.08698
2026-09-11 14:57:55,11004.8,23.9609,4.08673
2026-09-11 14:58:05,11014.5,23.9687,4.08660
2026-09-11 14:58:15,11024.6,23.9531,4.08631
2026-09-11 14:58:25,11034.7,23.9765,4.08614
2026-09-11 14:58:34,11044.4,23.9609,4.08591
2026-09-11 14:58:44,11054.5,23.9609,4.08573
2026-09-11 14:58:54,11064.2,23.9609,4.08552
2026-09-11 14:59:04,11074.2,23.9765,4.08531
2026-09-11 14:59:14,11083.9,23.9687,4.08513
2026-09-11 14:59:24,11094.0,23.9687,4.08489
2026-09-11 14:59:34,11104.1,23.9609,4.08476
2026-09-11 14:59:44,11113.8,23.9609,4.08449
2026-09-11 14:59:54,11123.9,23.9609,4.08432
2026-09-11 15:00:04,11133.5,23.9609,4.08404
2026-09-11 15:00:14,11143.6,23.9921,4.08389
2026-09-11 15:00:23,11153.3,23.9765,4.08371
2026-09-11 15:00:33,11163.4,23.9687,4.08352
2026-09-11 15:00:43,11173.1,23.9843,4.08329
2026-09-11 15:00:53,11183.2,23.9687,4.08310
2026-09-11 15:01:03,11192.9,23.9843,4.08294
2026-09-11 15:01:13,11203.0,23.9609,4.08268
2026-09-11 15:01:23,11213.0,23.9687,4.08247
2026-09-11 15:01:33,11222.7,23.9687,4.08227
2026-09-11 15:01:43,11232.8,23.9609,4.08212
2026-09-11 15:01:52,11242.5,23.9609,4.08185
2026-09-11 15:02:03,11252.6,23.9609,4.08176
2026-09-11 15:02:12,11262.3,23.9609,4.08153
2026-09-11 15:02:22,11272.4,23.9765,4.08131
2026-09-11 15:02:32,11282.4,23.9843,4.08111
2026-09-11 15:02:42,11292.1,23.9921,4.08088
2026-09-11 15:02:52,11302.2,23.9687,4.08076
2026-09-11 15:03:02,11311.9,23.9843,4.08049
2026-09-11 15:03:12,11322.0,23.9843,4.08037
2026-09-11 15:03:22,11331.7,23.9843,4.08020
2026-09-11 15:03:32,11341.8,23.9843,4.07998
2026-09-11 15:03:42,11351.8,23.9843,4.07982
2026-09-11 15:03:52,11361.5,23.9843,4.07960
2026-09-11 15:04:02,11371.6,23.9765,4.07945
2026-09-11 15:04:11,11381.3,23.9765,4.07931
2026-09-11 15:04:21,11391.4,23.9687,4.07905
2026-09-11 15:04:31,11401.1,23.9765,4.07892
2026-09-11 15:04:41,11411.2,23.9843,4.07874
2026-09-11 15:04:51,11421.2,23.9765,4.07852
2026-09-11 15:05:01,11430.9,23.9921,4.07837
2026-09-11 15:05:11,11441.0,23.9921,4.07817
2026-09-11 15:05:21,11450.7,23.9843,4.07799
2026-09-11 15:05:31,11460.8,23.9843,4.07789
2026-09-11 15:05:40,11470.5,23.9843,4.07772
2026-09-11 15:05:51,11480.6,23.9687,4.07747
2026-09-11 15:06:00,11490.2,23.9921,4.07732
2026-09-11 15:06:10,11500.3,23.9921,4.07722
2026-09-11 15:06:20,11510.4,23.9921,4.07702
2026-09-11 15:06:30,11520.1,23.9921,4.07685
2026-09-11 15:06:40,11530.2,23.9843,4.07675
2026-09-11 15:06:50,11539.9,23.9921,4.07658
2026-09-11 15:07:00,11550.0,23.9843,4.07638
2026-09-11 15:07:10,11560.0,24.0000,4.07634
2026-09-11 15:07:20,11569.7,24.0078,4.07615
2026-09-11 15:07:30,11579.8,23.9843,4.07596
2026-09-11 15:07:39,11589.5,24.0000,4.07581
2026-09-11 15:07:50,11599.6,24.0000,4.07572
2026-09-11 15:07:59,11609.3,24.0078,4.07559
2026-09-11 15:08:09,11619.4,24.0000,4.07539
2026-09-11 15:08:19,11629.5,24.0234,4.07532
2026-09-11 15:08:29,11639.1,24.0078,4.07518
2026-09-11 15:08:39,11649.2,24.0234,4.07505
2026-09-11 15:08:49,11658.9,24.0078,4.07490
2026-09-11 15:08:59,11669.0,24.0078,4.07471
2026-09-11 15:09:09,11678.7,24.0312,4.07461
2026-09-11 15:09:19,11688.8,24.0000,4.07454
2026-09-11 15:09:28,11698.5,24.0234,4.07441
2026-09-11 15:09:39,11708.5,24.0000,4.07420
2026-09-11 15:09:49,11718.6,24.0000,4.07408
2026-09-11 15:09:58,11728.3,24.0078,4.07400
2026-09-11 15:10:08,11738.4,24.0312,4.07389
2026-09-11 15:10:18,11748.1,24.0390,4.07377
2026-09-11 15:10:28,11758.2,24.0390,4.07355
2026-09-11 15:10:38,11767.9,24.0234,4.07345
2026-09-11 15:10:48,11777.9,24.0312,4.07330
2026-09-11 15:10:58,11788.0,24.0234,4.07325
2026-09-11 15:11:08,11797.7,24.0312,4.07310
2026-09-11 15:11:18,11807.8,24.0390,4.07298
2026-09-11 15:11:27,11817.5,24.0468,4.07286
2026-09-11 15:11:38,11827.6,24.0390,4.07268
2026-09-11 15:11:47,11837.2,24.0312,4.07253
2026-09-11 15:11:57,11847.3,24.0312,4.07246
2026-09-11 15:12:07,11857.0,24.0312,4.07231
2026-09-11 15:12:17,11867.1,24.0546,4.07223
2026-09-11 15:12:27,11877.2,24.0468,4.07205
2026-09-11 15:12:37,11886.9,24.0468,4.07195
2026-09-11 15:12:47,11897.0,24.0546,4.07171
2026-09-11 15:12:57,11906.7,24.0468,4.07161
2026-09-11 15:13:07,11916.8,24.0468,4.07147
2026-09-11 15:13:16,11926.4,24.0468,4.07137
2026-09-11 15:13:27,11936.5,24.0468,4.07124
2026-09-11 15:13:36,11946.2,24.0390,4.07114
2026-09-11 15:13:46,11956.3,24.0468,4.07101
2026-09-11 15:13:56,11966.4,24.0312,4.07087
2026-09-11 15:14:06,11976.1,24.0390,4.07076
2026-09-11 15:14:16,11986.1,24.0546,4.07056
2026-09-11 15:14:26,11995.8,24.0546,4.07043
2026-09-11 15:14:36,12005.9,24.0468,4.07025
2026-09-11 15:14:46,12015.6,24.0625,4.07015
2026-09-11 15:14:56,12025.7,24.0546,4.06997
2026-09-11 15:15:06,12035.8,24.0625,4.06984
2026-09-11 15:15:15,12045.5,24.0625,4.06969
2026-09-11 15:15:26,12055.5,24.0859,4.06960
2026-09-11 15:15:35,12065.2,24.0781,4.06941
2026-09-11 15:15:45,12075.3,24.0625,4.06930
2026-09-11 15:15:55,12085.0,24.0468,4.06918
2026-09-11 15:16:05,12095.1,24.0625,4.06905
2026-09-11 15:16:15,12104.8,24.0703,4.06887
2026-09-11 15:16:25,12114.9,24.0625,4.06877
2026-09-11 15:16:35,12125.0,24.0546,4.06862
2026-09-11 15:16:45,12134.6,24.0625,4.06844
2026-09-11 15:16:55,12144.7,24.0546,4.06835
2026-09-11 15:17:04,12154.4,24.0703,4.06816
2026-09-11 15:17:14,12164.5,24.0703,4.06806
2026-09-11 15:17:24,12174.2,24.0625,4.06787
2026-09-11 15:17:34,12184.3,24.0546,4.06774
2026-09-11 15:17:44,12194.0,24.0703,4.06758
2026-09-11 15:17:54,12204.0,24.0703,4.06743
2026-09-11 15:18:04,12214.1,24.0703,4.06728
2026-09-11 15:18:14,12223.8,24.0546,4.06716
2026-09-11 15:18:24,12233.9,24.0625,4.06701
2026-09-11 15:18:34,12243.6,24.0625,4.06679
2026-09-11 15:18:44,12253.7,24.0468,4.06667
2026-09-11 15:18:53,12263.3,24.0468,4.06648
2026-09-11 15:19:03,12273.4,24.0546,4.06637
2026-09-11 15:19:14,12283.5,24.0546,4.06619
2026-09-11 15:19:23,12293.2,24.0625,4.06603
2026-09-11 15:19:33,12303.3,24.0546,4.06586
2026-09-11 15:19:43,12313.0,24.0468,4.06573
2026-09-11 15:19:53,12323.1,24.0468,4.06556
2026-09-11 15:20:03,12332.8,24.0546,4.06549
2026-09-11 15:20:13,12342.8,24.0468,4.06530
2026-09-11 15:20:23,12352.5,24.0703,4.06517
2026-09-11 15:20:33,12362.6,24.0546,4.06504
2026-09-11 15:20:43,12372.7,24.0468,4.06486
2026-09-11 15:20:52,12382.4,24.0390,4.06467
2026-09-11 15:21:02,12392.5,24.0546,4.06452
2026-09-11 15:21:12,12402.2,24.0703,4.06429
2026-09-11 15:21:22,12412.2,24.0625,4.06415
2026-09-11 15:21:32,12421.9,24.0546,4.06401
2026-09-11 15:21:42,12432.0,24.0546,4.06385
2026-09-11 15:21:52,12441.7,24.0703,4.06375
2026-09-11 15:22:02,12451.8,24.0625,4.06356
2026-09-11 15:22:11,12461.5,24.0781,4.06338
2026-09-11 15:22:22,12471.6,24.0546,4.06316
2026-09-11 15:22:32,12481.6,24.0625,4.06302
2026-09-11 15:22:41,12491.3,24.0703,4.06282
2026-09-11 15:22:51,12501.4,24.0546,4.06267
2026-09-11 15:23:01,12511.1,24.0468,4.06255
2026-09-11 15:23:11,12521.2,24.0625,4.06236
2026-09-11 15:23:21,12530.9,24.0546,4.06217
2026-09-11 15:23:31,12541.0,24.0625,4.06197
2026-09-11 15:23:41,12551.0,24.0703,4.06179
2026-09-11 15:23:51,12560.7,24.0625,4.06160
2026-09-11 15:24:01,12570.8,24.0625,4.06146
2026-09-11 15:24:10,12580.5,24.0781,4.06132
2026-09-11 15:24:21,12590.6,24.0781,4.06115
2026-09-11 15:24:30,12600.3,24.0625,4.06092
2026-09-11 15:24:40,12610.4,24.0546,4.06072
2026-09-11 15:24:50,12620.5,24.0781,4.06050
2026-09-11 15:25:00,12630.1,24.0781,4.06040
2026-09-11 15:25:10,12640.2,24.0703,4.06022
2026-09-11 15:25:20,12649.9,24.0781,4.06000
2026-09-11 15:25:30,12660.0,24.0781,4.05979
2026-09-11 15:25:40,12669.7,24.0625,4.05962
2026-09-11 15:25:50,12679.8,24.0703,4.05945
2026-09-11 15:26:00,12689.8,24.0703,4.05925
2026-09-11 15:26:10,12699.5,24.0703,4.05904
2026-09-11 15:26:20,12709.6,24.0781,4.05879
2026-09-11 15:26:29,12719.3,24.0781,4.05865
2026-09-11 15:26:39,12729.4,24.0703,4.05848
2026-09-11 15:26:49,12739.1,24.0859,4.05822
2026-09-11 15:26:59,12749.2,24.0859,4.05801
2026-09-11 15:27:09,12758.8,24.0859,4.05783
2026-09-11 15:27:19,12768.9,24.0703,4.05767
2026-09-11 15:27:29,12779.0,24.0781,4.05746
2026-09-11 15:27:39,12788.7,24.0781,4.05718
2026-09-11 15:27:49,12798.8,24.0781,4.05691
2026-09-11 15:27:58,12808.5,24.0703,4.05682
2026-09-11 15:28:09,12818.6,24.0859,4.05657
2026-09-11 15:28:18,12828.2,24.0781,4.05630
2026-09-11 15:28:28,12838.3,24.0859,4.05608
2026-09-11 15:28:38,12848.4,24.0781,4.05588
2026-09-11 15:28:48,12858.1,24.0781,4.05566
2026-09-11 15:28:58,12868.2,24.1015,4.05540
2026-09-11 15:29:08,12877.9,24.0781,4.05518
2026-09-11 15:29:18,12888.0,24.0859,4.05500
2026-09-11 15:29:28,12897.7,24.1015,4.05470
2026-09-11 15:29:38,12907.7,24.0937,4.05443
2026-09-11 15:29:48,12917.8,24.0859,4.05419
2026-09-11 15:29:58,12927.5,24.1015,4.05396
2026-09-11 15:30:08,12937.6,24.0937,4.05367
2026-09-11 15:30:17,12947.3,24.0937,4.05349
2026-09-11 15:30:27,12957.4,24.1015,4.05326
2026-09-11 15:30:37,12967.1,24.1015,4.05293
2026-09-11 15:30:47,12977.1,24.1015,4.05264
2026-09-11 15:30:57,12987.2,24.1015,4.05242
2026-09-11 15:31:07,12996.9,24.0937,4.05214
2026-09-11 15:31:17,13007.0,24.0781,4.05184
2026-09-11 15:31:27,13016.7,24.1093,4.05164
2026-09-11 15:31:37,13026.8,24.1015,4.05136
2026-09-11 15:31:46,13036.5,24.1171,4.05100
2026-09-11 15:31:57,13046.5,24.1015,4.05079
2026-09-11 15:32:06,13056.2,24.1093,4.05050
2026-09-11 15:32:16,13066.3,24.1093,4.05014
2026-09-11 15:32:26,13076.4,24.1093,4.04994
2026-09-11 15:32:36,13086.1,24.1015,4.04965
2026-09-11 15:32:46,13096.2,24.1171,4.04929
2026-09-11 15:32:56,13105.9,24.0937,4.04910
2026-09-11 15:33:06,13116.0,24.1015,4.04876
2026-09-11 15:33:16,13125.6,24.0937,4.04843
2026-09-11 15:33:26,13135.7,24.1171,4.04816
2026-09-11 15:33:36,13145.8,24.0937,4.04786
2026-09-11 15:33:45,13155.5,24.1093,4.04752
2026-09-11 15:33:56,13165.6,24.0937,4.04727
2026-09-11 15:34:05,13175.3,24.0937,4.04687
2026-09-11 15:34:15,13185.3,24.0937,4.04658
2026-09-11 15:34:25,13195.4,24.1093,4.04633
2026-09-11 15:34:35,13205.1,24.0937,4.04595
2026-09-11 15:34:45,13215.2,24.1171,4.04567
2026-09-11 15:34:55,13224.9,24.1093,4.04534
2026-09-11 15:35:05,13235.0,24.1015,4.04496
2026-09-11 15:35:15,13244.7,24.1093,4.04471
2026-09-11 15:35:25,13254.8,24.1015,4.04431
2026-09-11 15:35:35,13264.8,24.0859,4.04400
2026-09-11 15:35:45,13274.5,24.1015,4.04370
2026-09-11 15:35:55,13284.6,24.0937,4.04334
2026-09-11 15:36:04,13294.3,24.1015,4.04309
2026-09-11 15:36:14,13304.4,24.0937,4.04269
2026-09-11 15:36:24,13314.1,24.1093,4.04239
2026-09-11 15:36:34,13324.2,24.1015,4.04204
2026-09-11 15:36:44,13334.2,24.1093,4.04163
2026-09-11 15:36:54,13343.9,24.1015,4.04140
2026-09-11 15:37:04,13354.0,24.0859,4.04096
2026-09-11 15:37:14,13363.7,24.1093,4.04071
2026-09-11 15:37:24,13373.8,24.1093,4.04034
2026-09-11 15:37:33,13383.5,24.1093,4.04000
2026-09-11 15:37:44,13393.5,24.1171,4.03966
2026-09-11 15:37:54,13403.6,24.1015,4.03923
2026-09-11 15:38:03,13413.3,24.1093,4.03900
2026-09-11 15:38:13,13423.4,24.0937,4.03858
2026-09-11 15:38:23,13433.1,24.1015,4.03828
2026-09-11 15:38:33,13443.2,24.1015,4.03790
2026-09-11 15:38:43,13452.9,24.1015,4.03761
2026-09-11 15:38:53,13463.0,24.0937,4.03720
2026-09-11 15:39:03,13472.6,24.0937,4.03685
2026-09-11 15:39:13,13482.7,24.0937,4.03650
2026-09-11 15:39:23,13492.8,24.1093,4.03611
2026-09-11 15:39:32,13502.5,24.0937,4.03581
2026-09-11 15:39:43,13512.6,24.1015,4.03538
2026-09-11 15:39:52,13522.3,24.0937,4.03511
2026-09-11 15:40:02,13532.4,24.0937,4.03470
2026-09-11 15:40:12,13542.4,24.1015,4.03441
2026-09-11 15:40:22,13552.1,24.1171,4.03399
2026-09-11 15:40:32,13562.2,24.1093,4.03371
2026-09-11 15:40:42,13571.9,24.1015,4.03329
2026-09-11 15:40:52,13582.0,24.1093,4.03297
2026-09-11 15:41:02,13591.7,24.1171,4.03253
2026-09-11 15:41:12,13601.8,24.1093,4.03226
2026-09-11 15:41:21,13611.4,24.1171,4.03183
2026-09-11 15:41:32,13621.5,24.1171,4.03155
2026-09-11 15:41:42,13631.6,24.1250,4.03112
2026-09-11 15:41:51,13641.3,24.1015,4.03086
2026-09-11 15:42:01,13651.4,24.1171,4.03043
2026-09-11 15:42:11,13661.1,24.1093,4.03015
2026-09-11 15:42:21,13671.2,24.1093,4.02971
2026-09-11 15:42:31,13680.8,24.1015,4.02943
2026-09-11 15:42:41,13690.9,24.1171,4.02900
2026-09-11 15:42:51,13700.6,24.1093,4.02869
2026-09-11 15:43:01,13710.7,24.1171,4.02832
2026-09-11 15:43:11,13720.8,24.1093,4.02801
2026-09-11 15:43:20,13730.5,24.1093,4.02766
2026-09-11 15:43:31,13740.6,24.1171,4.02730
2026-09-11 15:43:40,13750.2,24.0937,4.02697
2026-09-11 15:43:50,13760.3,24.1171,4.02658
2026-09-11 15:44:00,13770.0,24.1250,4.02629
2026-09-11 15:44:10,13780.1,24.1171,4.02586
2026-09-11 15:44:20,13790.2,24.1015,4.02557
2026-09-11 15:44:30,13799.9,24.1171,4.02511
2026-09-11 15:44:40,13810.0,24.1250,4.02485
2026-09-11 15:44:50,13819.7,24.1093,4.02449
2026-09-11 15:45:00,13829.7,24.1171,4.02415
2026-09-11 15:45:09,13839.4,24.1093,4.02383
2026-09-11 15:45:20,13849.5,24.1093,4.02339
2026-09-11 15:45:29,13859.2,24.1250,4.02314
2026-09-11 15:45:39,13869.3,24.1171,4.02272
2026-09-11 15:45:49,13879.0,24.1093,4.02245
2026-09-11 15:45:59,13889.0,24.1015,4.02208
2026-09-11 15:46:09,13899.1,24.1250,4.02174
2026-09-11 15:46:19,13908.8,24.0937,4.02145
2026-09-11 15:46:29,13918.9,24.1093,4.02103
2026-09-11 15:46:39,13928.6,24.1015,4.02072
2026-09-11 15:46:49,13938.7,24.1093,4.02032
2026-09-11 15:46:58,13948.4,24.1171,4.02002
2026-09-11 15:47:08,13958.5,24.1093,4.01973
2026-09-11 15:47:19,13968.5,24.1171,4.01936
2026-09-11 15:47:28,13978.2,24.1015,4.01905
2026-09-11 15:47:38,13988.3,24.0937,4.01866
2026-09-11 15:47:48,13998.0,24.1171,4.01836
2026-09-11 15:47:58,14008.1,24.1093,4.01805
2026-09-11 15:48:08,14017.8,24.1250,4.01769
2026-09-11 15:48:18,14027.9,24.1015,4.01743
2026-09-11 15:48:28,14037.5,24.1015,4.01711
2026-09-11 15:48:38,14047.6,24.1015,4.01674
2026-09-11 15:48:47,14057.3,24.1015,4.01646
2026-09-11 15:48:57,14067.4,24.1015,4.01610
2026-09-11 15:49:07,14077.5,24.1093,4.01577
2026-09-11 15:49:17,14087.2,24.1250,4.01548
2026-09-11 15:49:27,14097.2,24.1015,4.01510
2026-09-11 15:49:37,14106.9,24.1250,4.01485
2026-09-11 15:49:47,14117.0,24.1015,4.01454
2026-09-11 15:49:57,14126.7,24.1250,4.01415
2026-09-11 15:50:07,14136.8,24.1250,4.01388
2026-09-11 15:50:17,14146.9,24.1093,4.01353
2026-09-11 15:50:27,14156.6,24.1093,4.01324
2026-09-11 15:50:37,14166.7,24.1171,4.01297
2026-09-11 15:50:46,14176.3,24.1171,4.01267
2026-09-11 15:50:56,14186.4,24.1171,4.01229
2026-09-11 15:51:06,14196.1,24.1015,4.01206
2026-09-11 15:51:16,14206.2,24.1171,4.01172
2026-09-11 15:51:26,14215.9,24.1328,4.01140
2026-09-11 15:51:36,14226.0,24.1093,4.01112
2026-09-11 15:51:46,14236.1,24.1171,4.01079
2026-09-11 15:51:56,14245.8,24.1015,4.01050
2026-09-11 15:52:06,14255.8,24.1171,4.01022
2026-09-11 15:52:16,14265.5,24.1093,4.00998
2026-09-11 15:52:26,14275.6,24.1328,4.00958
2026-09-11 15:52:35,14285.3,24.1015,4.00930
2026-09-11 15:52:45,14295.4,24.1015,4.00908
2026-09-11 15:52:55,14305.5,24.1171,4.00871
2026-09-11 15:53:05,14315.1,24.0937,4.00841
2026-09-11 15:53:15,14325.2,24.1171,4.00822
2026-09-11 15:53:25,14334.9,24.1171,4.00787
2026-09-11 15:53:35,14345.0,24.1015,4.00754
2026-09-11 15:53:45,14354.7,24.1171,4.00731
2026-09-11 15:53:55,14364.8,24.1093,4.00707
2026-09-11 15:54:05,14374.9,24.1171,4.00668
2026-09-11 15:54:15,14384.5,24.0859,4.00642
2026-09-11 15:54:25,14394.6,24.1015,4.00622
2026-09-11 15:54:34,14404.3,24.1093,4.00593
2026-09-11 15:54:44,14414.4,24.1015,4.00559
2026-09-11 15:54:54,14424.1,24.1093,4.00536
2026-09-11 15:55:04,14434.2,24.1171,4.00509
2026-09-11 15:55:14,14443.9,24.1093,4.00480
2026-09-11 15:55:24,14454.0,24.0859,4.00450
2026-09-11 15:55:34,14464.0,24.1171,4.00429
2026-09-11 15:55:44,14473.7,24.1328,4.00402
2026-09-11 15:55:54,14483.8,24.1015,4.00363
2026-09-11 15:56:03,14493.5,24.0937,4.00340
2026-09-11 15:56:14,14503.6,24.0937,4.00320
2026-09-11 15:56:23,14513.3,24.1015,4.00294
2026-09-11 15:56:33,14523.4,24.1015,4.00260
2026-09-11 15:56:43,14533.4,24.1171,4.00235
2026-09-11 15:56:53,14543.1,24.1015,4.00215
2026-09-11 15:57:03,14553.2,24.1015,4.00186
2026-09-11 15:57:13,14562.9,24.0937,4.00162
2026-09-11 15:57:23,14573.0,24.1093,4.00132
2026-09-11 15:57:33,14583.1,24.1093,4.00110
2026-09-11 15:57:43,14592.8,24.1171,4.00088
2026-09-11 15:57:53,14602.8,24.1015,4.00052
2026-09-11 15:58:03,14612.5,24.1171,4.00025
2026-09-11 15:58:13,14622.6,24.1015,4.00006
2026-09-11 15:58:22,14632.3,24.1093,3.99982
2026-09-11 15:58:32,14642.4,24.1015,3.99960
2026-09-11 15:58:42,14652.5,24.1015,3.99928
2026-09-11 15:58:52,14662.2,24.1093,3.99902
2026-09-11 15:59:02,14672.2,24.0937,3.99881
2026-09-11 15:59:12,14681.9,24.0937,3.99861
2026-09-11 15:59:22,14692.0,24.0781,3.99828
2026-09-11 15:59:32,14701.7,24.0781,3.99802
2026-09-11 15:59:42,14711.8,24.1093,3.99784
2026-09-11 15:59:51,14721.5,24.1093,3.99758
2026-09-11 16:00:02,14731.6,24.0937,3.99741
2026-09-11 16:00:12,14741.6,24.1015,3.99707
2026-09-11 16:00:21,14751.3,24.0781,3.99682
2026-09-11 16:00:31,14761.4,24.0859,3.99662
2026-09-11 16:00:41,14771.1,24.0859,3.99642
2026-09-11 16:00:51,14781.2,24.0781,3.99620
2026-09-11 16:01:01,14790.9,24.0859,3.99598
2026-09-11 16:01:11,14801.0,24.0703,3.99569
2026-09-11 16:01:21,14811.0,24.0937,3.99546
2026-09-11 16:01:31,14820.7,24.1093,3.99527
2026-09-11 16:01:41,14830.8,24.0937,3.99506
2026-09-11 16:01:50,14840.5,24.1015,3.99485
2026-09-11 16:02:01,14850.6,24.1015,3.99454
2026-09-11 16:02:10,14860.3,24.0937,3.99431
2026-09-11 16:02:20,14870.4,24.0859,3.99409
2026-09-11 16:02:30,14880.5,24.1093,3.99392
2026-09-11 16:02:40,14890.1,24.0937,3.99371
2026-09-11 16:02:50,14900.2,24.1093,3.99350
2026-09-11 16:03:00,14909.9,24.1015,3.99326
2026-09-11 16:03:10,14920.0,24.0937,3.99297
2026-09-11 16:03:20,14929.7,24.1093,3.99273
2026-09-11 16:03:30,14939.8,24.0937,3.99255
2026-09-11 16:03:39,14949.5,24.0859,3.99238
2026-09-11 16:03:50,14959.5,24.1015,3.99219
2026-09-11 16:04:00,14969.6,24.1093,3.99194
2026-09-11 16:04:09,14979.3,24.1015,3.99173
2026-09-11 16:04:19,14989.4,24.0937,3.99146
2026-09-11 16:04:29,14999.1,24.0937,3.99125
2026-09-11 16:04:39,15009.2,24.0937,3.99107
2026-09-11 16:04:49,15018.8,24.1015,3.99083
2026-09-11 16:04:59,15028.9,24.0859,3.99068
2026-09-11 16:05:09,15039.0,24.1015,3.99051
2026-09-11 16:05:19,15048.7,24.1093,3.99030
2026-09-11 16:05:29,15058.8,24.0859,3.99004
2026-09-11 16:05:38,15068.5,24.0937,3.98987
2026-09-11 16:05:49,15078.6,24.0937,3.98960
2026-09-11 16:05:58,15088.2,24.0781,3.98937
2026-09-11 16:06:08,15098.3,24.1015,3.98919
2026-09-11 16:06:18,15108.0,24.1015,3.98899
2026-09-11 16:06:28,15118.1,24.1093,3.98883
2026-09-11 16:06:38,15128.2,24.1015,3.98869
2026-09-11 16:06:48,15137.9,24.1015,3.98849
2026-09-11 16:06:58,15148.0,24.1015,3.98825
2026-09-11 16:07:08,15157.7,24.1015,3.98807
2026-09-11 16:07:18,15167.7,24.1015,3.98783
2026-09-11 16:07:27,15177.4,24.1015,3.98767
2026-09-11 16:07:38,15187.5,24.1093,3.98738
2026-09-11 16:07:48,15197.6,24.1250,3.98725
2026-09-11 16:07:57,15207.3,24.1015,3.98705
2026-09-11 16:08:07,15217.4,24.1015,3.98689
2026-09-11 16:08:17,15227.1,24.1171,3.98668
2026-09-11 16:08:27,15237.1,24.1093,3.98652
2026-09-11 16:08:37,15246.8,24.1015,3.98634
2026-09-11 16:08:47,15256.9,24.1015,3.98616
2026-09-11 16:08:57,15266.6,24.1015,3.98596
2026-09-11 16:09:07,15276.7,24.1015,3.98575
2026-09-11 16:09:17,15286.8,24.1093,3.98556
2026-09-11 16:09:26,15296.5,24.0937,3.98540
2026-09-11 16:09:37,15306.5,24.1093,3.98516
2026-09-11 16:09:46,15316.2,24.0859,3.98500
2026-09-11 16:09:56,15326.3,24.0781,3.98476
2026-09-11 16:10:06,15336.0,24.0937,3.98459
2026-09-11 16:10:16,15346.1,24.0859,3.98438
2026-09-11 16:10:26,15355.8,24.0859,3.98420
2026-09-11 16:10:36,15365.9,24.1015,3.98404
2026-09-11 16:10:46,15376.0,24.0859,3.98385
2026-09-11 16:10:56,15385.6,24.1093,3.98369
2026-09-11 16:11:06,15395.7,24.0781,3.98354
2026-09-11 16:11:15,15405.4,24.1093,3.98331
2026-09-11 16:11:25,15415.5,24.0937,3.98319
2026-09-11 16:11:35,15425.2,24.0937,3.98300
2026-09-11 16:11:45,15435.3,24.1015,3.98284
2026-09-11 16:11:55,15445.0,24.1015,3.98264
2026-09-11 16:12:05,15455.0,24.0859,3.98250
2026-09-11 16:12:15,15465.1,24.1093,3.98233
2026-09-11 16:12:25,15474.8,24.0937,3.98211
2026-09-11 16:12:35,15484.9,24.1015,3.98198
2026-09-11 16:12:45,15494.6,24.0859,3.98181
2026-09-11 16:12:55,15504.7,24.1015,3.98165
2026-09-11 16:13:04,15514.3,24.1015,3.98148
2026-09-11 16:13:14,15524.4,24.1093,3.98133
2026-09-11 16:13:25,15534.5,24.0859,3.98113
2026-09-11 16:13:34,15544.2,24.0703,3.98098
2026-09-11 16:13:44,15554.3,24.1093,3.98079
2026-09-11 16:13:54,15564.0,24.0859,3.98061
2026-09-11 16:14:04,15574.1,24.1015,3.98049
2026-09-11 16:14:14,15583.8,24.0937,3.98031
2026-09-11 16:14:24,15593.8,24.1015,3.98015
2026-09-11 16:14:34,15603.5,24.0781,3.97996
2026-09-11 16:14:44,15613.6,24.0859,3.97981
2026-09-11 16:14:54,15623.7,24.0859,3.97964
2026-09-11 16:15:03,15633.4,24.0937,3.97946
2026-09-11 16:15:13,15643.5,24.0859,3.97932
2026-09-11 16:15:23,15653.2,24.0937,3.97914
2026-09-11 16:15:33,15663.2,24.0859,3.97898
2026-09-11 16:15:43,15672.9,24.0781,3.97877
2026-09-11 16:15:53,15683.0,24.0937,3.97863
2026-09-11 16:16:03,15693.1,24.0937,3.97848
2026-09-11 16:16:13,15702.8,24.0859,3.97828
2026-09-11 16:16:23,15712.9,24.0859,3.97817
2026-09-11 16:16:33,15722.5,24.0937,3.97796
2026-09-11 16:16:43,15732.6,24.0937,3.97778
2026-09-11 16:16:52,15742.3,24.0859,3.97764
2026-09-11 16:17:02,15752.4,24.0937,3.97749
2026-09-11 16:17:12,15762.1,24.0859,3.97730
2026-09-11 16:17:22,15772.2,24.1015,3.97714
2026-09-11 16:17:32,15782.3,24.1015,3.97700
2026-09-11 16:17:42,15792.0,24.0937,3.97687
2026-09-11 16:17:52,15802.0,24.0859,3.97673
2026-09-11 16:18:02,15811.7,24.0859,3.97660
2026-09-11 16:18:12,15821.8,24.1015,3.97646
2026-09-11 16:18:21,15831.5,24.0859,3.97630
2026-09-11 16:18:32,15841.6,24.0781,3.97616
2026-09-11 16:18:42,15851.7,24.0859,3.97601
2026-09-11 16:18:51,15861.4,24.0781,3.97581
2026-09-11 16:19:01,15871.4,24.0781,3.97566
2026-09-11 16:19:11,15881.1,24.0703,3.97548
2026-09-11 16:19:21,15891.2,24.0781,3.97535
2026-09-11 16:19:31,15900.9,24.0937,3.97518
2026-09-11 16:19:41,15911.0,24.0859,3.97503
2026-09-11 16:19:51,15920.7,24.0703,3.97485
2026-09-11 16:20:01,15930.8,24.0781,3.97469
2026-09-11 16:20:10,15940.4,24.0703,3.97463
2026-09-11 16:20:21,15950.5,24.0859,3.97445
2026-09-11 16:20:31,15960.6,24.0937,3.97430
2026-09-11 16:20:40,15970.3,24.0859,3.97418
2026-09-11 16:20:50,15980.4,24.0937,3.97405
2026-09-11 16:21:00,15990.1,24.0937,3.97384
2026-09-11 16:21:10,16000.2,24.0937,3.97372
2026-09-11 16:21:20,16009.8,24.0703,3.97353
2026-09-11 16:21:30,16019.9,24.0937,3.97337
2026-09-11 16:21:40,16030.0,24.0859,3.97319
2026-09-11 16:21:50,16039.7,24.1015,3.97305
2026-09-11 16:22:00,16049.8,24.0625,3.97293
2026-09-11 16:22:09,16059.5,24.0781,3.97281
2026-09-11 16:22:20,16069.6,24.0703,3.97267
2026-09-11 16:22:29,16079.2,24.0781,3.97251
2026-09-11 16:22:39,16089.3,24.0703,3.97233
2026-09-11 16:22:49,16099.0,24.0781,3.97217
2026-09-11 16:22:59,16109.1,24.0781,3.97199
2026-09-11 16:23:09,16119.2,24.0781,3.97186
2026-09-11 16:23:19,16128.9,24.0625,3.97172
2026-09-11 16:23:29,16139.0,24.0703,3.97157
2026-09-11 16:23:39,16148.6,24.0546,3.97150
2026-09-11 16:23:49,16158.7,24.0546,3.97130
2026-09-11 16:23:58,16168.4,24.0625,3.97118
2026-09-11 16:24:08,16178.5,24.0703,3.97100
2026-09-11 16:24:19,16188.6,24.0390,3.97085
2026-09-11 16:24:28,16198.3,24.0546,3.97067
2026-09-11 16:24:38,16208.4,24.0468,3.97049
2026-09-11 16:24:48,16218.0,24.0703,3.97045
2026-09-11 16:24:58,16228.1,24.0546,3.97030
2026-09-11 16:25:08,16237.8,24.0546,3.97016
2026-09-11 16:25:18,16247.9,24.0390,3.96997
2026-09-11 16:25:28,16257.6,24.0468,3.96978
2026-09-11 16:25:38,16267.7,24.0468,3.96965
2026-09-11 16:25:48,16277.8,24.0468,3.96950
2026-09-11 16:25:57,16287.5,24.0312,3.96937
2026-09-11 16:26:08,16297.5,24.0468,3.96925
2026-09-11 16:26:17,16307.2,24.0546,3.96913
2026-09-11 16:26:27,16317.3,24.0468,3.96899
2026-09-11 16:26:37,16327.0,24.0312,3.96880
2026-09-11 16:26:47,16337.1,24.0546,3.96864
2026-09-11 16:26:57,16346.8,24.0468,3.96848
2026-09-11 16:27:07,16356.9,24.0234,3.96836
2026-09-11 16:27:17,16366.9,24.0312,3.96820
2026-09-11 16:27:27,16376.6,24.0312,3.96812
2026-09-11 16:27:37,16386.7,24.0390,3.96799
2026-09-11 16:27:46,16396.4,24.0312,3.96777
2026-09-11 16:27:56,16406.5,24.0312,3.96761
2026-09-11 16:28:06,16416.2,24.0390,3.96750
2026-09-11 16:28:16,16426.2,24.0390,3.96736
2026-09-11 16:28:26,16435.9,24.0390,3.96729
2026-09-11 16:28:36,16446.0,24.0468,3.96713
2026-09-11 16:28:46,16456.1,24.0234,3.96695
2026-09-11 16:28:56,16465.8,24.0078,3.96674
2026-09-11 16:29:06,16475.9,24.0078,3.96661
2026-09-11 16:29:16,16485.6,24.0234,3.96654
2026-09-11 16:29:26,16495.7,24.0234,3.96638
2026-09-11 16:29:35,16505.3,24.0312,3.96624
2026-09-11 16:29:45,16515.4,24.0234,3.96610
2026-09-11 16:29:55,16525.1,24.0000,3.96590
2026-09-11 16:30:05,16535.2,24.0234,3.96576
2026-09-11 16:30:15,16545.3,23.9921,3.96562
2026-09-11 16:30:25,16555.0,24.0000,3.96554
2026-09-11 16:30:35,16565.1,24.0000,3.96543
2026-09-11 16:30:45,16574.8,23.9843,3.96524
2026-09-11 16:30:55,16584.8,24.0000,3.96507
2026-09-11 16:31:05,16594.5,24.0000,3.96491
2026-09-11 16:31:15,16604.6,24.0000,3.96482
2026-09-11 16:31:25,16614.7,23.9921,3.96466
2026-09-11 16:31:34,16624.4,23.9921,3.96452
2026-09-11 16:31:44,16634.5,23.9843,3.96439
2026-09-11 16:31:54,16644.1,24.0000,3.96420
2026-09-11 16:32:04,16654.2,23.9921,3.96402
2026-09-11 16:32:14,16663.9,23.9921,3.96397
2026-09-11 16:32:24,16674.0,24.0078,3.96384
2026-09-11 16:32:34,16684.1,23.9921,3.96365
2026-09-11 16:32:44,16693.8,23.9765,3.96349
2026-09-11 16:32:54,16703.9,23.9921,3.96330
2026-09-11 16:33:04,16713.5,23.9843,3.96322
2026-09-11 16:33:14,16723.6,23.9765,3.96310
2026-09-11 16:33:23,16733.3,23.9921,3.96292
2026-09-11 16:33:33,16743.4,24.0000,3.96277
2026-09-11 16:33:43,16753.5,23.9921,3.96260
2026-09-11 16:33:53,16763.2,23.9843,3.96252
2026-09-11 16:34:03,16773.3,23.9687,3.96239
2026-09-11 16:34:13,16783.0,23.9765,3.96224
2026-09-11 16:34:23,16793.0,23.9843,3.96203
2026-09-11 16:34:33,16802.7,23.9765,3.96191
2026-09-11 16:34:43,16812.8,23.9687,3.96181
2026-09-11 16:34:52,16822.5,23.9843,3.96165
2026-09-11 16:35:03,16832.6,23.9843,3.96152
2026-09-11 16:35:13,16842.7,23.9843,3.96131
2026-09-11 16:35:22,16852.4,23.9687,3.96119
2026-09-11 16:35:32,16862.4,23.9843,3.96108
2026-09-11 16:35:42,16872.1,23.9843,3.96097
2026-09-11 16:35:52,16882.2,23.9609,3.96082
2026-09-11 16:36:02,16891.9,23.9687,3.96062
2026-09-11 16:36:12,16902.0,23.9687,3.96051
2026-09-11 16:36:22,16912.1,23.9609,3.96038
2026-09-11 16:36:32,16921.8,23.9687,3.96023
2026-09-11 16:36:42,16931.8,23.9687,3.96008
2026-09-11 16:36:52,16941.5,23.9531,3.95990
2026-09-11 16:37:02,16951.6,23.9531,3.95984
2026-09-11 16:37:11,16961.3,23.9609,3.95968
2026-09-11 16:37:21,16971.4,23.9609,3.95952
2026-09-11 16:37:31,16981.5,23.9531,3.95934
2026-09-11 16:37:41,16991.2,23.9375,3.95924
2026-09-11 16:37:51,17001.2,23.9609,3.95913
2026-09-11 16:38:01,17010.9,23.9453,3.95896
2026-09-11 16:38:11,17021.0,23.9531,3.95881
2026-09-11 16:38:21,17030.7,23.9375,3.95865
2026-09-11 16:38:31,17040.8,23.9531,3.95859
2026-09-11 16:38:41,17050.9,23.9296,3.95846
2026-09-11 16:38:51,17060.6,23.9609,3.95824
2026-09-11 16:39:01,17070.6,23.9375,3.95811
2026-09-11 16:39:10,17080.3,23.9531,3.95804
2026-09-11 16:39:20,17090.4,23.9531,3.95788
2026-09-11 16:39:30,17100.1,23.9531,3.95768
2026-09-11 16:39:40,17110.2,23.9375,3.95753
2026-09-11 16:39:50,17120.3,23.9375,3.95741
2026-09-11 16:40:00,17130.0,23.9453,3.95730
2026-09-11 16:40:10,17140.0,23.9453,3.95718
2026-09-11 16:40:20,17149.7,23.9375,3.95696
2026-09-11 16:40:30,17159.8,23.9296,3.95691
2026-09-11 16:40:39,17169.5,23.9531,3.95674
2026-09-11 16:40:50,17179.6,23.9453,3.95659
2026-09-11 16:41:00,17189.7,23.9453,3.95644
2026-09-11 16:41:09,17199.4,23.9296,3.95638
2026-09-11 16:41:19,17209.5,23.9375,3.95622
2026-09-11 16:41:29,17219.1,23.9453,3.95602
2026-09-11 16:41:39,17229.2,23.9375,3.95588
2026-09-11 16:41:49,17238.9,23.9296,3.95583
2026-09-11 16:41:59,17249.0,23.9296,3.95564
2026-09-11 16:42:09,17259.1,23.9375,3.95547
2026-09-11 16:42:19,17268.8,23.9453,3.95536
2026-09-11 16:42:29,17278.8,23.9296,3.95525
2026-09-11 16:42:39,17288.5,23.9296,3.95506
2026-09-11 16:42:49,17298.6,23.9375,3.95486
2026-09-11 16:42:58,17308.3,23.9296,3.95482
2026-09-11 16:43:08,17318.4,23.9296,3.95465
2026-09-11 16:43:18,17328.5,23.9375,3.95449
2026-09-11 16:43:28,17338.2,23.9375,3.95440
2026-09-11 16:43:38,17348.2,23.9453,3.95426
2026-09-11 16:43:48,17357.9,23.9375,3.95405
2026-09-11 16:43:58,17368.0,23.9296,3.95391
2026-09-11 16:44:08,17377.7,23.9453,3.95386
2026-09-11 16:44:18,17387.8,23.9296,3.95366
2026-09-11 16:44:27,17397.5,23.9218,3.95347
2026-09-11 16:44:38,17407.6,23.9453,3.95337
2026-09-11 16:44:48,17417.7,23.9218,3.95326
2026-09-11 16:44:57,17427.3,23.9140,3.95307
2026-09-11 16:45:07,17437.4,23.9218,3.95292
2026-09-11 16:45:17,17447.1,23.9218,3.95285
2026-09-11 16:45:27,17457.2,23.9140,3.95269
2026-09-11 16:45:37,17467.3,23.9218,3.95249
2026-09-11 16:45:47,17477.0,23.9296,3.95239
2026-09-11 16:45:57,17487.1,23.9218,3.95227
2026-09-11 16:46:07,17496.7,23.9218,3.95207
2026-09-11 16:46:17,17506.8,23.9218,3.95192
2026-09-11 16:46:27,17516.5,23.9140,3.95179
2026-09-11 16:46:37,17526.6,23.9140,3.95162
2026-09-11 16:46:47,17536.7,23.9140,3.95144
2026-09-11 16:46:56,17546.4,23.9140,3.95137
2026-09-11 16:47:06,17556.5,23.9062,3.95121
2026-09-11 16:47:16,17566.1,23.9296,3.95103
2026-09-11 16:47:26,17576.2,23.8906,3.95092
2026-09-11 16:47:36,17585.9,23.8906,3.95074
2026-09-11 16:47:46,17596.0,23.9062,3.95055
2026-09-11 16:47:56,17606.1,23.8828,3.95042
2026-09-11 16:48:06,17615.8,23.9140,3.95030
2026-09-11 16:48:16,17625.9,23.9140,3.95007
2026-09-11 16:48:26,17635.5,23.8906,3.95000
2026-09-11 16:48:36,17645.6,23.9140,3.94985
2026-09-11 16:48:46,17655.7,23.9140,3.94965
2026-09-11 16:48:55,17665.4,23.8906,3.94948
2026-09-11 16:49:05,17675.5,23.9062,3.94938
2026-09-11 16:49:15,17685.2,23.9140,3.94913
2026-09-11 16:49:25,17695.3,23.9140,3.94898
2026-09-11 16:49:35,17705.0,23.8906,3.94887
2026-09-11 16:49:45,17715.0,23.8906,3.94865
2026-09-11 16:49:55,17725.1,23.9140,3.94848
2026-09-11 16:50:05,17734.8,23.9062,3.94837
2026-09-11 16:50:15,17744.9,23.8906,3.94818
2026-09-11 16:50:25,17754.6,23.8906,3.94808
2026-09-11 16:50:35,17764.7,23.9062,3.94790
2026-09-11 16:50:44,17774.3,23.9140,3.94767
2026-09-11 16:50:54,17784.4,23.8906,3.94756
2026-09-11 16:51:05,17794.5,23.8828,3.94741
2026-09-11 16:51:14,17804.2,23.8828,3.94718
2026-09-11 16:51:24,17814.3,23.8906,3.94699
2026-09-11 16:51:34,17824.0,23.8828,3.94686
2026-09-11 16:51:44,17834.1,23.8750,3.94664
2026-09-11 16:51:54,17843.8,23.8750,3.94655
2026-09-11 16:52:04,17853.8,23.8906,3.94637
2026-09-11 16:52:14,17863.9,23.8828,3.94612
2026-09-11 16:52:24,17873.6,23.8750,3.94601
2026-09-11 16:52:34,17883.7,23.8750,3.94580
2026-09-11 16:52:43,17893.4,23.8671,3.94562
2026-09-11 16:52:53,17903.5,23.8671,3.94544
2026-09-11 16:53:03,17913.2,23.8750,3.94527
2026-09-11 16:53:13,17923.2,23.8671,3.94504
2026-09-11 16:53:23,17932.9,23.8593,3.94494
2026-09-11 16:53:33,17943.0,23.8593,3.94473
2026-09-11 16:53:43,17953.1,23.8671,3.94452
2026-09-11 16:53:53,17962.8,23.8671,3.94441
2026-09-11 16:54:03,17972.9,23.8593,3.94420
2026-09-11 16:54:13,17982.6,23.8671,3.94394
2026-09-11 16:54:23,17992.6,23.8593,3.94382
2026-09-11 16:54:33,18002.7,23.8515,3.94364
2026-09-11 16:54:42,18012.4,23.8515,3.94339
2026-09-11 16:54:52,18022.5,23.8437,3.94326
2026-09-11 16:55:02,18032.2,23.8750,3.94304
2026-09-11 16:55:12,18042.3,23.8515,3.94278
2026-09-11 16:55:22,18052.0,23.8515,3.94268
2026-09-11 16:55:32,18062.0,23.8515,3.94242
2026-09-11 16:55:42,18072.1,23.8515,3.94220
2026-09-11 16:55:52,18081.8,23.8359,3.94213
2026-09-11 16:56:02,18091.9,23.8281,3.94184
2026-09-11 16:56:12,18101.6,23.8437,3.94172
2026-09-11 16:56:22,18111.7,23.8437,3.94150
2026-09-11 16:56:31,18121.4,23.8359,3.94124
2026-09-11 16:56:41,18131.5,23.8515,3.94113
2026-09-11 16:56:52,18141.5,23.8515,3.94090
2026-09-11 16:57:01,18151.2,23.8437,3.94063
2026-09-11 16:57:11,18161.3,23.8359,3.94055
2026-09-11 16:57:21,18171.0,23.8203,3.94028
2026-09-11 16:57:31,18181.1,23.8203,3.94005
2026-09-11 16:57:41,18191.2,23.8281,3.93990
2026-09-11 16:57:51,18200.8,23.8437,3.93966
2026-09-11 16:58:01,18210.9,23.8359,3.93944
2026-09-11 16:58:11,18220.6,23.8281,3.93926
2026-09-11 16:58:21,18230.7,23.8359,3.93888
2026-09-11 16:58:30,18240.4,23.8203,3.93875
2026-09-11 16:58:40,18250.5,23.8281,3.93852
2026-09-11 16:58:50,18260.2,23.8281,3.93833
2026-09-11 16:59:00,18270.2,23.8281,3.93815
2026-09-11 16:59:10,18280.3,23.8281,3.93791
2026-09-11 16:59:20,18290.0,23.8359,3.93776
2026-09-11 16:59:30,18300.1,23.8515,3.93753
2026-09-11 16:59:40,18309.8,23.8671,3.93734
2026-09-11 16:59:50,18319.9,23.8515,3.93709
2026-09-11 17:00:00,18330.0,23.8593,3.93686
2026-09-11 17:00:10,18339.7,23.8515,3.93673
2026-09-11 17:00:20,18349.7,23.8359,3.93640
2026-09-11 17:00:29,18359.4,23.8515,3.93624
2026-09-11 17:00:40,18369.5,23.8515,3.93601
2026-09-11 17:00:50,18379.6,23.8515,3.93576
2026-09-11 17:00:59,18389.3,23.8359,3.93563
2026-09-11 17:01:09,18399.4,23.8437,3.93532
2026-09-11 17:01:19,18409.0,23.8515,3.93518
2026-09-11 17:01:29,18419.1,23.8281,3.93493
2026-09-11 17:01:39,18428.8,23.8359,3.93470
2026-09-11 17:01:49,18438.9,23.8203,3.93448
2026-09-11 17:01:59,18449.0,23.8281,3.93418
2026-09-11 17:02:09,18458.7,23.8437,3.93405
2026-09-11 17:02:19,18468.8,23.8359,3.93380
2026-09-11 17:02:28,18478.5,23.8359,3.93361
2026-09-11 17:02:39,18488.5,23.8203,3.93336
2026-09-11 17:02:48,18498.2,23.8203,3.93306
2026-09-11 17:02:58,18508.3,23.8203,3.93294
2026-09-11 17:03:08,18518.4,23.8359,3.93260
2026-09-11 17:03:18,18528.1,23.8281,3.93243
2026-09-11 17:03:28,18538.2,23.8125,3.93218
2026-09-11 17:03:38,18547.9,23.7968,3.93193
2026-09-11 17:03:48,18558.0,23.8203,3.93177
2026-09-11 17:03:58,18567.6,23.8281,3.93145
2026-09-11 17:04:08,18577.7,23.8046,3.93132
2026-09-11 17:04:18,18587.8,23.8046,3.93102
2026-09-11 17:04:27,18597.5,23.7890,3.93081
2026-09-11 17:04:38,18607.6,23.8125,3.93056
2026-09-11 17:04:47,18617.3,23.7968,3.93028
2026-09-11 17:04:57,18627.3,23.8046,3.93015
2026-09-11 17:05:07,18637.4,23.7890,3.92984
2026-09-11 17:05:17,18647.1,23.7890,3.92966
2026-09-11 17:05:27,18657.2,23.8046,3.92941
2026-09-11 17:05:37,18666.9,23.7968,3.92915
2026-09-11 17:05:47,18677.0,23.7890,3.92896
2026-09-11 17:05:57,18687.1,23.8046,3.92862
2026-09-11 17:06:07,18696.8,23.7734,3.92849
2026-09-11 17:06:17,18706.8,23.7734,3.92820
2026-09-11 17:06:27,18716.5,23.7656,3.92798
2026-09-11 17:06:37,18726.6,23.7578,3.92776
2026-09-11 17:06:46,18736.3,23.7656,3.92740
2026-09-11 17:06:56,18746.4,23.7890,3.92726
2026-09-11 17:07:06,18756.5,23.7421,3.92702
2026-09-11 17:07:16,18766.2,23.7578,3.92679
2026-09-11 17:07:26,18776.2,23.7656,3.92654
2026-09-11 17:07:36,18785.9,23.7500,3.92623
2026-09-11 17:07:46,18796.0,23.7421,3.92609
2026-09-11 17:07:56,18805.7,23.7734,3.92572
2026-09-11 17:08:06,18815.8,23.7656,3.92560
2026-09-11 17:08:16,18825.9,23.7500,3.92533
2026-09-11 17:08:26,18835.5,23.7500,3.92508
2026-09-11 17:08:36,18845.6,23.7421,3.92482
2026-09-11 17:08:45,18855.3,23.7421,3.92450
2026-09-11 17:08:55,18865.4,23.7500,3.92435
2026-09-11 17:09:05,18875.5,23.7656,3.92407
2026-09-11 17:09:15,18885.2,23.7656,3.92387
2026-09-11 17:09:25,18895.3,23.7500,3.92357
2026-09-11 17:09:35,18905.0,23.7500,3.92335
2026-09-11 17:09:45,18915.0,23.7421,3.92309
2026-09-11 17:09:55,18924.7,23.7343,3.92279
2026-09-11 17:10:05,18934.8,23.7578,3.92265
2026-09-11 17:10:15,18944.9,23.7500,3.92230
2026-09-11 17:10:25,18954.6,23.7421,3.92212
2026-09-11 17:10:35,18964.7,23.7187,3.92187
2026-09-11 17:10:44,18974.4,23.7265,3.92165
2026-09-11 17:10:54,18984.4,23.7187,3.92139
2026-09-11 17:11:05,18994.5,23.7265,3.92109
2026-09-11 17:11:14,19004.2,23.7343,3.92091
2026-09-11 17:11:24,19014.3,23.7265,3.92058
2026-09-11 17:11:34,19024.0,23.7343,3.92040
2026-09-11 17:11:44,19034.1,23.7343,3.92009
2026-09-11 17:11:54,19043.8,23.7343,3.91989
2026-09-11 17:12:04,19053.8,23.7421,3.91964
2026-09-11 17:12:14,19063.9,23.7343,3.91933
2026-09-11 17:12:24,19073.6,23.7187,3.91915
2026-09-11 17:12:34,19083.7,23.7343,3.91884
2026-09-11 17:12:43,19093.4,23.7265,3.91866
2026-09-11 17:12:53,19103.5,23.7265,3.91833
2026-09-11 17:13:04,19113.6,23.7265,3.91815
2026-09-11 17:13:13,19123.2,23.7343,3.91784
2026-09-11 17:13:23,19133.3,23.7109,3.91768
2026-09-11 17:13:33,19143.0,23.7265,3.91735
2026-09-11 17:13:43,19153.1,23.7343,3.91718
2026-09-11 17:13:53,19162.8,23.7265,3.91687
2026-09-11 17:14:03,19172.9,23.7265,3.91666
2026-09-11 17:14:13,19183.0,23.7187,3.91640
2026-09-11 17:14:23,19192.7,23.7343,3.91619
2026-09-11 17:14:33,19202.7,23.7343,3.91589
2026-09-11 17:14:42,19212.4,23.7343,3.91569
2026-09-11 17:14:53,19222.5,23.7187,3.91545
2026-09-11 17:15:02,19232.2,23.7421,3.91522
2026-09-11 17:15:12,19242.3,23.7343,3.91496
2026-09-11 17:15:22,19252.4,23.7343,3.91465
2026-09-11 17:15:32,19262.0,23.7187,3.91443
2026-09-11 17:15:42,19272.1,23.7265,3.91416
2026-09-11 17:15:52,19281.8,23.7265,3.91394
2026-09-11 17:16:02,19291.9,23.7187,3.91368
2026-09-11 17:16:12,19301.6,23.7031,3.91349
2026-09-11 17:16:22,19311.7,23.7343,3.91320
2026-09-11 17:16:32,19321.8,23.7187,3.91298
2026-09-11 17:16:41,19331.5,23.7187,3.91269
2026-09-11 17:16:52,19341.5,23.7265,3.91251
2026-09-11 17:17:01,19351.2,23.7109,3.91222
2026-09-11 17:17:11,19361.3,23.7109,3.91201
2026-09-11 17:17:21,19371.0,23.7421,3.91176
2026-09-11 17:17:31,19381.1,23.7187,3.91153
2026-09-11 17:17:41,19391.2,23.7265,3.91121
2026-09-11 17:17:51,19400.9,23.7265,3.91107
2026-09-11 17:18:01,19410.9,23.7187,3.91079
2026-09-11 17:18:11,19420.6,23.7187,3.91056
2026-09-11 17:18:21,19430.7,23.7187,3.91028
2026-09-11 17:18:30,19440.4,23.7343,3.91009
2026-09-11 17:18:40,19450.5,23.7109,3.90986
2026-09-11 17:18:51,19460.6,23.7187,3.90960
2026-09-11 17:19:00,19470.3,23.7109,3.90941
2026-09-11 17:19:10,19480.3,23.7187,3.90916
2026-09-11 17:19:20,19490.0,23.7265,3.90892
2026-09-11 17:19:30,19500.1,23.7187,3.90867
2026-09-11 17:19:40,19509.8,23.7265,3.90848
2026-09-11 17:19:50,19519.9,23.6953,3.90814
2026-09-11 17:20:00,19529.6,23.7265,3.90799
2026-09-11 17:20:10,19539.7,23.7109,3.90767
2026-09-11 17:20:20,19549.8,23.7109,3.90749
2026-09-11 17:20:29,19559.4,23.7187,3.90725
2026-09-11 17:20:40,19569.5,23.6875,3.90708
2026-09-11 17:20:49,19579.2,23.7187,3.90675
2026-09-11 17:20:59,19589.3,23.7031,3.90662
2026-09-11 17:21:09,19599.4,23.7109,3.90630
2026-09-11 17:21:19,19609.1,23.7187,3.90612
2026-09-11 17:21:29,19619.2,23.7109,3.90579
2026-09-11 17:21:39,19628.8,23.7187,3.90567
2026-09-11 17:21:49,19638.9,23.7109,3.90535
2026-09-11 17:21:59,19648.6,23.6953,3.90518
2026-09-11 17:22:09,19658.7,23.6875,3.90497
2026-09-11 17:22:19,19668.8,23.7109,3.90472
2026-09-11 17:22:28,19678.5,23.7109,3.90455
2026-09-11 17:22:39,19688.5,23.6875,3.90427
2026-09-11 17:22:48,19698.2,23.7031,3.90411
2026-09-11 17:22:58,19708.3,23.6953,3.90379
2026-09-11 17:23:08,19718.4,23.7187,3.90364
2026-09-11 17:23:18,19728.1,23.7031,3.90335
2026-09-11 17:23:28,19738.2,23.6875,3.90317
2026-09-11 17:23:38,19747.9,23.6953,3.90289
2026-09-11 17:23:48,19758.0,23.6796,3.90272
2026-09-11 17:23:58,19767.6,23.7031,3.90249
2026-09-11 17:24:08,19777.7,23.7031,3.90229
2026-09-11 17:24:18,19787.8,23.6875,3.90199
2026-09-11 17:24:27,19797.5,23.6875,3.90181
2026-09-11 17:24:38,19807.6,23.7109,3.90167
2026-09-11 17:24:47,19817.3,23.6875,3.90140
2026-09-11 17:24:57,19827.4,23.6953,3.90125
2026-09-11 17:25:07,19837.4,23.6953,3.90094
2026-09-11 17:25:17,19847.1,23.6796,3.90083
2026-09-11 17:25:27,19857.2,23.7031,3.90050
2026-09-11 17:25:37,19866.9,23.6875,3.90037
2026-09-11 17:25:47,19877.0,23.6875,3.90008
2026-09-11 17:25:57,19887.1,23.6796,3.89994
2026-09-11 17:26:07,19896.8,23.6875,3.89971
2026-09-11 17:26:17,19906.8,23.6875,3.89951
2026-09-11 17:26:27,19916.5,23.6875,3.89932
2026-09-11 17:26:37,19926.6,23.6796,3.89904
2026-09-11 17:26:46,19936.3,23.6640,3.89891
2026-09-11 17:26:56,19946.4,23.6796,3.89858
2026-09-11 17:27:06,19956.5,23.6796,3.89848
2026-09-11 17:27:16,19966.2,23.6484,3.89815
2026-09-11 17:27:26,19976.2,23.6640,3.89803
2026-09-11 17:27:36,19985.9,23.6406,3.89781
2026-09-11 17:27:46,19996.0,23.6484,3.89760
2026-09-11 17:27:56,20005.7,23.6328,3.89740
2026-09-11 17:28:06,20015.8,23.6328,3.89716
2026-09-11 17:28:16,20025.9,23.6328,3.89698
2026-09-11 17:28:26,20035.6,23.6484,3.89675
2026-09-11 17:28:36,20045.7,23.6406,3.89660
2026-09-11 17:28:45,20055.3,23.6484,3.89633
2026-09-11 17:28:55,20065.4,23.6640,3.89622
2026-09-11 17:29:05,20075.1,23.6484,3.89594
2026-09-11 17:29:15,20085.2,23.6484,3.89578
2026-09-11 17:29:25,20095.3,23.6484,3.89554
2026-09-11 17:29:35,20105.0,23.6171,3.89534
2026-09-11 17:29:45,20115.0,23.6406,3.89518
2026-09-11 17:29:55,20124.7,23.6406,3.89494
2026-09-11 17:30:05,20134.8,23.6171,3.89480
2026-09-11 17:30:15,20144.9,23.6406,3.89449
2026-09-11 17:30:25,20154.6,23.6328,3.89439
2026-09-11 17:30:35,20164.7,23.6328,3.89409
2026-09-11 17:30:44,20174.4,23.6640,3.89395
2026-09-11 17:30:54,20184.5,23.6171,3.89375
2026-09-11 17:31:04,20194.1,23.6093,3.89355
2026-09-11 17:31:14,20204.2,23.6250,3.89342
2026-09-11 17:31:24,20214.3,23.6171,3.89310
2026-09-11 17:31:34,20224.0,23.6250,3.89301
2026-09-11 17:31:44,20234.1,23.6250,3.89275
2026-09-11 17:31:54,20243.8,23.6093,3.89261
2026-09-11 17:32:04,20253.9,23.6093,3.89235
2026-09-11 17:32:14,20263.5,23.6171,3.89220
2026-09-11 17:32:24,20273.6,23.6250,3.89205
2026-09-11 17:32:34,20283.7,23.6250,3.89179
2026-09-11 17:32:43,20293.4,23.6093,3.89170
2026-09-11 17:32:53,20303.5,23.6171,3.89140
2026-09-11 17:33:03,20313.2,23.6093,3.89126
2026-09-11 17:33:13,20323.2,23.6015,3.89102
2026-09-11 17:33:23,20333.3,23.6015,3.89088
2026-09-11 17:33:33,20343.0,23.6171,3.89073
2026-09-11 17:33:43,20353.1,23.6093,3.89044
2026-09-11 17:33:53,20362.8,23.6015,3.89033
2026-09-11 17:34:03,20372.9,23.6015,3.89004
2026-09-11 17:34:13,20383.0,23.6171,3.88994
2026-09-11 17:34:23,20392.7,23.6015,3.88970
2026-09-11 17:34:33,20402.8,23.5937,3.88955
2026-09-11 17:34:42,20412.4,23.5859,3.88942
2026-09-11 17:34:53,20422.5,23.6015,3.88915
2026-09-11 17:35:02,20432.2,23.5937,3.88903
2026-09-11 17:35:12,20442.3,23.5781,3.88874
2026-09-11 17:35:22,20452.4,23.5625,3.88865
2026-09-11 17:35:32,20462.1,23.5859,3.88843
2026-09-11 17:35:42,20472.1,23.5703,3.88827
2026-09-11 17:35:52,20481.8,23.5859,3.88812
2026-09-11 17:36:02,20491.9,23.5937,3.88784
2026-09-11 17:36:12,20502.0,23.5859,3.88772
2026-09-11 17:36:22,20511.7,23.5703,3.88751
2026-09-11 17:36:32,20521.8,23.5468,3.88740
2026-09-11 17:36:41,20531.5,23.5546,3.88711
2026-09-11 17:36:52,20541.5,23.5625,3.88698
2026-09-11 17:37:02,20551.6,23.5625,3.88674
2026-09-11 17:37:11,20561.3,23.5781,3.88660
2026-09-11 17:37:21,20571.4,23.5625,3.88648
2026-09-11 17:37:31,20581.1,23.5859,3.88618
2026-09-11 17:37:41,20591.2,23.5703,3.88612
2026-09-11 17:37:51,20601.3,23.5703,3.88583
2026-09-11 17:38:01,20611.0,23.5703,3.88572
2026-09-11 17:38:11,20621.0,23.5625,3.88557
2026-09-11 17:38:21,20630.7,23.5625,3.88534
2026-09-11 17:38:31,20640.8,23.5546,3.88524
2026-09-11 17:38:41,20650.9,23.5625,3.88492
2026-09-11 17:38:51,20660.6,23.5546,3.88486
2026-09-11 17:39:01,20670.7,23.5625,3.88469
2026-09-11 17:39:10,20680.4,23.5703,3.88444
2026-09-11 17:39:20,20690.4,23.5625,3.88436
2026-09-11 17:39:30,20700.1,23.5625,3.88411
2026-09-11 17:39:40,20710.2,23.5546,3.88395
2026-09-11 17:39:50,20720.3,23.5546,3.88378
2026-09-11 17:40:00,20730.0,23.5546,3.88357
2026-09-11 17:40:10,20740.1,23.5703,3.88349
2026-09-11 17:40:20,20749.8,23.5625,3.88326
2026-09-11 17:40:30,20759.8,23.5468,3.88308
2026-09-11 17:40:40,20769.9,23.5546,3.88294
2026-09-11 17:40:50,20779.6,23.5625,3.88273
2026-09-11 17:41:00,20789.7,23.5468,3.88262
2026-09-11 17:41:09,20799.4,23.5546,3.88242
2026-09-11 17:41:19,20809.5,23.5703,3.88220
2026-09-11 17:41:30,20819.6,23.5546,3.88211
2026-09-11 17:41:39,20829.2,23.5468,3.88183
2026-09-11 17:41:49,20839.3,23.5468,3.88173
2026-09-11 17:41:59,20849.0,23.5468,3.88161
2026-09-11 17:42:09,20859.1,23.5546,3.88137
2026-09-11 17:42:19,20869.2,23.5625,3.88128
2026-09-11 17:42:29,20878.9,23.5703,3.88105
2026-09-11 17:42:39,20889.0,23.5312,3.88089
2026-09-11 17:42:49,20898.6,23.5468,3.88077
2026-09-11 17:42:59,20908.7,23.5468,3.88051
2026-09-11 17:43:08,20918.4,23.5468,3.88038
2026-09-11 17:43:18,20928.5,23.5546,3.88026
2026-09-11 17:43:29,20938.6,23.5312,3.88002
2026-09-11 17:43:38,20948.3,23.5234,3.87988
2026-09-11 17:43:48,20958.4,23.5546,3.87969
2026-09-11 17:43:58,20968.0,23.5625,3.87950
2026-09-11 17:44:08,20978.1,23.5546,3.87944
2026-09-11 17:44:18,20988.2,23.5468,3.87915
2026-09-11 17:44:28,20997.9,23.5468,3.87904
2026-09-11 17:44:38,21008.0,23.5468,3.87891
2026-09-11 17:44:48,21017.7,23.5546,3.87870
2026-09-11 17:44:58,21027.8,23.5468,3.87856
2026-09-11 17:45:07,21037.5,23.5546,3.87846
2026-09-11 17:45:18,21047.5,23.5312,3.87820
2026-09-11 17:45:28,21057.6,23.5312,3.87807
2026-09-11 17:45:37,21067.3,23.5468,3.87794
2026-09-11 17:45:47,21077.4,23.5546,3.87770
2026-09-11 17:45:57,21087.1,23.5468,3.87761
2026-09-11 17:46:07,21097.2,23.5546,3.87747
2026-09-11 17:46:17,21107.2,23.5234,3.87724
2026-09-11 17:46:27,21116.9,23.5546,3.87710
2026-09-11 17:46:37,21127.0,23.5234,3.87697
2026-09-11 17:46:47,21136.7,23.5312,3.87675
2026-09-11 17:46:57,21146.8,23.5312,3.87665
2026-09-11 17:47:06,21156.5,23.5468,3.87651
2026-09-11 17:47:17,21166.6,23.5000,3.87626
2026-09-11 17:47:27,21176.7,23.5312,3.87615
2026-09-11 17:47:36,21186.3,23.5078,3.87602
2026-09-11 17:47:46,21196.4,23.5312,3.87581
2026-09-11 17:47:56,21206.1,23.5156,3.87570
2026-09-11 17:48:06,21216.2,23.5156,3.87555
2026-09-11 17:48:16,21226.3,23.5234,3.87529
2026-09-11 17:48:26,21236.0,23.5078,3.87522
2026-09-11 17:48:36,21246.1,23.5078,3.87507
2026-09-11 17:48:46,21255.8,23.5156,3.87485
2026-09-11 17:48:56,21265.8,23.5156,3.87475
2026-09-11 17:49:06,21275.5,23.5078,3.87462
2026-09-11 17:49:16,21285.6,23.5234,3.87439
2026-09-11 17:49:26,21295.7,23.5078,3.87429
2026-09-11 17:49:35,21305.4,23.5156,3.87415
2026-09-11 17:49:45,21315.5,23.5078,3.87390
2026-09-11 17:49:55,21325.1,23.5156,3.87378
2026-09-11 17:50:05,21335.2,23.5234,3.87366
2026-09-11 17:50:15,21344.9,23.5234,3.87347
2026-09-11 17:50:25,21355.0,23.5078,3.87335
2026-09-11 17:50:35,21365.1,23.5078,3.87322
2026-09-11 17:50:45,21374.8,23.5078,3.87299
2026-09-11 17:50:55,21384.9,23.5312,3.87289
2026-09-11 17:51:05,21394.5,23.5000,3.87277
2026-09-11 17:51:15,21404.6,23.5156,3.87254
2026-09-11 17:51:25,21414.7,23.5078,3.87240
2026-09-11 17:51:34,21424.4,23.4921,3.87227
2026-09-11 17:51:44,21434.5,23.5078,3.87210
2026-09-11 17:51:54,21444.2,23.5078,3.87191
2026-09-11 17:52:04,21454.3,23.5000,3.87184
2026-09-11 17:52:14,21464.0,23.5078,3.87170
2026-09-11 17:52:24,21474.0,23.5078,3.87145
2026-09-11 17:52:34,21484.1,23.5078,3.87135
2026-09-11 17:52:44,21493.8,23.5156,3.87125
2026-09-11 17:52:54,21503.9,23.5078,3.87097
2026-09-11 17:53:04,21513.6,23.4921,3.87088
2026-09-11 17:53:14,21523.7,23.4843,3.87081
2026-09-11 17:53:23,21533.4,23.4921,3.87061
2026-09-11 17:53:33,21543.4,23.5000,3.87039
2026-09-11 17:53:44,21553.5,23.4921,3.87035
2026-09-11 17:53:53,21563.2,23.5000,3.87017
2026-09-11 17:54:03,21573.3,23.5078,3.86995
2026-09-11 17:54:13,21583.0,23.5156,3.86986
2026-09-11 17:54:23,21593.1,23.5000,3.86976
2026-09-11 17:54:33,21603.2,23.5000,3.86948
2026-09-11 17:54:43,21612.8,23.5078,3.86940
2026-09-11 17:54:53,21622.9,23.5000,3.86930
2026-09-11 17:55:03,21632.6,23.5000,3.86913
2026-09-11 17:55:13,21642.7,23.4921,3.86892
2026-09-11 17:55:22,21652.4,23.5000,3.86883
2026-09-11 17:55:32,21662.5,23.4921,3.86873
2026-09-11 17:55:43,21672.6,23.4765,3.86849
2026-09-11 17:55:52,21682.2,23.4843,3.86833
2026-09-11 17:56:02,21692.3,23.4843,3.86830
2026-09-11 17:56:12,21702.0,23.4921,3.86811
2026-09-11 17:56:22,21712.1,23.4765,3.86790
2026-09-11 17:56:32,21721.8,23.5000,3.86778
2026-09-11 17:56:42,21731.9,23.4765,3.86772
2026-09-11 17:56:52,21741.6,23.4843,3.86753
2026-09-11 17:57:02,21751.6,23.4843,3.86736
2026-09-11 17:57:12,21761.7,23.4843,3.86727
2026-09-11 17:57:21,21771.4,23.4843,3.86714
2026-09-11 17:57:31,21781.5,23.4921,3.86690
2026-09-11 17:57:41,21791.2,23.4765,3.86678
2026-09-11 17:57:51,21801.3,23.4921,3.86665
2026-09-11 17:58:01,21811.4,23.4765,3.86654
2026-09-11 17:58:11,21821.0,23.4687,3.86631
2026-09-11 17:58:21,21831.1,23.4843,3.86622
2026-09-11 17:58:31,21840.8,23.4843,3.86609
2026-09-11 17:58:41,21850.9,23.4687,3.86596
2026-09-11 17:58:51,21860.6,23.4765,3.86575
2026-09-11 17:59:01,21870.7,23.4765,3.86565
2026-09-11 17:59:11,21880.8,23.4609,3.86555
2026-09-11 17:59:20,21890.5,23.4687,3.86539
2026-09-11 17:59:31,21900.5,23.4765,3.86522
2026-09-11 17:59:40,21910.2,23.4765,3.86509
2026-09-11 17:59:50,21920.3,23.4765,3.86499
2026-09-11 18:00:00,21930.4,23.4687,3.86477
2026-09-11 18:00:10,21940.1,23.4687,3.86466
2026-09-11 18:00:20,21950.2,23.4609,3.86453
2026-09-11 18:00:30,21959.8,23.4843,3.86443
2026-09-11 18:00:40,21969.9,23.4609,3.86422
2026-09-11 18:00:50,21979.6,23.4609,3.86406
2026-09-11 18:01:00,21989.7,23.4687,3.86399
2026-09-11 18:01:10,21999.8,23.4531,3.86389
2026-09-11 18:01:19,22009.5,23.4765,3.86371
2026-09-11 18:01:30,22019.6,23.4687,3.86354
2026-09-11 18:01:39,22029.2,23.4765,3.86342
2026-09-11 18:01:49,22039.3,23.4687,3.86331
2026-09-11 18:01:59,22049.4,23.4687,3.86308
2026-09-11 18:02:09,22059.1,23.4765,3.86299
2026-09-11 18:02:19,22069.2,23.4609,3.86287
2026-09-11 18:02:29,22078.9,23.4687,3.86278
2026-09-11 18:02:39,22089.0,23.4531,3.86256
2026-09-11 18:02:49,22099.1,23.4609,3.86244
2026-09-11 18:02:59,22108.8,23.4687,3.86232
2026-09-11 18:03:09,22118.8,23.4609,3.86221
2026-09-11 18:03:19,22128.5,23.4531,3.86205
2026-09-11 18:03:29,22138.6,23.4531,3.86187
2026-09-11 18:03:38,22148.3,23.4609,3.86176
2026-09-11 18:03:48,22158.4,23.4531,3.86171
2026-09-11 18:03:58,22168.5,23.4609,3.86151
2026-09-11 18:04:08,22178.1,23.4765,3.86131
2026-09-11 18:04:18,22188.2,23.4687,3.86125
2026-09-11 18:04:28,22197.9,23.4609,3.86113
2026-09-11 18:04:38,22208.0,23.4609,3.86100
2026-09-11 18:04:48,22217.7,23.4531,3.86083
2026-09-11 18:04:58,22227.8,23.4531,3.86068
2026-09-11 18:05:08,22237.9,23.4296,3.86060
2026-09-11 18:05:18,22247.5,23.4453,3.86047
2026-09-11 18:05:28,22257.6,23.4531,3.86028
2026-09-11 18:05:37,22267.3,23.4531,3.86013
2026-09-11 18:05:47,22277.4,23.4531,3.86003
2026-09-11 18:05:57,22287.5,23.4375,3.85996
2026-09-11 18:06:07,22297.2,23.4531,3.85983
2026-09-11 18:06:17,22307.3,23.4609,3.85958
2026-09-11 18:06:27,22317.0,23.4531,3.85947
2026-09-11 18:06:37,22327.0,23.4687,3.85940
2026-09-11 18:06:47,22337.1,23.4531,3.85930
2026-09-11 18:06:57,22346.8,23.4453,3.85915
2026-09-11 18:07:07,22356.9,23.4531,3.85891
2026-09-11 18:07:17,22366.6,23.4531,3.85883
2026-09-11 18:07:27,22376.7,23.4453,3.85874
2026-09-11 18:07:37,22386.8,23.4531,3.85861
2026-09-11 18:07:46,22396.4,23.4531,3.85849
2026-09-11 18:07:57,22406.5,23.4609,3.85828
2026-09-11 18:08:06,22416.2,23.4687,3.85814
2026-09-11 18:08:16,22426.3,23.4609,3.85808
2026-09-11 18:08:26,22436.0,23.4453,3.85794
2026-09-11 18:08:36,22446.1,23.4609,3.85786
2026-09-11 18:08:46,22456.2,23.4609,3.85765
2026-09-11 18:08:56,22465.8,23.4453,3.85750
2026-09-11 18:09:06,22475.9,23.4531,3.85744
2026-09-11 18:09:16,22485.6,23.4375,3.85733
2026-09-11 18:09:26,22495.7,23.4531,3.85721
2026-09-11 18:09:35,22505.4,23.4375,3.85704
2026-09-11 18:09:45,22515.5,23.4531,3.85684
2026-09-11 18:09:56,22525.6,23.4531,3.85677
2026-09-11 18:10:05,22535.2,23.4531,3.85668
2026-09-11 18:10:15,22545.3,23.4609,3.85657
2026-09-11 18:10:25,22555.0,23.4531,3.85643
2026-09-11 18:10:35,22565.1,23.4765,3.85620
2026-09-11 18:10:45,22575.2,23.4609,3.85612
2026-09-11 18:10:55,22584.9,23.4375,3.85602
2026-09-11 18:11:05,22595.0,23.4453,3.85594
2026-09-11 18:11:15,22604.6,23.4531,3.85582
2026-09-11 18:11:25,22614.7,23.4375,3.85562
2026-09-11 18:11:34,22624.4,23.4609,3.85546
2026-09-11 18:11:44,22634.5,23.4453,3.85534
2026-09-11 18:11:55,22644.6,23.4375,3.85527
2026-09-11 18:12:04,22654.3,23.4375,3.85515
2026-09-11 18:12:14,22664.4,23.4531,3.85504
2026-09-11 18:12:24,22674.0,23.4375,3.85486
2026-09-11 18:12:34,22684.1,23.4140,3.85470
2026-09-11 18:12:44,22694.2,23.4375,3.85461
2026-09-11 18:12:54,22703.9,23.4375,3.85451
2026-09-11 18:13:04,22714.0,23.4375,3.85439
2026-09-11 18:13:14,22723.7,23.4453,3.85428
2026-09-11 18:13:24,22733.8,23.4296,3.85406
2026-09-11 18:13:33,22743.5,23.4375,3.85394
2026-09-11 18:13:44,22753.5,23.4453,3.85384
2026-09-11 18:13:54,22763.6,23.4531,3.85372
2026-09-11 18:14:03,22773.3,23.4375,3.85363
2026-09-11 18:14:13,22783.4,23.4453,3.85352
2026-09-11 18:14:23,22793.1,23.4375,3.85335
2026-09-11 18:14:33,22803.2,23.4296,3.85317
2026-09-11 18:14:43,22813.2,23.4296,3.85312
2026-09-11 18:14:53,22822.9,23.4296,3.85301
2026-09-11 18:15:03,22833.0,23.4062,3.85290
2026-09-11 18:15:13,22842.7,23.4140,3.85274
2026-09-11 18:15:23,22852.8,23.4062,3.85257
2026-09-11 18:15:32,22862.5,23.4140,3.85242
2026-09-11 18:15:43,22872.6,23.4375,3.85233
2026-09-11 18:15:53,22882.7,23.4375,3.85225
2026-09-11 18:16:02,22892.3,23.4296,3.85215
2026-09-11 18:16:12,22902.4,23.3984,3.85199
2026-09-11 18:16:22,22912.1,23.4062,3.85186
2026-09-11 18:16:32,22922.2,23.3984,3.85171
2026-09-11 18:16:42,22931.9,23.4140,3.85161
2026-09-11 18:16:52,22942.0,23.3984,3.85151
2026-09-11 18:17:02,22952.1,23.3984,3.85140
2026-09-11 18:17:12,22961.7,23.4140,3.85127
2026-09-11 18:17:22,22971.8,23.3984,3.85108
2026-09-11 18:17:32,22981.5,23.4140,3.85098
2026-09-11 18:17:42,22991.6,23.4140,3.85088
2026-09-11 18:17:51,23001.3,23.4062,3.85077
2026-09-11 18:18:01,23011.4,23.4140,3.85070
2026-09-11 18:18:11,23021.5,23.4140,3.85053
2026-09-11 18:18:21,23031.1,23.4062,3.85044
2026-09-11 18:18:31,23041.2,23.3984,3.85025
2026-09-11 18:18:41,23050.9,23.3984,3.85010
2026-09-11 18:18:51,23061.0,23.4140,3.85001
2026-09-11 18:19:01,23070.7,23.4140,3.84994
2026-09-11 18:19:11,23080.8,23.4062,3.84983
2026-09-11 18:19:21,23090.9,23.4062,3.84970
2026-09-11 18:19:31,23100.5,23.3906,3.84955
2026-09-11 18:19:41,23110.6,23.4140,3.84939
2026-09-11 18:19:50,23120.3,23.3828,3.84927
2026-09-11 18:20:00,23130.4,23.3906,3.84919
2026-09-11 18:20:10,23140.5,23.3828,3.84912
2026-09-11 18:20:20,23150.2,23.3984,3.84901
2026-09-11 18:20:30,23160.3,23.3984,3.84883
2026-09-11 18:20:40,23170.0,23.3828,3.84872
2026-09-11 18:20:50,23180.0,23.3750,3.84855
2026-09-11 18:21:00,23190.1,23.3906,3.84846
2026-09-11 18:21:10,23199.8,23.3828,3.84836
2026-09-11 18:21:20,23209.9,23.3906,3.84828
2026-09-11 18:21:30,23219.6,23.3906,3.84816
2026-09-11 18:21:40,23229.7,23.3906,3.84802
2026-09-11 18:21:50,23239.8,23.3750,3.84780
2026-09-11 18:21:59,23249.4,23.3750,3.84772
2026-09-11 18:22:10,23259.5,23.3828,3.84763
2026-09-11 18:22:19,23269.2,23.3750,3.84752
2026-09-11 18:22:29,23279.3,23.3750,3.84745
2026-09-11 18:22:39,23289.0,23.3906,3.84733
2026-09-11 18:22:49,23299.1,23.3671,3.84714
2026-09-11 18:22:59,23309.2,23.3906,3.84703
2026-09-11 18:23:09,23318.8,23.3828,3.84688
2026-09-11 18:23:19,23328.9,23.3671,3.84684
2026-09-11 18:23:29,23338.6,23.3750,3.84673
2026-09-11 18:23:39,23348.7,23.3828,3.84663
2026-09-11 18:23:49,23358.8,23.3828,3.84646
2026-09-11 18:23:58,23368.5,23.3750,3.84632
2026-09-11 18:24:09,23378.6,23.3671,3.84618
2026-09-11 18:24:18,23388.2,23.3671,3.84609
2026-09-11 18:24:28,23398.3,23.3515,3.84600
2026-09-11 18:24:38,23408.4,23.3671,3.84590
2026-09-11 18:24:48,23418.1,23.3515,3.84582
2026-09-11 18:24:58,23428.2,23.3359,3.84565
2026-09-11 18:25:08,23437.9,23.3593,3.84551
2026-09-11 18:25:18,23448.0,23.3593,3.84537
2026-09-11 18:25:28,23458.0,23.3515,3.84529
2026-09-11 18:25:38,23467.7,23.3515,3.84520
2026-09-11 18:25:48,23477.8,23.3437,3.84510
2026-09-11 18:25:57,23487.5,23.3593,3.84498
2026-09-11 18:26:08,23497.6,23.3437,3.84485
2026-09-11 18:26:18,23507.7,23.3359,3.84467
2026-09-11 18:26:27,23517.4,23.3593,3.84458
2026-09-11 18:26:37,23527.5,23.3515,3.84447
2026-09-11 18:26:47,23537.1,23.3437,3.84439
2026-09-11 18:26:57,23547.2,23.3359,3.84428
2026-09-11 18:27:07,23556.9,23.3359,3.84417
2026-09-11 18:27:17,23567.0,23.3593,3.84402
2026-09-11 18:27:27,23577.1,23.3437,3.84386
2026-09-11 18:27:37,23586.8,23.3437,3.84373
2026-09-11 18:27:47,23596.8,23.3281,3.84367
2026-09-11 18:27:57,23606.5,23.3281,3.84357
2026-09-11 18:28:07,23616.6,23.3359,3.84346
2026-09-11 18:28:17,23626.7,23.3281,3.84336
2026-09-11 18:28:26,23636.4,23.3437,3.84325
2026-09-11 18:28:36,23646.5,23.3203,3.84305
2026-09-11 18:28:46,23656.2,23.3203,3.84297
2026-09-11 18:28:56,23666.2,23.3203,3.84283
2026-09-11 18:29:06,23676.3,23.3359,3.84279
2026-09-11 18:29:16,23686.0,23.3203,3.84268
2026-09-11 18:29:26,23696.1,23.3281,3.84260
2026-09-11 18:29:36,23705.8,23.3359,3.84248
2026-09-11 18:29:46,23715.9,23.3203,3.84227
2026-09-11 18:29:56,23726.0,23.3281,3.84217
2026-09-11 18:30:06,23735.7,23.3203,3.84207
2026-09-11 18:30:16,23745.7,23.2890,3.84200
2026-09-11 18:30:25,23755.4,23.3125,3.84185
2026-09-11 18:30:36,23765.5,23.3203,3.84177
2026-09-11 18:30:46,23775.6,23.3046,3.84166
2026-09-11 18:30:55,23785.3,23.3046,3.84151
2026-09-11 18:31:05,23795.4,23.3125,3.84137
2026-09-11 18:31:15,23805.1,23.3046,3.84128
2026-09-11 18:31:25,23815.1,23.3203,3.84119
2026-09-11 18:31:35,23824.8,23.3046,3.84108
2026-09-11 18:31:45,23834.9,23.2890,3.84096
2026-09-11 18:31:55,23845.0,23.3125,3.84091
2026-09-11 18:32:05,23854.7,23.3125,3.84079
2026-09-11 18:32:15,23864.8,23.2890,3.84062
2026-09-11 18:32:24,23874.5,23.3046,3.84052
2026-09-11 18:32:35,23884.5,23.3046,3.84034
2026-09-11 18:32:44,23894.2,23.3046,3.84024
2026-09-11 18:32:54,23904.3,23.3046,3.84017
2026-09-11 18:33:04,23914.4,23.3125,3.84010
2026-09-11 18:33:14,23924.1,23.2812,3.83999
2026-09-11 18:33:24,23934.2,23.3046,3.83989
2026-09-11 18:33:34,23943.9,23.2890,3.83977
2026-09-11 18:33:44,23954.0,23.2890,3.83964
2026-09-11 18:33:54,23963.6,23.3046,3.83957
2026-09-11 18:34:04,23973.7,23.2890,3.83936
2026-09-11 18:34:14,23983.8,23.2890,3.83925
2026-09-11 18:34:23,23993.5,23.2890,3.83917
2026-09-11 18:34:34,24003.6,23.2812,3.83907
2026-09-11 18:34:43,24013.3,23.3046,3.83896
2026-09-11 18:34:53,24023.3,23.2890,3.83890
2026-09-11 18:35:03,24033.4,23.2890,3.83881
2026-09-11 18:35:13,24043.1,23.3046,3.83867
2026-09-11 18:35:23,24053.2,23.2890,3.83857
2026-09-11 18:35:33,24062.9,23.2890,3.83844
2026-09-11 18:35:43,24073.0,23.2890,3.83830
2026-09-11 18:35:53,24083.1,23.2890,3.83814
2026-09-11 18:36:03,24092.8,23.3125,3.83806
2026-09-11 18:36:13,24102.8,23.2890,3.83793
2026-09-11 18:36:23,24112.5,23.3046,3.83782
2026-09-11 18:36:33,24122.6,23.2812,3.83779
2026-09-11 18:36:42,24132.3,23.2812,3.83765
2026-09-11 18:36:52,24142.4,23.2890,3.83755
2026-09-11 18:37:02,24152.5,23.3125,3.83748
2026-09-11 18:37:12,24162.2,23.2812,3.83737
2026-09-11 18:37:22,24172.2,23.2890,3.83725
2026-09-11 18:37:32,24181.9,23.2734,3.83718
2026-09-11 18:37:42,24192.0,23.2812,3.83704
2026-09-11 18:37:52,24202.1,23.2734,3.83687
2026-09-11 18:38:02,24211.8,23.3046,3.83678
2026-09-11 18:38:12,24221.9,23.2890,3.83667
2026-09-11 18:38:22,24231.5,23.2890,3.83654
2026-09-11 18:38:32,24241.6,23.2656,3.83645
2026-09-11 18:38:41,24251.3,23.3046,3.83635
2026-09-11 18:38:51,24261.4,23.2812,3.83624
2026-09-11 18:39:01,24271.5,23.3046,3.83617
2026-09-11 18:39:11,24281.2,23.2890,3.83603
2026-09-11 18:39:21,24291.3,23.2890,3.83595
2026-09-11 18:39:31,24301.0,23.2890,3.83587
2026-09-11 18:39:41,24311.0,23.2890,3.83573
2026-09-11 18:39:51,24321.1,23.2890,3.83565
2026-09-11 18:40:01,24330.8,23.2890,3.83553
2026-09-11 18:40:11,24340.9,23.2890,3.83544
2026-09-11 18:40:21,24350.6,23.2890,3.83532
2026-09-11 18:40:31,24360.7,23.2890,3.83517
2026-09-11 18:40:40,24370.4,23.2890,3.83511
2026-09-11 18:40:50,24380.5,23.2734,3.83493
2026-09-11 18:41:01,24390.5,23.2890,3.83484
2026-09-11 18:41:10,24400.2,23.2734,3.83469
2026-09-11 18:41:20,24410.3,23.2812,3.83463
2026-09-11 18:41:30,24420.0,23.2734,3.83453
2026-09-11 18:41:40,24430.1,23.3046,3.83439
2026-09-11 18:41:50,24439.8,23.2734,3.83428
2026-09-11 18:42:00,24449.8,23.2734,3.83420
2026-09-11 18:42:10,24459.9,23.2890,3.83415
2026-09-11 18:42:20,24469.6,23.2734,3.83404
2026-09-11 18:42:30,24479.7,23.2734,3.83394
2026-09-11 18:42:39,24489.4,23.2500,3.83384
2026-09-11 18:42:49,24499.5,23.2656,3.83372
2026-09-11 18:43:00,24509.6,23.2812,3.83363
2026-09-11 18:43:09,24519.2,23.2656,3.83354
2026-09-11 18:43:19,24529.3,23.2734,3.83341
2026-09-11 18:43:29,24539.0,23.2656,3.83333
2026-09-11 18:43:39,24549.1,23.2734,3.83320
2026-09-11 18:43:49,24559.2,23.2812,3.83307
2026-09-11 18:43:59,24568.9,23.2734,3.83300
2026-09-11 18:44:09,24579.0,23.2578,3.83284
2026-09-11 18:44:19,24588.7,23.2578,3.83274
2026-09-11 18:44:29,24598.7,23.2656,3.83259
2026-09-11 18:44:39,24608.8,23.2734,3.83251
2026-09-11 18:44:49,24618.5,23.2656,3.83240
2026-09-11 18:44:59,24628.6,23.2656,3.83229
2026-09-11 18:45:08,24638.3,23.2421,3.83219
2026-09-11 18:45:18,24648.4,23.2734,3.83210
2026-09-11 18:45:28,24658.0,23.2656,3.83197
2026-09-11 18:45:38,24668.1,23.2656,3.83189
2026-09-11 18:45:48,24678.2,23.2656,3.83181
2026-09-11 18:45:58,24687.9,23.2734,3.83166
2026-09-11 18:46:08,24698.0,23.2734,3.83157
2026-09-11 18:46:18,24707.7,23.2734,3.83145
2026-09-11 18:46:28,24717.8,23.2734,3.83137
2026-09-11 18:46:38,24727.9,23.2812,3.83132
2026-09-11 18:46:48,24737.5,23.2578,3.83118
2026-09-11 18:46:58,24747.6,23.2734,3.83111
2026-09-11 18:47:07,24757.3,23.2890,3.83094
2026-09-11 18:47:17,24767.4,23.2734,3.83090
2026-09-11 18:47:27,24777.1,23.2656,3.83076
2026-09-11 18:47:37,24787.2,23.2734,3.83066
2026-09-11 18:47:47,24796.9,23.2500,3.83053
2026-09-11 18:47:57,24806.9,23.2656,3.83048
2026-09-11 18:48:07,24817.0,23.2734,3.83040
2026-09-11 18:48:17,24826.7,23.2656,3.83028
2026-09-11 18:48:27,24836.8,23.2578,3.83015
2026-09-11 18:48:36,24846.5,23.2656,3.83008
2026-09-11 18:48:47,24856.6,23.2734,3.82997
2026-09-11 18:48:57,24866.7,23.2578,3.82988
2026-09-11 18:49:06,24876.3,23.2734,3.82978
2026-09-11 18:49:16,24886.4,23.2578,3.82965
2026-09-11 18:49:26,24896.1,23.2656,3.82956
2026-09-11 18:49:36,24906.2,23.2656,3.82947
2026-09-11 18:49:46,24915.9,23.2656,3.82932
2026-09-11 18:49:56,24926.0,23.2812,3.82923
2026-09-11 18:50:06,24936.1,23.2812,3.82913
2026-09-11 18:50:16,24945.8,23.2734,3.82903
2026-09-11 18:50:26,24955.8,23.2500,3.82893
2026-09-11 18:50:36,24965.5,23.2578,3.82885
2026-09-11 18:50:46,24975.6,23.2656,3.82875
2026-09-11 18:50:55,24985.3,23.2656,3.82863
2026-09-11 18:51:05,24995.4,23.2578,3.82852
2026-09-11 18:51:15,25005.5,23.2578,3.82845
2026-09-11 18:51:25,25015.2,23.2500,3.82835
2026-09-11 18:51:35,25025.2,23.2656,3.82824
2026-09-11 18:51:45,25034.9,23.2734,3.82811
2026-09-11 18:51:55,25045.0,23.2734,3.82805
2026-09-11 18:52:05,25055.1,23.2734,3.82794
2026-09-11 18:52:15,25064.8,23.2656,3.82782
2026-09-11 18:52:25,25074.9,23.2500,3.82773
2026-09-11 18:52:35,25084.5,23.2578,3.82763
2026-09-11 18:52:45,25094.6,23.2656,3.82754
2026-09-11 18:52:54,25104.3,23.2500,3.82738
2026-09-11 18:53:04,25114.4,23.2500,3.82733
2026-09-11 18:53:14,25124.5,23.2578,3.82724
2026-09-11 18:53:24,25134.2,23.2656,3.82711
2026-09-11 18:53:34,25144.3,23.2421,3.82703
2026-09-11 18:53:44,25154.0,23.2578,3.82686
2026-09-11 18:53:54,25164.0,23.2578,3.82677
2026-09-11 18:54:04,25174.1,23.2578,3.82669
2026-09-11 18:54:14,25183.8,23.2656,3.82659
2026-09-11 18:54:24,25193.9,23.2578,3.82647
2026-09-11 18:54:34,25203.6,23.2578,3.82639
2026-09-11 18:54:44,25213.7,23.2500,3.82630
2026-09-11 18:54:54,25223.8,23.2500,3.82616
2026-09-11 18:55:03,25233.4,23.2734,3.82605
2026-09-11 18:55:14,25243.5,23.2421,3.82599
2026-09-11 18:55:23,25253.2,23.2734,3.82586
2026-09-11 18:55:33,25263.3,23.2656,3.82574
2026-09-11 18:55:43,25273.0,23.2734,3.82569
2026-09-11 18:55:53,25283.1,23.2500,3.82557
2026-09-11 18:56:03,25293.2,23.2578,3.82548
2026-09-11 18:56:13,25302.8,23.2500,3.82540
2026-09-11 18:56:23,25312.9,23.2578,3.82532
2026-09-11 18:56:33,25322.6,23.2656,3.82523
2026-09-11 18:56:43,25332.7,23.2500,3.82513
2026-09-11 18:56:53,25342.8,23.2421,3.82502
2026-09-11 18:57:02,25352.5,23.2500,3.82494
2026-09-11 18:57:13,25362.6,23.2578,3.82483
2026-09-11 18:57:22,25372.2,23.2500,3.82478
2026-09-11 18:57:32,25382.3,23.2578,3.82469
2026-09-11 18:57:42,25392.4,23.2265,3.82458
2026-09-11 18:57:52,25402.1,23.2500,3.82448
2026-09-11 18:58:02,25412.2,23.2265,3.82436
2026-09-11 18:58:12,25421.9,23.2578,3.82426
2026-09-11 18:58:22,25432.0,23.2500,3.82416
2026-09-11 18:58:32,25441.7,23.2500,3.82406
2026-09-11 18:58:42,25451.7,23.2500,3.82393
2026-09-11 18:58:52,25461.8,23.2578,3.82387
2026-09-11 18:59:02,25471.5,23.2343,3.82373
2026-09-11 18:59:12,25481.6,23.2500,3.82365
2026-09-11 18:59:21,25491.3,23.2421,3.82350
2026-09-11 18:59:31,25501.4,23.2656,3.82342
2026-09-11 18:59:41,25511.5,23.2578,3.82329
2026-09-11 18:59:51,25521.1,23.2421,3.82319
2026-09-11 19:00:01,25531.2,23.2421,3.82311
2026-09-11 19:00:11,25540.9,23.2343,3.82307
2026-09-11 19:00:21,25551.0,23.2500,3.82295
2026-09-11 19:00:31,25561.1,23.2421,3.82286
2026-09-11 19:00:41,25570.8,23.2578,3.82280
2026-09-11 19:00:51,25580.9,23.2578,3.82271
2026-09-11 19:01:01,25590.5,23.2500,3.82261
2026-09-11 19:01:11,25600.6,23.2421,3.82250
2026-09-11 19:01:20,25610.3,23.2500,3.82241
2026-09-11 19:01:30,25620.4,23.2578,3.82231
2026-09-11 19:01:40,25630.5,23.2578,3.82221
2026-09-11 19:01:50,25640.2,23.2500,3.82211
2026-09-11 19:02:00,25650.3,23.2421,3.82201
2026-09-11 19:02:10,25659.9,23.2500,3.82185
2026-09-11 19:02:20,25670.0,23.2421,3.82178
2026-09-11 19:02:30,25680.1,23.2421,3.82165
2026-09-11 19:02:40,25689.8,23.2421,3.82156
2026-09-11 19:02:50,25699.9,23.2187,3.82147
2026-09-11 19:03:00,25709.6,23.2343,3.82143
2026-09-11 19:03:10,25719.7,23.2500,3.82130
2026-09-11 19:03:19,25729.3,23.2265,3.82124
2026-09-11 19:03:29,25739.4,23.2421,3.82117
2026-09-11 19:03:40,25749.5,23.2421,3.82108
2026-09-11 19:03:49,25759.2,23.2343,3.82096
2026-09-11 19:03:59,25769.3,23.2500,3.82086
2026-09-11 19:04:09,25779.0,23.2421,3.82072
2026-09-11 19:04:19,25789.1,23.2343,3.82067
2026-09-11 19:04:29,25798.8,23.2500,3.82051
2026-09-11 19:04:39,25808.8,23.2343,3.82044
2026-09-11 19:04:49,25818.9,23.2421,3.82031
2026-09-11 19:04:59,25828.6,23.2343,3.82024
2026-09-11 19:05:09,25838.7,23.2343,3.82012
2026-09-11 19:05:18,25848.4,23.2265,3.82008
2026-09-11 19:05:28,25858.5,23.2265,3.81999
2026-09-11 19:05:39,25868.5,23.2421,3.81986
2026-09-11 19:05:48,25878.2,23.2421,3.81984
2026-09-11 19:05:58,25888.3,23.2343,3.81974
2026-09-11 19:06:08,25898.0,23.2343,3.81963
2026-09-11 19:06:18,25908.1,23.2500,3.81951
2026-09-11 19:06:28,25917.8,23.2421,3.81943
2026-09-11 19:06:38,25927.9,23.2265,3.81929
2026-09-11 19:06:48,25938.0,23.2500,3.81919
2026-09-11 19:06:58,25947.6,23.2421,3.81911
2026-09-11 19:07:08,25957.7,23.2343,3.81900
2026-09-11 19:07:17,25967.4,23.2343,3.81887
2026-09-11 19:07:27,25977.5,23.2187,3.81877
2026-09-11 19:07:38,25987.6,23.2265,3.81872
2026-09-11 19:07:47,25997.3,23.2265,3.81869
2026-09-11 19:07:57,26007.4,23.2343,3.81860
2026-09-11 19:08:07,26017.0,23.2187,3.81851
2026-09-11 19:08:17,26027.1,23.2265,3.81843
2026-09-11 19:08:27,26037.2,23.2265,3.81830
2026-09-11 19:08:37,26046.9,23.2421,3.81819
2026-09-11 19:08:47,26057.0,23.2265,3.81808
2026-09-11 19:08:57,26066.7,23.2265,3.81797
2026-09-11 19:09:07,26076.8,23.2343,3.81788
2026-09-11 19:09:16,26086.4,23.2265,3.81773
2026-09-11 19:09:27,26096.5,23.2343,3.81767
2026-09-11 19:09:37,26106.6,23.2343,3.81754
2026-09-11 19:09:46,26116.3,23.2343,3.81753
2026-09-11 19:09:56,26126.4,23.2187,3.81744
2026-09-11 19:10:06,26136.1,23.2187,3.81739
2026-09-11 19:10:16,26146.2,23.2343,3.81727
2026-09-11 19:10:26,26155.8,23.2343,3.81715
2026-09-11 19:10:36,26165.9,23.2343,3.81704
2026-09-11 19:10:46,26176.0,23.2265,3.81694
2026-09-11 19:10:56,26185.7,23.2343,3.81684
2026-09-11 19:11:06,26195.8,23.2187,3.81671
2026-09-11 19:11:15,26205.5,23.2343,3.81668
2026-09-11 19:11:26,26215.6,23.2109,3.81657
2026-09-11 19:11:36,26225.7,23.2421,3.81651
2026-09-11 19:11:45,26235.3,23.2343,3.81644
2026-09-11 19:11:55,26245.4,23.2109,3.81637
2026-09-11 19:12:05,26255.1,23.2343,3.81623
2026-09-11 19:12:15,26265.2,23.2343,3.81614
2026-09-11 19:12:25,26275.3,23.2265,3.81603
2026-09-11 19:12:35,26285.0,23.2343,3.81592
2026-09-11 19:12:45,26295.0,23.2109,3.81577
2026-09-11 19:12:55,26304.7,23.2343,3.81576
2026-09-11 19:13:05,26314.8,23.2343,3.81565
2026-09-11 19:13:14,26324.5,23.2265,3.81562
2026-09-11 19:13:25,26334.6,23.2265,3.81553
2026-09-11 19:13:35,26344.7,23.2343,3.81543
2026-09-11 19:13:44,26354.4,23.2187,3.81531
2026-09-11 19:13:54,26364.5,23.2265,3.81519
2026-09-11 19:14:04,26374.1,23.2265,3.81508
2026-09-11 19:14:14,26384.2,23.2343,3.81494
2026-09-11 19:14:24,26394.3,23.2187,3.81488
2026-09-11 19:14:34,26404.0,23.2265,3.81486
2026-09-11 19:14:44,26414.1,23.2343,3.81475
2026-09-11 19:14:54,26423.8,23.2187,3.81466
2026-09-11 19:15:04,26433.9,23.2265,3.81458
2026-09-11 19:15:14,26443.5,23.2343,3.81443
2026-09-11 19:15:24,26453.6,23.2265,3.81435
2026-09-11 19:15:34,26463.7,23.2343,3.81423
2026-09-11 19:15:43,26473.4,23.2265,3.81416
2026-09-11 19:15:53,26483.5,23.2187,3.81406
2026-09-11 19:16:03,26493.2,23.2109,3.81402
2026-09-11 19:16:13,26503.2,23.2031,3.81394
2026-09-11 19:16:23,26512.9,23.2187,3.81386
2026-09-11 19:16:33,26523.0,23.2343,3.81374
2026-09-11 19:16:43,26533.1,23.2109,3.81366
2026-09-11 19:16:53,26542.8,23.2187,3.81353
2026-09-11 19:17:03,26552.9,23.2265,3.81339
2026-09-11 19:17:13,26562.6,23.2031,3.81341
2026-09-11 19:17:23,26572.7,23.2109,3.81330
2026-09-11 19:17:33,26582.8,23.2265,3.81323
2026-09-11 19:17:42,26592.4,23.2187,3.81313
2026-09-11 19:17:53,26602.5,23.2187,3.81303
2026-09-11 19:18:02,26612.2,23.2109,3.81285
2026-09-11 19:18:12,26622.3,23.2109,3.81281
2026-09-11 19:18:22,26632.0,23.2187,3.81272
2026-09-11 19:18:32,26642.1,23.2265,3.81268
2026-09-11 19:18:42,26652.2,23.2187,3.81259
2026-09-11 19:18:52,26661.8,23.2187,3.81251
2026-09-11 19:19:02,26671.9,23.2187,3.81237
2026-09-11 19:19:12,26682.0,23.2031,3.81231
2026-09-11 19:19:22,26691.7,23.2109,3.81217
2026-09-11 19:19:32,26701.8,23.2109,3.81208
2026-09-11 19:19:41,26711.5,23.2109,3.81197
2026-09-11 19:19:52,26721.5,23.2109,3.81194
2026-09-11 19:20:01,26731.2,23.2031,3.81189
2026-09-11 19:20:11,26741.3,23.2187,3.81179
2026-09-11 19:20:21,26751.4,23.2109,3.81165
2026-09-11 19:20:31,26761.1,23.2109,3.81155
2026-09-11 19:20:41,26771.2,23.2031,3.81144
2026-09-11 19:20:51,26780.9,23.2187,3.81135
2026-09-11 19:21:01,26791.0,23.2109,3.81128
2026-09-11 19:21:11,26800.6,23.1953,3.81126
2026-09-11 19:21:21,26810.7,23.2031,3.81117
2026-09-11 19:21:31,26820.8,23.2031,3.81108
2026-09-11 19:21:40,26830.5,23.2109,3.81091
2026-09-11 19:21:51,26840.6,23.2031,3.81079
2026-09-11 19:22:00,26850.3,23.1875,3.81071
2026-09-11 19:22:10,26860.4,23.2109,3.81065
2026-09-11 19:22:20,26870.4,23.2109,3.81056
2026-09-11 19:22:30,26880.1,23.2109,3.81052
2026-09-11 19:22:40,26890.2,23.2109,3.81043
2026-09-11 19:22:50,26899.9,23.2109,3.81028
2026-09-11 19:23:00,26910.0,23.1953,3.81017
2026-09-11 19:23:10,26920.1,23.1953,3.81011
2026-09-11 19:23:20,26929.8,23.2031,3.81001
2026-09-11 19:23:30,26939.8,23.2109,3.80996
2026-09-11 19:23:40,26949.5,23.2109,3.80993
2026-09-11 19:23:50,26959.6,23.2109,3.80981
2026-09-11 19:24:00,26969.7,23.2031,3.80971
2026-09-11 19:24:09,26979.4,23.2031,3.80959
2026-09-11 19:24:19,26989.5,23.2109,3.80943
2026-09-11 19:24:29,26999.2,23.2187,3.80947
2026-09-11 19:24:39,27009.2,23.2109,3.80936
2026-09-11 19:24:49,27018.9,23.1953,3.80926
2026-09-11 19:24:59,27029.0,23.2031,3.80914
2026-09-11 19:25:09,27039.1,23.2031,3.80903
2026-09-11 19:25:19,27048.8,23.1875,3.80892
2026-09-11 19:25:29,27058.9,23.2031,3.80886
2026-09-11 19:25:39,27068.6,23.2265,3.80886
2026-09-11 19:25:49,27078.6,23.2109,3.80877
2026-09-11 19:25:59,27088.7,23.1953,3.80864
2026-09-11 19:26:08,27098.4,23.2031,3.80849
2026-09-11 19:26:18,27108.5,23.2109,3.80840
2026-09-11 19:26:28,27118.2,23.2031,3.80840
2026-09-11 19:26:38,27128.3,23.2031,3.80833
2026-09-11 19:26:48,27138.0,23.1953,3.80822
2026-09-11 19:26:58,27148.0,23.2109,3.80810
2026-09-11 19:27:08,27158.1,23.2031,3.80800
2026-09-11 19:27:18,27167.8,23.2031,3.80791
2026-09-11 19:27:28,27177.9,23.2031,3.80786
2026-09-11 19:27:38,27187.6,23.2109,3.80781
2026-09-11 19:27:48,27197.7,23.2031,3.80768
2026-09-11 19:27:57,27207.4,23.2109,3.80756
2026-09-11 19:28:07,27217.5,23.2109,3.80744
2026-09-11 19:28:18,27227.5,23.1953,3.80734
2026-09-11 19:28:27,27237.2,23.2187,3.80738
2026-09-11 19:28:37,27247.3,23.2031,3.80726
2026-09-11 19:28:47,27257.0,23.2031,3.80713
2026-09-11 19:28:57,27267.1,23.1953,3.80703
2026-09-11 19:29:07,27277.2,23.2031,3.80694
2026-09-11 19:29:17,27286.9,23.2031,3.80691
2026-09-11 19:29:27,27296.9,23.1875,3.80685
2026-09-11 19:29:37,27306.6,23.1953,3.80674
2026-09-11 19:29:47,27316.7,23.2109,3.80659
2026-09-11 19:29:57,27326.8,23.1953,3.80648
2026-09-11 19:30:06,27336.5,23.2109,3.80642
2026-09-11 19:30:17,27346.6,23.2265,3.80640
2026-09-11 19:30:26,27356.2,23.2031,3.80632
2026-09-11 19:30:36,27366.3,23.1953,3.80619
2026-09-11 19:30:46,27376.0,23.1875,3.80609
2026-09-11 19:30:56,27386.1,23.1875,3.80599
2026-09-11 19:31:06,27395.8,23.2031,3.80596
2026-09-11 19:31:16,27405.9,23.1718,3.80590
2026-09-11 19:31:26,27416.0,23.1718,3.80577
2026-09-11 19:31:36,27425.7,23.1953,3.80566
2026-09-11 19:31:46,27435.8,23.1953,3.80555
2026-09-11 19:31:55,27445.4,23.1875,3.80551
2026-09-11 19:32:06,27455.5,23.1875,3.80544
2026-09-11 19:32:16,27465.6,23.1875,3.80534
2026-09-11 19:32:25,27475.3,23.2031,3.80523
2026-09-11 19:32:35,27485.4,23.1875,3.80512
2026-09-11 19:32:45,27495.1,23.1875,3.80507
2026-09-11 19:32:55,27505.1,23.1953,3.80503
2026-09-11 19:33:05,27514.8,23.1718,3.80490
2026-09-11 19:33:15,27524.9,23.2031,3.80483
2026-09-11 19:33:25,27535.0,23.1875,3.80469
2026-09-11 19:33:35,27544.7,23.1718,3.80463
2026-09-11 19:33:45,27554.8,23.1875,3.80460
2026-09-11 19:33:54,27564.5,23.1875,3.80448
2026-09-11 19:34:05,27574.5,23.1875,3.80438
2026-09-11 19:34:15,27584.6,23.1875,3.80425
2026-09-11 19:34:24,27594.3,23.1718,3.80418
2026-09-11 19:34:34,27604.4,23.1953,3.80417
2026-09-11 19:34:44,27614.1,23.1875,3.80408
2026-09-11 19:34:54,27624.2,23.1953,3.80395
2026-09-11 19:35:04,27633.9,23.1718,3.80382
2026-09-11 19:35:14,27644.0,23.1953,3.80378
2026-09-11 19:35:24,27654.0,23.1875,3.80372
2026-09-11 19:35:34,27663.7,23.2031,3.80368
2026-09-11 19:35:44,27673.8,23.1953,3.80360
2026-09-11 19:35:53,27683.5,23.1875,3.80342
2026-09-11 19:36:04,27693.6,23.1640,3.80339
2026-09-11 19:36:14,27703.7,23.2031,3.80333
2026-09-11 19:36:23,27713.4,23.1562,3.80327
2026-09-11 19:36:33,27723.4,23.1953,3.80317
2026-09-11 19:36:43,27733.1,23.1875,3.80301
2026-09-11 19:36:53,27743.2,23.1640,3.80297
2026-09-11 19:37:03,27753.3,23.1875,3.80294
2026-09-11 19:37:13,27763.0,23.1640,3.80280
2026-09-11 19:37:23,27773.1,23.1718,3.80271
2026-09-11 19:37:33,27782.8,23.1718,3.80258
2026-09-11 19:37:43,27792.8,23.1640,3.80258
2026-09-11 19:37:53,27802.5,23.1718,3.80252
2026-09-11 19:38:03,27812.6,23.1640,3.80239
2026-09-11 19:38:12,27822.3,23.1640,3.80225
2026-09-11 19:38:22,27832.4,23.1875,3.80218
2026-09-11 19:38:32,27842.5,23.1718,3.80216
2026-09-11 19:38:42,27852.2,23.1718,3.80206
2026-09-11 19:38:52,27862.2,23.1718,3.80198
2026-09-11 19:39:02,27871.9,23.1875,3.80184
2026-09-11 19:39:12,27882.0,23.1718,3.80185
2026-09-11 19:39:22,27891.7,23.1640,3.80174
2026-09-11 19:39:32,27901.8,23.1640,3.80165
2026-09-11 19:39:42,27911.9,23.1562,3.80153
2026-09-11 19:39:52,27921.6,23.1640,3.80144
2026-09-11 19:40:02,27931.6,23.1875,3.80143
2026-09-11 19:40:11,27941.3,23.1718,3.80131
2026-09-11 19:40:21,27951.4,23.1718,3.80119
2026-09-11 19:40:31,27961.5,23.1875,3.80111
2026-09-11 19:40:41,27971.2,23.1640,3.80110
2026-09-11 19:40:51,27981.3,23.1562,3.80100
2026-09-11 19:41:01,27991.0,23.1718,3.80088
2026-09-11 19:41:11,28001.0,23.1640,3.80078
2026-09-11 19:41:21,28010.7,23.1562,3.80074
2026-09-11 19:41:31,28020.8,23.1562,3.80069
2026-09-11 19:41:41,28030.9,23.1640,3.80057
2026-09-11 19:41:51,28040.6,23.1718,3.80042
2026-09-11 19:42:01,28050.7,23.1875,3.80032
2026-09-11 19:42:10,28060.4,23.1562,3.80036
2026-09-11 19:42:20,28070.5,23.1484,3.80026
2026-09-11 19:42:30,28080.1,23.1640,3.80010
2026-09-11 19:42:40,28090.2,23.1640,3.80000
2026-09-11 19:42:50,28100.3,23.1640,3.79997
2026-09-11 19:43:00,28110.0,23.1953,3.79993
2026-09-11 19:43:10,28120.1,23.1718,3.79983
2026-09-11 19:43:20,28129.8,23.1640,3.79971
2026-09-11 19:43:30,28139.9,23.1562,3.79962
2026-09-11 19:43:40,28149.5,23.1718,3.79960
2026-09-11 19:43:50,28159.6,23.1640,3.79952
2026-09-11 19:44:00,28169.7,23.1640,3.79939
2026-09-11 19:44:09,28179.4,23.1953,3.79932
2026-09-11 19:44:19,28189.5,23.1640,3.79926
2026-09-11 19:44:29,28199.2,23.1640,3.79918
2026-09-11 19:44:39,28209.2,23.1718,3.79906
2026-09-11 19:44:49,28218.9,23.1562,3.79898
2026-09-11 19:44:59,28229.0,23.1640,3.79893
2026-09-11 19:45:09,28238.7,23.1640,3.79882
2026-09-11 19:45:19,28248.8,23.1562,3.79871
2026-09-11 19:45:29,28258.9,23.1562,3.79861
2026-09-11 19:45:39,28268.6,23.1562,3.79865
2026-09-11 19:45:49,28278.7,23.1718,3.79853
2026-09-11 19:45:58,28288.3,23.1640,3.79841
2026-09-11 19:46:08,28298.4,23.1640,3.79833
2026-09-11 19:46:19,28308.5,23.1640,3.79830
2026-09-11 19:46:28,28318.2,23.1718,3.79818
2026-09-11 19:46:38,28328.3,23.1953,3.79807
2026-09-11 19:46:48,28338.0,23.1562,3.79806
2026-09-11 19:46:58,28348.1,23.1718,3.79800
2026-09-11 19:47:08,28357.8,23.1718,3.79784
2026-09-11 19:47:18,28367.8,23.1562,3.79774
2026-09-11 19:47:28,28377.5,23.1484,3.79774
2026-09-11 19:47:38,28387.6,23.1640,3.79762
2026-09-11 19:47:48,28397.7,23.1640,3.79754
2026-09-11 19:47:57,28407.4,23.1718,3.79739
2026-09-11 19:48:07,28417.5,23.1718,3.79737
2026-09-11 19:48:17,28427.1,23.1640,3.79731
2026-09-11 19:48:27,28437.2,23.1562,3.79715
2026-09-11 19:48:37,28446.9,23.1640,3.79712
2026-09-11 19:48:47,28457.0,23.1718,3.79709
2026-09-11 19:48:57,28467.1,23.1875,3.79698
2026-09-11 19:49:07,28476.8,23.1640,3.79686
2026-09-11 19:49:17,28486.9,23.1484,3.79680
2026-09-11 19:49:27,28496.5,23.1562,3.79677
2026-09-11 19:49:37,28506.6,23.1640,3.79665
2026-09-11 19:49:46,28516.3,23.1640,3.79654
2026-09-11 19:49:56,28526.4,23.1562,3.79653
2026-09-11 19:50:06,28536.5,23.1484,3.79645
2026-09-11 19:50:16,28546.2,23.1406,3.79651
2026-09-11 19:50:26,28556.3,23.1640,3.79649
2026-09-11 19:50:36,28566.0,23.1562,3.79639
2026-09-11 19:50:46,28576.0,23.1406,3.79633
2026-09-11 19:50:56,28585.7,23.1406,3.79625
2026-09-11 19:51:06,28595.8,23.1328,3.79618
2026-09-11 19:51:16,28605.9,23.1328,3.79610
2026-09-11 19:51:26,28615.6,23.1250,3.79603
2026-09-11 19:51:36,28625.7,23.1250,3.79599
2026-09-11 19:51:45,28635.3,23.1406,3.79591
2026-09-11 19:51:55,28645.4,23.1484,3.79580
2026-09-11 19:52:05,28655.1,23.1406,3.79571
2026-09-11 19:52:15,28665.2,23.1328,3.79569
2026-09-11 19:52:25,28675.3,23.1250,3.79561
2026-09-11 19:52:35,28685.0,23.1484,3.79550
2026-09-11 19:52:45,28695.1,23.1250,3.79540
2026-09-11 19:52:55,28704.8,23.1250,3.79539
2026-09-11 19:53:05,28714.8,23.1250,3.79530
2026-09-11 19:53:15,28724.9,23.1250,3.79524
2026-09-11 19:53:25,28734.6,23.1250,3.79515
2026-09-11 19:53:35,28744.7,23.1250,3.79508
2026-09-11 19:53:44,28754.4,23.1093,3.79501
2026-09-11 19:53:54,28764.5,23.1250,3.79490
2026-09-11 19:54:04,28774.2,23.1406,3.79482
2026-09-11 19:54:14,28784.2,23.1250,3.79478
2026-09-11 19:54:24,28794.3,23.1171,3.79466
2026-09-11 19:54:34,28804.0,23.1328,3.79461
2026-09-11 19:54:44,28814.1,23.1250,3.79454
2026-09-11 19:54:54,28823.8,23.1250,3.79448
2026-09-11 19:55:04,28833.9,23.1171,3.79439
2026-09-11 19:55:14,28843.6,23.1250,3.79429
2026-09-11 19:55:24,28853.6,23.1015,3.79425
2026-09-11 19:55:34,28863.7,23.1171,3.79415
2026-09-11 19:55:43,28873.4,23.1171,3.79410
2026-09-11 19:55:53,28883.5,23.1328,3.79398
2026-09-11 19:56:03,28893.2,23.1171,3.79390
2026-09-11 19:56:13,28903.3,23.1328,3.79387
2026-09-11 19:56:23,28913.0,23.1093,3.79379
2026-09-11 19:56:33,28923.0,23.1484,3.79369
2026-09-11 19:56:43,28933.1,23.1093,3.79364
2026-09-11 19:56:53,28942.8,23.1015,3.79356
2026-09-11 19:57:03,28952.9,23.1406,3.79348
2026-09-11 19:57:13,28962.6,23.1093,3.79338
2026-09-11 19:57:23,28972.7,23.1093,3.79330
2026-09-11 19:57:33,28982.8,23.1171,3.79322
2026-09-11 19:57:42,28992.5,23.1250,3.79314
2026-09-11 19:57:53,29002.5,23.1328,3.79308
2026-09-11 19:58:02,29012.2,23.1093,3.79303
2026-09-11 19:58:12,29022.3,23.1250,3.79292
2026-09-11 19:58:22,29032.0,23.1250,3.79285
2026-09-11 19:58:32,29042.1,23.1406,3.79277
2026-09-11 19:58:42,29052.2,23.1171,3.79269
2026-09-11 19:58:52,29061.8,23.1328,3.79265
2026-09-11 19:59:02,29071.9,23.1171,3.79257
2026-09-11 19:59:12,29081.6,23.1171,3.79250
2026-09-11 19:59:22,29091.7,23.1171,3.79238
2026-09-11 19:59:31,29101.4,23.1015,3.79235
2026-09-11 19:59:41,29111.5,23.1171,3.79227
2026-09-11 19:59:52,29121.6,23.1093,3.79216
2026-09-11 20:00:01,29131.2,23.1171,3.79212
2026-09-11 20:00:11,29141.3,23.1093,3.79201
2026-09-11 20:00:21,29151.0,23.1093,3.79193
2026-09-11 20:00:31,29161.1,23.1250,3.79189
2026-09-11 20:00:41,29170.8,23.0937,3.79180
2026-09-11 20:00:51,29180.9,23.1171,3.79171
2026-09-11 20:01:01,29191.0,23.1171,3.79166
2026-09-11 20:01:11,29200.7,23.1171,3.79156
2026-09-11 20:01:21,29210.7,23.1015,3.79149
2026-09-11 20:01:30,29220.4,23.1171,3.79144
2026-09-11 20:01:41,29230.5,23.1250,3.79137
2026-09-11 20:01:51,29240.6,23.1171,3.79129
2026-09-11 20:02:00,29250.3,23.1250,3.79121
2026-09-11 20:02:10,29260.4,23.1015,3.79110
2026-09-11 20:02:20,29270.1,23.0937,3.79103
2026-09-11 20:02:30,29280.1,23.1015,3.79095
2026-09-11 20:02:40,29289.8,23.1015,3.79088
2026-09-11 20:02:50,29299.9,23.1093,3.79082
2026-09-11 20:03:00,29309.6,23.0937,3.79073
2026-09-11 20:03:10,29319.7,23.1015,3.79066
2026-09-11 20:03:20,29329.8,23.1250,3.79058
2026-09-11 20:03:29,29339.5,23.1015,3.79054
2026-09-11 20:03:40,29349.5,23.0937,3.79046
2026-09-11 20:03:49,29359.2,23.1093,3.79039
2026-09-11 20:03:59,29369.3,23.1093,3.79027
2026-09-11 20:04:09,29379.0,23.1015,3.79020
2026-09-11 20:04:19,29389.1,23.1171,3.79016
2026-09-11 20:04:29,29399.2,23.1015,3.79005
2026-09-11 20:04:39,29408.9,23.1093,3.79001
2026-09-11 20:04:49,29419.0,23.1093,3.78990
2026-09-11 20:04:59,29428.6,23.0859,3.78986
2026-09-11 20:05:09,29438.7,23.1171,3.78974
2026-09-11 20:05:19,29448.8,23.1171,3.78967
2026-09-11 20:05:28,29458.5,23.1015,3.78960
2026-09-11 20:05:39,29468.6,23.1171,3.78952
2026-09-11 20:05:48,29478.3,23.1093,3.78945
2026-09-11 20:05:58,29488.3,23.1093,3.78940
2026-09-11 20:06:08,29498.0,23.1093,3.78930
2026-09-11 20:06:18,29508.1,23.1093,3.78924
2026-09-11 20:06:28,29518.2,23.1093,3.78915
2026-09-11 20:06:38,29527.9,23.1093,3.78907
2026-09-11 20:06:48,29538.0,23.1093,3.78903
2026-09-11 20:06:58,29547.7,23.1171,3.78892
2026-09-11 20:07:08,29557.8,23.1171,3.78887
2026-09-11 20:07:17,29567.4,23.1093,3.78881
2026-09-11 20:07:28,29577.5,23.1093,3.78872
2026-09-11 20:07:38,29587.6,23.1093,3.78866
2026-09-11 20:07:47,29597.3,23.1015,3.78855
2026-09-11 20:07:57,29607.4,23.1015,3.78851
2026-09-11 20:08:07,29617.1,23.1171,3.78843
2026-09-11 20:08:17,29627.2,23.1093,3.78836
2026-09-11 20:08:27,29636.8,23.0937,3.78829
2026-09-11 20:08:37,29646.9,23.1093,3.78818
2026-09-11 20:08:47,29657.0,23.1093,3.78810
2026-09-11 20:08:57,29666.7,23.1015,3.78806
2026-09-11 20:09:07,29676.8,23.1171,3.78798
2026-09-11 20:09:16,29686.5,23.0937,3.78791
2026-09-11 20:09:27,29696.5,23.1093,3.78783
2026-09-11 20:09:36,29706.2,23.1093,3.78775
2026-09-11 20:09:46,29716.3,23.1015,3.78768
2026-09-11 20:09:56,29726.4,23.0937,3.78758
2026-09-11 20:10:06,29736.1,23.1015,3.78754
2026-09-11 20:10:16,29746.2,23.1015,3.78743
2026-09-11 20:10:26,29755.9,23.0937,3.78736
2026-09-11 20:10:36,29766.0,23.1093,3.78728
2026-09-11 20:10:46,29775.6,23.0781,3.78724
2026-09-11 20:10:56,29785.7,23.1093,3.78715
2026-09-11 20:11:06,29795.8,23.1015,3.78709
2026-09-11 20:11:15,29805.5,23.1015,3.78699
2026-09-11 20:11:26,29815.6,23.1015,3.78693
2026-09-11 20:11:35,29825.3,23.0859,3.78684
2026-09-11 20:11:45,29835.4,23.0937,3.78679
2026-09-11 20:11:55,29845.0,23.0937,3.78672
2026-09-11 20:12:05,29855.1,23.0937,3.78661
2026-09-11 20:12:15,29864.8,23.1015,3.78654
2026-09-11 20:12:25,29874.9,23.0859,3.78646
2026-09-11 20:12:35,29885.0,23.1093,3.78638
2026-09-11 20:12:45,29894.7,23.0937,3.78632
2026-09-11 20:12:55,29904.8,23.1093,3.78627
2026-09-11 20:13:04,29914.4,23.1015,3.78620
2026-09-11 20:13:15,29924.5,23.1171,3.78612
2026-09-11 20:13:24,29934.2,23.1015,3.78605
2026-09-11 20:13:34,29944.3,23.0859,3.78595
2026-09-11 20:13:44,29954.4,23.1015,3.78590
2026-09-11 20:13:54,29964.1,23.0937,3.78579
2026-09-11 20:14:04,29974.2,23.0937,3.78573
2026-09-11 20:14:14,29983.8,23.0781,3.78568
2026-09-11 20:14:24,29993.9,23.1093,3.78561
2026-09-11 20:14:34,30003.6,23.0859,3.78550
2026-09-11 20:14:44,30013.7,23.1015,3.78543
2026-09-11 20:14:54,30023.8,23.1015,3.78538
2026-09-11 20:15:03,30033.5,23.1093,3.78531
2026-09-11 20:15:14,30043.6,23.0937,3.78522
2026-09-11 20:15:23,30053.2,23.1093,3.78513
2026-09-11 20:15:33,30063.3,23.0937,3.78507
2026-09-11 20:15:43,30073.0,23.1015,3.78501
2026-09-11 20:15:53,30083.1,23.1015,3.78489
2026-09-11 20:16:03,30092.8,23.1093,3.78484
2026-09-11 20:16:13,30102.9,23.0859,3.78479
2026-09-11 20:16:23,30113.0,23.1093,3.78468
2026-09-11 20:16:33,30122.7,23.0937,3.78461
2026-09-11 20:16:43,30132.7,23.0781,3.78457
2026-09-11 20:16:52,30142.4,23.1015,3.78450
2026-09-11 20:17:03,30152.5,23.1015,3.78440
2026-09-11 20:17:12,30162.2,23.0937,3.78432
2026-09-11 20:17:22,30172.3,23.1015,3.78427
2026-09-11 20:17:32,30182.4,23.0937,3.78420
2026-09-11 20:17:42,30192.0,23.1015,3.78413
2026-09-11 20:17:52,30202.1,23.0937,3.78402
2026-09-11 20:18:02,30211.8,23.1015,3.78398
2026-09-11 20:18:12,30221.9,23.0859,3.78391
2026-09-11 20:18:22,30231.6,23.0859,3.78384
2026-09-11 20:18:32,30241.7,23.0781,3.78376
2026-09-11 20:18:41,30251.4,23.0781,3.78369
2026-09-11 20:18:51,30261.5,23.1093,3.78358
2026-09-11 20:19:02,30271.5,23.0781,3.78354
2026-09-11 20:19:11,30281.2,23.0859,3.78343
2026-09-11 20:19:21,30291.3,23.1093,3.78335
2026-09-11 20:19:31,30301.0,23.0937,3.78328
2026-09-11 20:19:41,30311.1,23.1015,3.78324
2026-09-11 20:19:51,30321.2,23.0781,3.78313
2026-09-11 20:20:01,30330.9,23.0859,3.78306
2026-09-11 20:20:11,30340.9,23.1093,3.78298
2026-09-11 20:20:21,30350.6,23.0859,3.78290
2026-09-11 20:20:31,30360.7,23.0859,3.78286
2026-09-11 20:20:40,30370.4,23.0781,3.78277
2026-09-11 20:20:50,30380.5,23.0859,3.78269
2026-09-11 20:21:00,30390.2,23.0937,3.78265
2026-09-11 20:21:10,30400.2,23.0859,3.78254
2026-09-11 20:21:20,30410.3,23.0937,3.78250
2026-09-11 20:21:30,30420.0,23.0937,3.78240
2026-09-11 20:21:40,30430.1,23.1015,3.78235
2026-09-11 20:21:50,30439.8,23.0781,3.78227
2026-09-11 20:22:00,30449.9,23.0781,3.78221
2026-09-11 20:22:10,30459.6,23.0859,3.78210
2026-09-11 20:22:20,30469.7,23.0781,3.78206
2026-09-11 20:22:29,30479.3,23.0781,3.78199
2026-09-11 20:22:39,30489.4,23.0937,3.78191
2026-09-11 20:22:50,30499.5,23.0859,3.78183
2026-09-11 20:22:59,30509.2,23.0703,3.78176
2026-09-11 20:23:09,30519.3,23.0937,3.78166
2026-09-11 20:23:19,30529.0,23.1093,3.78162
2026-09-11 20:23:29,30539.1,23.0781,3.78153
2026-09-11 20:23:39,30549.2,23.0937,3.78144
2026-09-11 20:23:49,30558.8,23.0937,3.78139
2026-09-11 20:23:59,30568.9,23.0781,3.78130
2026-09-11 20:24:09,30578.6,23.0859,3.78122
2026-09-11 20:24:19,30588.7,23.0937,3.78114
2026-09-11 20:24:28,30598.4,23.1093,3.78110
2026-09-11 20:24:38,30608.5,23.0859,3.78099
2026-09-11 20:24:48,30618.1,23.0937,3.78095
2026-09-11 20:24:58,30628.2,23.0937,3.78085
2026-09-11 20:25:08,30638.3,23.0859,3.78078
2026-09-11 20:25:18,30648.0,23.0703,3.78073
2026-09-11 20:25:28,30658.1,23.0859,3.78066
2026-09-11 20:25:38,30667.8,23.0781,3.78056
2026-09-11 20:25:48,30677.9,23.0859,3.78048
2026-09-11 20:25:58,30687.5,23.0859,3.78040
2026-09-11 20:26:08,30697.6,23.0859,3.78033
2026-09-11 20:26:18,30707.7,23.0703,3.78026
2026-09-11 20:26:27,30717.4,23.0937,3.78022
2026-09-11 20:26:37,30727.5,23.0781,3.78014
2026-09-11 20:26:47,30737.2,23.0781,3.78004
2026-09-11 20:26:57,30747.3,23.0703,3.77999
2026-09-11 20:27:07,30757.0,23.0781,3.77993
2026-09-11 20:27:17,30767.0,23.0937,3.77985
2026-09-11 20:27:27,30777.1,23.0937,3.77976
2026-09-11 20:27:37,30786.8,23.0781,3.77970
2026-09-11 20:27:47,30796.9,23.0468,3.77961
2026-09-11 20:27:57,30806.6,23.0781,3.77952
2026-09-11 20:28:07,30816.7,23.0781,3.77948
2026-09-11 20:28:16,30826.4,23.0937,3.77941
2026-09-11 20:28:26,30836.4,23.0859,3.77933
2026-09-11 20:28:37,30846.5,23.0703,3.77925
2026-09-11 20:28:46,30856.2,23.0859,3.77918
2026-09-11 20:28:56,30866.3,23.0937,3.77911
2026-09-11 20:29:06,30876.0,23.0703,3.77900
2026-09-11 20:29:16,30886.1,23.0703,3.77893
2026-09-11 20:29:26,30895.8,23.0937,3.77889
2026-09-11 20:29:36,30905.8,23.0859,3.77882
2026-09-11 20:29:46,30915.9,23.0937,3.77874
2026-09-11 20:29:56,30925.6,23.0781,3.77867
2026-09-11 20:30:06,30935.7,23.0859,3.77859
2026-09-11 20:30:15,30945.4,23.0859,3.77852
2026-09-11 20:30:25,30955.5,23.0703,3.77845
2026-09-11 20:30:35,30965.2,23.0781,3.77836
2026-09-11 20:30:45,30975.2,23.0703,3.77827
2026-09-11 20:30:55,30985.3,23.0468,3.77822
2026-09-11 20:31:05,30995.0,23.0859,3.77814
2026-09-11 20:31:15,31005.1,23.0703,3.77808
2026-09-11 20:31:25,31014.8,23.0546,3.77801
2026-09-11 20:31:35,31024.9,23.0781,3.77793
2026-09-11 20:31:45,31034.6,23.0703,3.77783
2026-09-11 20:31:55,31044.6,23.0546,3.77778
2026-09-11 20:32:04,31054.3,23.0859,3.77772
2026-09-11 20:32:14,31064.4,23.0781,3.77764
2026-09-11 20:32:24,31074.5,23.0703,3.77757
2026-09-11 20:32:34,31084.2,23.0781,3.77749
2026-09-11 20:32:44,31094.3,23.0781,3.77739
2026-09-11 20:32:54,31104.0,23.0703,3.77734
2026-09-11 20:33:04,31114.0,23.0781,3.77727
2026-09-11 20:33:14,31124.1,23.0781,3.77720
2026-09-11 20:33:24,31133.8,23.0468,3.77713
2026-09-11 20:33:34,31143.9,23.0703,3.77702
2026-09-11 20:33:44,31153.6,23.0468,3.77697
2026-09-11 20:33:54,31163.7,23.0546,3.77690
2026-09-11 20:34:03,31173.4,23.0781,3.77679
2026-09-11 20:34:13,31183.5,23.0859,3.77675
2026-09-11 20:34:23,31193.1,23.0781,3.77668
2026-09-11 20:34:33,31203.2,23.0703,3.77657
2026-09-11 20:34:43,31213.3,23.0937,3.77654
2026-09-11 20:34:53,31223.0,23.0703,3.77646
2026-09-11 20:35:03,31233.1,23.0859,3.77636
2026-09-11 20:35:13,31242.8,23.0546,3.77628
2026-09-11 20:35:23,31252.9,23.0781,3.77621
2026-09-11 20:35:33,31262.5,23.0859,3.77614
2026-09-11 20:35:43,31272.6,23.0546,3.77606
2026-09-11 20:35:52,31282.3,23.0859,3.77599
2026-09-11 20:36:02,31292.4,23.0546,3.77592
2026-09-11 20:36:12,31302.5,23.0859,3.77583
2026-09-11 20:36:22,31312.2,23.0546,3.77580
2026-09-11 20:36:32,31322.2,23.0781,3.77572
2026-09-11 20:36:42,31331.9,23.0546,3.77565
2026-09-11 20:36:52,31342.0,23.0546,3.77557
2026-09-11 20:37:02,31351.7,23.0781,3.77547
2026-09-11 20:37:12,31361.8,23.0546,3.77542
2026-09-11 20:37:22,31371.9,23.0468,3.77533
2026-09-11 20:37:32,31381.6,23.0546,3.77525
2026-09-11 20:37:42,31391.7,23.0703,3.77519
2026-09-11 20:37:51,31401.3,23.0546,3.77513
2026-09-11 20:38:01,31411.4,23.0546,3.77506
2026-09-11 20:38:11,31421.1,23.0546,3.77496
2026-09-11 20:38:21,31431.2,23.0703,3.77488
2026-09-11 20:38:31,31440.9,23.0703,3.77484
2026-09-11 20:38:41,31451.0,23.0546,3.77477
2026-09-11 20:38:51,31461.1,23.0468,3.77469
2026-09-11 20:39:01,31470.7,23.0468,3.77462
2026-09-11 20:39:11,31480.8,23.0546,3.77454
2026-09-11 20:39:21,31490.5,23.0468,3.77445
2026-09-11 20:39:31,31500.6,23.0468,3.77437
2026-09-11 20:39:40,31510.3,23.0781,3.77429
2026-09-11 20:39:50,31520.4,23.0546,3.77424
2026-09-11 20:40:00,31530.5,23.0703,3.77414
2026-09-11 20:40:10,31540.1,23.0468,3.77408
2026-09-11 20:40:20,31550.2,23.0546,3.77400
2026-09-11 20:40:30,31559.9,23.0312,3.77396
2026-09-11 20:40:40,31570.0,23.0546,3.77386
2026-09-11 20:40:50,31579.7,23.0546,3.77381
2026-09-11 20:41:00,31589.8,23.0546,3.77373
2026-09-11 20:41:09,31599.5,23.0468,3.77366
2026-09-11 20:41:20,31609.5,23.0781,3.77359
2026-09-11 20:41:30,31619.6,23.0546,3.77352
2026-09-11 20:41:39,31629.3,23.0390,3.77345
2026-09-11 20:41:49,31639.4,23.0546,3.77335
2026-09-11 20:41:59,31649.1,23.0468,3.77327
2026-09-11 20:42:09,31659.2,23.0468,3.77318
2026-09-11 20:42:19,31668.9,23.0546,3.77312
2026-09-11 20:42:29,31679.0,23.0546,3.77308
2026-09-11 20:42:39,31689.0,23.0703,3.77300
2026-09-11 20:42:49,31698.7,23.0468,3.77293
2026-09-11 20:42:59,31708.8,23.0546,3.77286
2026-09-11 20:43:08,31718.5,23.0546,3.77278
2026-09-11 20:43:19,31728.6,23.0390,3.77271
2026-09-11 20:43:28,31738.3,23.0546,3.77264
2026-09-11 20:43:38,31748.3,23.0390,3.77252
2026-09-11 20:43:48,31758.0,23.0546,3.77249
2026-09-11 20:43:58,31768.1,23.0390,3.77238
2026-09-11 20:44:08,31778.2,23.0312,3.77232
2026-09-11 20:44:18,31787.9,23.0390,3.77227
2026-09-11 20:44:28,31798.0,23.0312,3.77219
2026-09-11 20:44:38,31807.7,23.0468,3.77209
2026-09-11 20:44:48,31817.8,23.0312,3.77201
2026-09-11 20:44:58,31827.8,23.0546,3.77194
2026-09-11 20:45:08,31837.5,23.0312,3.77190
2026-09-11 20:45:18,31847.6,23.0390,3.77182
2026-09-11 20:45:27,31857.3,23.0234,3.77172
2026-09-11 20:45:37,31867.4,23.0312,3.77168
2026-09-11 20:45:47,31877.5,23.0546,3.77157
2026-09-11 20:45:57,31887.2,23.0468,3.77153
2026-09-11 20:46:07,31897.2,23.0546,3.77143
2026-09-11 20:46:17,31906.9,23.0390,3.77138
2026-09-11 20:46:27,31917.0,23.0468,3.77131
2026-09-11 20:46:37,31926.7,23.0390,3.77121
2026-09-11 20:46:47,31936.8,23.0156,3.77113
2026-09-11 20:46:57,31946.9,23.0390,3.77105
2026-09-11 20:47:07,31956.6,23.0468,3.77099
2026-09-11 20:47:17,31966.6,23.0390,3.77091
2026-09-11 20:47:26,31976.3,23.0468,3.77087
2026-09-11 20:47:36,31986.4,23.0468,3.77076
2026-09-11 20:47:46,31996.1,23.0312,3.77069
2026-09-11 20:47:56,32006.2,23.0390,3.77065
2026-09-11 20:48:06,32016.3,23.0390,3.77054
2026-09-11 20:48:16,32026.0,23.0468,3.77050
2026-09-11 20:48:26,32036.0,23.0390,3.77043
2026-09-11 20:48:36,32045.7,23.0156,3.77035
2026-09-11 20:48:46,32055.8,23.0312,3.77028
2026-09-11 20:48:56,32065.9,23.0312,3.77017
2026-09-11 20:49:06,32075.6,23.0312,3.77013
2026-09-11 20:49:16,32085.7,23.0390,3.77003
2026-09-11 20:49:25,32095.4,23.0312,3.76998
2026-09-11 20:49:35,32105.5,23.0312,3.76988
2026-09-11 20:49:45,32115.1,23.0312,3.76979
2026-09-11 20:49:55,32125.2,23.0234,3.76974
2026-09-11 20:50:05,32135.3,23.0156,3.76966
2026-09-11 20:50:15,32145.0,23.0312,3.76958
2026-09-11 20:50:25,32155.1,23.0234,3.76953
2026-09-11 20:50:35,32164.8,23.0234,3.76944
2026-09-11 20:50:45,32174.8,23.0546,3.76940
2026-09-11 20:50:55,32184.9,23.0390,3.76929
2026-09-11 20:51:05,32194.6,23.0234,3.76921
2026-09-11 20:51:15,32204.7,23.0312,3.76917
2026-09-11 20:51:24,32214.4,23.0390,3.76910
2026-09-11 20:51:34,32224.5,23.0312,3.76902
2026-09-11 20:51:44,32234.2,23.0312,3.76894
2026-09-11 20:51:54,32244.2,23.0156,3.76888
2026-09-11 20:52:04,32253.9,23.0156,3.76878
2026-09-11 20:52:14,32264.0,23.0312,3.76870
2026-09-11 20:52:24,32274.1,23.0234,3.76863
2026-09-11 20:52:34,32283.8,23.0156,3.76855
2026-09-11 20:52:44,32293.9,23.0156,3.76851
2026-09-11 20:52:54,32304.0,23.0390,3.76843
2026-09-11 20:53:04,32313.7,23.0234,3.76836
2026-09-11 20:53:14,32323.7,23.0234,3.76829
2026-09-11 20:53:23,32333.4,23.0234,3.76818
2026-09-11 20:53:34,32343.5,23.0312,3.76814
2026-09-11 20:53:43,32353.2,23.0234,3.76804
2026-09-11 20:53:53,32363.3,23.0390,3.76799
2026-09-11 20:54:03,32373.4,23.0234,3.76792
2026-09-11 20:54:13,32383.1,23.0156,3.76785
2026-09-11 20:54:23,32393.1,23.0234,3.76774
2026-09-11 20:54:33,32402.8,23.0312,3.76771
2026-09-11 20:54:43,32412.9,23.0156,3.76762
2026-09-11 20:54:53,32423.0,23.0156,3.76752
2026-09-11 20:55:03,32432.7,23.0234,3.76747
2026-09-11 20:55:13,32442.8,23.0312,3.76740
2026-09-11 20:55:22,32452.5,23.0234,3.76732
2026-09-11 20:55:33,32462.5,23.0312,3.76725
2026-09-11 20:55:43,32472.6,23.0312,3.76714
2026-09-11 20:55:52,32482.3,23.0390,3.76707
2026-09-11 20:56:02,32492.4,23.0234,3.76701
2026-09-11 20:56:12,32502.1,23.0156,3.76693
2026-09-11 20:56:22,32512.2,23.0234,3.76686
2026-09-11 20:56:32,32521.9,23.0234,3.76677
2026-09-11 20:56:42,32532.0,23.0312,3.76670
2026-09-11 20:56:52,32542.0,23.0234,3.76666
2026-09-11 20:57:02,32551.7,23.0390,3.76658
2026-09-11 20:57:12,32561.8,23.0234,3.76651
2026-09-11 20:57:21,32571.5,23.0390,3.76644
2026-09-11 20:57:32,32581.6,23.0156,3.76635
2026-09-11 20:57:42,32591.7,23.0078,3.76628
2026-09-11 20:57:51,32601.3,23.0234,3.76621
2026-09-11 20:58:01,32611.4,23.0234,3.76613
2026-09-11 20:58:11,32621.1,23.0312,3.76603
2026-09-11 20:58:21,32631.2,23.0234,3.76597
2026-09-11 20:58:31,32641.3,23.0078,3.76591
2026-09-11 20:58:41,32651.0,23.0234,3.76581
2026-09-11 20:58:51,32661.1,23.0000,3.76577
2026-09-11 20:59:01,32670.8,23.0234,3.76566
2026-09-11 20:59:11,32680.8,23.0156,3.76562
2026-09-11 20:59:21,32690.9,23.0234,3.76551
2026-09-11 20:59:31,32700.6,23.0156,3.76547
2026-09-11 20:59:41,32710.7,23.0078,3.76539
2026-09-11 20:59:50,32720.4,23.0156,3.76529
2026-09-11 21:00:00,32730.5,23.0156,3.76525
2026-09-11 21:00:11,32740.6,23.0156,3.76514
2026-09-11 21:00:20,32750.2,23.0234,3.76510
2026-09-11 21:00:30,32760.3,23.0156,3.76502
2026-09-11 21:00:40,32770.0,23.0312,3.76495
2026-09-11 21:00:50,32780.1,23.0156,3.76487
2026-09-11 21:01:00,32790.2,23.0234,3.76477
2026-09-11 21:01:10,32799.9,23.0234,3.76472
2026-09-11 21:01:20,32810.0,23.0078,3.76462
2026-09-11 21:01:30,32819.6,23.0390,3.76454
2026-09-11 21:01:40,32829.7,22.9921,3.76447
2026-09-11 21:01:50,32839.8,23.0234,3.76439
2026-09-11 21:01:59,32849.5,23.0234,3.76432
2026-09-11 21:02:10,32859.6,23.0078,3.76424
2026-09-11 21:02:19,32869.3,23.0234,3.76420
2026-09-11 21:02:29,32879.4,23.0234,3.76409
2026-09-11 21:02:39,32889.5,23.0312,3.76401
2026-09-11 21:02:49,32899.1,23.0234,3.76394
2026-09-11 21:02:59,32909.2,23.0156,3.76386
2026-09-11 21:03:09,32918.9,23.0234,3.76382
2026-09-11 21:03:19,32929.0,23.0078,3.76372
2026-09-11 21:03:29,32938.7,23.0234,3.76367
2026-09-11 21:03:39,32948.8,23.0156,3.76356
2026-09-11 21:03:49,32958.8,23.0234,3.76352
2026-09-11 21:03:59,32968.5,23.0156,3.76341
2026-09-11 21:04:09,32978.6,23.0156,3.76334
2026-09-11 21:04:18,32988.3,23.0156,3.76327
2026-09-11 21:04:28,32998.4,22.9921,3.76321
2026-09-11 21:04:38,33008.5,23.0156,3.76314
2026-09-11 21:04:48,33018.2,23.0234,3.76304
2026-09-11 21:04:58,33028.2,23.0156,3.76300
2026-09-11 21:05:08,33037.9,23.0156,3.76289
2026-09-11 21:05:18,33048.0,23.0000,3.76284
2026-09-11 21:05:28,33058.1,23.0234,3.76276
2026-09-11 21:05:38,33067.8,23.0312,3.76270
2026-09-11 21:05:48,33077.9,23.0000,3.76262
2026-09-11 21:05:58,33087.6,23.0000,3.76254
2026-09-11 21:06:08,33097.7,23.0234,3.76244
2026-09-11 21:06:18,33107.7,23.0078,3.76236
2026-09-11 21:06:27,33117.4,23.0078,3.76232
2026-09-11 21:06:38,33127.5,23.0156,3.76221
2026-09-11 21:06:47,33137.2,23.0078,3.76217
2026-09-11 21:06:57,33147.3,23.0156,3.76205
2026-09-11 21:07:07,33157.0,23.0156,3.76198
2026-09-11 21:07:17,33167.1,23.0078,3.76190
2026-09-11 21:07:27,33177.1,23.0156,3.76184
2026-09-11 21:07:37,33186.8,23.0234,3.76176
2026-09-11 21:07:47,33196.9,23.0000,3.76170
2026-09-11 21:07:57,33206.6,23.0078,3.76164
2026-09-11 21:08:07,33216.7,23.0234,3.76152
2026-09-11 21:08:17,33226.8,23.0234,3.76144
2026-09-11 21:08:26,33236.5,23.0078,3.76140
2026-09-11 21:08:37,33246.5,23.0234,3.76132
2026-09-11 21:08:46,33256.2,23.0000,3.76125
2026-09-11 21:08:56,33266.3,23.0078,3.76115
2026-09-11 21:09:06,33276.4,23.0156,3.76107
2026-09-11 21:09:16,33286.1,23.0156,3.76102
2026-09-11 21:09:26,33296.2,22.9921,3.76092
2026-09-11 21:09:36,33305.9,23.0000,3.76084
2026-09-11 21:09:46,33316.0,22.9921,3.76079
2026-09-11 21:09:56,33326.0,23.0000,3.76068
2026-09-11 21:10:06,33335.7,23.0078,3.76065
2026-09-11 21:10:16,33345.8,23.0000,3.76057
2026-09-11 21:10:25,33355.5,23.0000,3.76049
2026-09-11 21:10:36,33365.6,23.0000,3.76039
2026-09-11 21:10:46,33375.7,23.0078,3.76032
2026-09-11 21:10:55,33385.3,22.9843,3.76026
2026-09-11 21:11:05,33395.4,23.0078,3.76018
2026-09-11 21:11:15,33405.1,23.0078,3.76008
2026-09-11 21:11:25,33415.2,23.0156,3.76001
2026-09-11 21:11:35,33425.3,23.0078,3.75993
2026-09-11 21:11:45,33435.0,23.0000,3.75988
2026-09-11 21:11:55,33445.1,22.9921,3.75980
2026-09-11 21:12:05,33455.2,22.9921,3.75966
2026-09-11 21:12:15,33464.8,23.0078,3.75966
2026-09-11 21:12:25,33474.9,23.0078,3.75954
2026-09-11 21:12:35,33484.6,23.0000,3.75950
2026-09-11 21:12:45,33494.7,23.0078,3.75940
2026-09-11 21:12:54,33504.4,22.9921,3.75931
2026-09-11 21:13:04,33514.5,23.0078,3.75924
2026-09-11 21:13:15,33524.6,22.9843,3.75915
2026-09-11 21:13:24,33534.2,23.0078,3.75909
2026-09-11 21:13:34,33544.3,22.9921,3.75903
2026-09-11 21:13:44,33554.4,22.9921,3.75893
2026-09-11 21:13:54,33564.1,23.0156,3.75887
2026-09-11 21:14:04,33574.2,22.9921,3.75879
2026-09-11 21:14:14,33583.9,23.0078,3.75873
2026-09-11 21:14:24,33594.0,22.9921,3.75863
2026-09-11 21:14:34,33604.0,23.0000,3.75856
2026-09-11 21:14:44,33613.7,23.0078,3.75850
2026-09-11 21:14:54,33623.8,22.9843,3.75838
2026-09-11 21:15:04,33633.5,22.9921,3.75834
2026-09-11 21:15:14,33643.6,23.0000,3.75823
2026-09-11 21:15:23,33653.3,23.0000,3.75815
2026-09-11 21:15:33,33663.4,23.0078,3.75811
2026-09-11 21:15:43,33673.5,23.0078,3.75799
2026-09-11 21:15:53,33683.1,22.9921,3.75792
2026-09-11 21:16:03,33693.2,22.9843,3.75788
2026-09-11 21:16:13,33702.9,23.0156,3.75780
2026-09-11 21:16:23,33713.0,22.9765,3.75771
2026-09-11 21:16:33,33723.1,22.9921,3.75761
2026-09-11 21:16:43,33732.8,23.0000,3.75753
2026-09-11 21:16:53,33742.8,22.9921,3.75746
2026-09-11 21:17:03,33752.5,23.0000,3.75741
2026-09-11 21:17:13,33762.6,22.9921,3.75733
2026-09-11 21:17:23,33772.7,23.0234,3.75725
2026-09-11 21:17:32,33782.4,23.0000,3.75715
2026-09-11 21:17:43,33792.5,22.9921,3.75710
2026-09-11 21:17:52,33802.2,23.0000,3.75703
2026-09-11 21:18:02,33812.2,23.0000,3.75695
2026-09-11 21:18:12,33822.3,23.0000,3.75683
2026-09-11 21:18:22,33832.0,23.0078,3.75675
2026-09-11 21:18:32,33842.1,23.0000,3.75671
2026-09-11 21:18:42,33851.8,22.9921,3.75661
2026-09-11 21:18:52,33861.9,23.0000,3.75656
2026-09-11 21:19:02,33872.0,22.9921,3.75648
2026-09-11 21:19:12,33881.7,23.0078,3.75641
2026-09-11 21:19:22,33891.7,22.9921,3.75629
2026-09-11 21:19:31,33901.4,23.0078,3.75625
2026-09-11 21:19:42,33911.5,22.9921,3.75617
2026-09-11 21:19:51,33921.2,22.9921,3.75606
2026-09-11 21:20:01,33931.3,22.9921,3.75601
2026-09-11 21:20:11,33941.4,22.9843,3.75593
2026-09-11 21:20:21,33951.1,22.9921,3.75586
2026-09-11 21:20:31,33961.1,22.9843,3.75574
2026-09-11 21:20:41,33970.8,22.9921,3.75568
2026-09-11 21:20:51,33980.9,23.0000,3.75562
2026-09-11 21:21:01,33990.6,22.9921,3.75552
2026-09-11 21:21:11,34000.7,22.9765,3.75547
2026-09-11 21:21:21,34010.8,22.9921,3.75536
2026-09-11 21:21:31,34020.5,22.9765,3.75532
2026-09-11 21:21:41,34030.5,23.0000,3.75524
2026-09-11 21:21:50,34040.2,23.0000,3.75513
2026-09-11 21:22:00,34050.3,23.0000,3.75508
2026-09-11 21:22:10,34060.4,22.9843,3.75500
2026-09-11 21:22:20,34070.1,22.9843,3.75493
2026-09-11 21:22:30,34080.2,23.0000,3.75481
2026-09-11 21:22:40,34089.9,22.9921,3.75475
2026-09-11 21:22:50,34100.0,22.9921,3.75469
2026-09-11 21:23:00,34110.0,22.9843,3.75461
2026-09-11 21:23:10,34119.7,22.9921,3.75454
2026-09-11 21:23:20,34129.8,22.9843,3.75446
2026-09-11 21:23:30,34139.5,22.9687,3.75438
2026-09-11 21:23:40,34149.6,22.9765,3.75430
2026-09-11 21:23:50,34159.7,22.9765,3.75419
2026-09-11 21:23:59,34169.3,22.9843,3.75414
2026-09-11 21:24:10,34179.4,22.9843,3.75403
2026-09-11 21:24:19,34189.1,22.9843,3.75398
2026-09-11 21:24:29,34199.2,22.9843,3.75385
2026-09-11 21:24:39,34209.3,22.9843,3.75383
2026-09-11 21:24:49,34219.0,22.9921,3.75372
2026-09-11 21:24:59,34229.1,22.9843,3.75364
2026-09-11 21:25:09,34238.8,22.9765,3.75360
2026-09-11 21:25:19,34248.8,22.9921,3.75351
2026-09-11 21:25:29,34258.9,22.9921,3.75341
2026-09-11 21:25:39,34268.6,22.9765,3.75336
2026-09-11 21:25:49,34278.7,22.9843,3.75328
2026-09-11 21:25:59,34288.4,22.9843,3.75321
2026-09-11 21:26:09,34298.5,22.9765,3.75309
2026-09-11 21:26:19,34308.6,22.9765,3.75305
2026-09-11 21:26:28,34318.2,22.9921,3.75297
2026-09-11 21:26:38,34328.3,22.9609,3.75287
2026-09-11 21:26:48,34338.0,23.0000,3.75278
2026-09-11 21:26:58,34348.1,22.9765,3.75271
2026-09-11 21:27:08,34358.2,22.9921,3.75265
2026-09-11 21:27:18,34367.9,22.9843,3.75254
2026-09-11 21:27:28,34378.0,22.9843,3.75246
2026-09-11 21:27:38,34387.6,22.9843,3.75243
2026-09-11 21:27:48,34397.7,22.9765,3.75235
2026-09-11 21:27:58,34407.4,22.9921,3.75224
2026-09-11 21:28:08,34417.5,22.9765,3.75218
2026-09-11 21:28:18,34427.6,22.9921,3.75208
2026-09-11 21:28:27,34437.3,22.9687,3.75203
2026-09-11 21:28:38,34447.4,22.9765,3.75191
2026-09-11 21:28:47,34457.0,22.9765,3.75187
2026-09-11 21:28:57,34467.1,22.9921,3.75176
2026-09-11 21:29:07,34477.2,22.9843,3.75170
2026-09-11 21:29:17,34486.9,22.9687,3.75160
2026-09-11 21:29:27,34497.0,22.9687,3.75156
2026-09-11 21:29:37,34506.7,22.9765,3.75144
2026-09-11 21:29:47,34516.8,22.9921,3.75137
2026-09-11 21:29:57,34526.8,22.9765,3.75129
2026-09-11 21:30:07,34536.5,22.9921,3.75124
2026-09-11 21:30:17,34546.6,22.9843,3.75116
2026-09-11 21:30:26,34556.3,22.9687,3.75105
2026-09-11 21:30:37,34566.4,22.9921,3.75101
2026-09-11 21:30:47,34576.5,22.9843,3.75089
2026-09-11 21:30:56,34586.2,22.9921,3.75081
2026-09-11 21:31:06,34596.2,22.9687,3.75076
2026-09-11 21:31:16,34605.9,22.9843,3.75069
2026-09-11 21:31:26,34616.0,22.9843,3.75058
2026-09-11 21:31:36,34626.1,22.9765,3.75050
2026-09-11 21:31:46,34635.8,22.9609,3.75046
2026-09-11 21:31:56,34645.9,22.9843,3.75038
2026-09-11 21:32:06,34655.6,22.9687,3.75028
2026-09-11 21:32:16,34665.7,22.9765,3.75022
2026-09-11 21:32:26,34675.7,22.9765,3.75014
2026-09-11 21:32:36,34685.4,23.0000,3.75006
2026-09-11 21:32:46,34695.5,22.9687,3.74998
2026-09-11 21:32:55,34705.2,22.9687,3.74990
2026-09-11 21:33:05,34715.3,22.9765,3.74982
2026-09-11 21:33:16,34725.4,22.9609,3.74973
2026-09-11 21:33:25,34735.1,22.9765,3.74967
2026-09-11 21:33:35,34745.1,22.9687,3.74955
2026-09-11 21:33:45,34754.8,22.9843,3.74951
2026-09-11 21:33:55,34764.9,22.9765,3.74940
2026-09-11 21:34:05,34774.6,22.9765,3.74935
2026-09-11 21:34:15,34784.7,22.9843,3.74928
2026-09-11 21:34:25,34794.8,22.9765,3.74916
2026-09-11 21:34:35,34804.5,22.9687,3.74908
2026-09-11 21:34:45,34814.5,22.9687,3.74902
2026-09-11 21:34:55,34824.6,22.9609,3.74892
2026-09-11 21:35:05,34834.3,22.9765,3.74888
2026-09-11 21:35:15,34844.4,22.9687,3.74880
2026-09-11 21:35:24,34854.1,22.9843,3.74872
2026-09-11 21:35:34,34864.2,22.9765,3.74864
2026-09-11 21:35:44,34874.3,22.9609,3.74854
2026-09-11 21:35:54,34884.0,22.9765,3.74849
2026-09-11 21:36:04,34894.0,22.9609,3.74837
2026-09-11 21:36:14,34903.7,22.9609,3.74833
2026-09-11 21:36:24,34913.8,22.9843,3.74825
2026-09-11 21:36:34,34923.9,22.9687,3.74817
2026-09-11 21:36:44,34933.6,22.9687,3.74809
2026-09-11 21:36:54,34943.7,22.9687,3.74801
2026-09-11 21:37:04,34953.3,22.9843,3.74793
2026-09-11 21:37:14,34963.4,22.9687,3.74786
2026-09-11 21:37:24,34973.5,22.9687,3.74775
2026-09-11 21:37:33,34983.2,22.9687,3.74768
2026-09-11 21:37:44,34993.3,22.9531,3.74761
2026-09-11 21:37:53,35003.0,22.9765,3.74751
2026-09-11 21:38:03,35013.1,22.9687,3.74744
2026-09-11 21:38:13,35023.2,22.9687,3.74737
2026-09-11 21:38:23,35032.8,22.9687,3.74732
2026-09-11 21:38:33,35042.9,22.9687,3.74724
2026-09-11 21:38:43,35052.6,22.9765,3.74716
2026-09-11 21:38:53,35062.7,22.9765,3.74705
2026-09-11 21:39:03,35072.4,22.9921,3.74697
2026-09-11 21:39:13,35082.5,22.9609,3.74693
2026-09-11 21:39:23,35092.6,22.9531,3.74685
2026-09-11 21:39:32,35102.2,22.9531,3.74677
2026-09-11 21:39:43,35112.3,22.9687,3.74669
2026-09-11 21:39:52,35122.0,22.9687,3.74659
2026-09-11 21:40:02,35132.1,22.9843,3.74654
2026-09-11 21:40:12,35142.2,22.9765,3.74646
2026-09-11 21:40:22,35151.9,22.9765,3.74636
2026-09-11 21:40:32,35162.0,22.9765,3.74630
2026-09-11 21:40:42,35171.6,22.9609,3.74624
2026-09-11 21:40:52,35181.7,22.9687,3.74613
2026-09-11 21:41:02,35191.8,22.9843,3.74606
2026-09-11 21:41:12,35201.5,22.9921,3.74597
2026-09-11 21:41:22,35211.6,22.9687,3.74590
2026-09-11 21:41:32,35221.3,22.9609,3.74583
2026-09-11 21:41:42,35231.4,22.9609,3.74579
2026-09-11 21:41:52,35241.5,22.9687,3.74567
2026-09-11 21:42:01,35251.1,22.9609,3.74563
2026-09-11 21:42:11,35261.2,22.9687,3.74556
2026-09-11 21:42:21,35270.9,22.9687,3.74547
2026-09-11 21:42:31,35281.0,22.9609,3.74541
2026-09-11 21:42:41,35290.7,22.9609,3.74533
2026-09-11 21:42:51,35300.8,22.9687,3.74523
2026-09-11 21:43:01,35310.8,22.9765,3.74518
2026-09-11 21:43:11,35320.5,22.9609,3.74508
2026-09-11 21:43:21,35330.6,22.9609,3.74501
2026-09-11 21:43:31,35340.3,22.9531,3.74496
2026-09-11 21:43:41,35350.4,22.9609,3.74486
2026-09-11 21:43:51,35360.5,22.9609,3.74481
2026-09-11 21:44:00,35370.2,22.9609,3.74471
2026-09-11 21:44:11,35380.2,22.9531,3.74467
2026-09-11 21:44:20,35389.9,22.9609,3.74457
2026-09-11 21:44:30,35400.0,22.9531,3.74452
2026-09-11 21:44:40,35410.1,22.9609,3.74445
2026-09-11 21:44:50,35419.8,22.9765,3.74438
2026-09-11 21:45:00,35429.9,22.9687,3.74431
2026-09-11 21:45:10,35439.6,22.9687,3.74422
2026-09-11 21:45:20,35449.7,22.9687,3.74414
2026-09-11 21:45:30,35459.7,22.9687,3.74409
2026-09-11 21:45:40,35469.4,22.9531,3.74402
2026-09-11 21:45:50,35479.5,22.9765,3.74395
2026-09-11 21:45:59,35489.2,22.9531,3.74385
2026-09-11 21:46:10,35499.3,22.9765,3.74379
2026-09-11 21:46:20,35509.4,22.9687,3.74370
2026-09-11 21:46:29,35519.0,22.9687,3.74365
2026-09-11 21:46:39,35529.1,22.9609,3.74359
2026-09-11 21:46:49,35538.8,22.9687,3.74349
2026-09-11 21:46:59,35548.9,22.9765,3.74345
2026-09-11 21:47:09,35559.0,22.9687,3.74338
2026-09-11 21:47:19,35568.7,22.9687,3.74328
2026-09-11 21:47:29,35578.8,22.9531,3.74321
2026-09-11 21:47:39,35588.5,22.9609,3.74314
2026-09-11 21:47:49,35598.5,22.9765,3.74310
2026-09-11 21:47:59,35608.2,22.9687,3.74304
2026-09-11 21:48:09,35618.3,22.9687,3.74293
2026-09-11 21:48:19,35628.4,22.9609,3.74286
2026-09-11 21:48:28,35638.1,22.9765,3.74280
2026-09-11 21:48:38,35648.2,22.9531,3.74272
2026-09-11 21:48:48,35657.9,22.9609,3.74269
2026-09-11 21:48:58,35668.0,22.9687,3.74262
2026-09-11 21:49:08,35678.0,22.9687,3.74253
2026-09-11 21:49:18,35687.7,22.9687,3.74247
2026-09-11 21:49:28,35697.8,22.9609,3.74241
2026-09-11 21:49:38,35707.5,22.9609,3.74232
2026-09-11 21:49:48,35717.6,22.9609,3.74228
2026-09-11 21:49:58,35727.7,22.9609,3.74218
2026-09-11 21:50:08,35737.3,22.9609,3.74212
2026-09-11 21:50:18,35747.4,22.9765,3.74205
2026-09-11 21:50:27,35757.1,22.9843,3.74201
2026-09-11 21:50:38,35767.2,22.9609,3.74193
2026-09-11 21:50:48,35777.3,22.9609,3.74188
2026-09-11 21:50:57,35787.0,22.9609,3.74182
2026-09-11 21:51:07,35797.1,22.9609,3.74174
2026-09-11 21:51:17,35806.8,22.9687,3.74165
2026-09-11 21:51:27,35816.8,22.9765,3.74158
2026-09-11 21:51:37,35826.5,22.9609,3.74152
2026-09-11 21:51:47,35836.6,22.9531,3.74145
2026-09-11 21:51:57,35846.7,22.9375,3.74138
2026-09-11 21:52:07,35856.4,22.9687,3.74135
2026-09-11 21:52:17,35866.5,22.9609,3.74125
2026-09-11 21:52:27,35876.6,22.9765,3.74121
2026-09-11 21:52:37,35886.2,22.9609,3.74112
2026-09-11 21:52:47,35896.3,22.9375,3.74109
2026-09-11 21:52:56,35906.0,22.9531,3.74102
2026-09-11 21:53:06,35916.1,22.9609,3.74096
2026-09-11 21:53:16,35925.8,22.9609,3.74090
2026-09-11 21:53:26,35935.9,22.9531,3.74080
2026-09-11 21:53:36,35946.0,22.9609,3.74076
2026-09-11 21:53:46,35955.6,22.9687,3.74070
2026-09-11 21:53:56,35965.7,22.9687,3.74060
2026-09-11 21:54:06,35975.4,22.9687,3.74054
2026-09-11 21:54:16,35985.5,22.9687,3.74051
2026-09-11 21:54:25,35995.2,22.9687,3.74039
2026-09-11 21:54:36,36005.3,22.9687,3.74038
2026-09-11 21:54:46,36015.4,22.9609,3.74032
2026-09-11 21:54:55,36025.0,22.9687,3.74024
2026-09-11 21:55:05,36035.1,22.9609,3.74018
2026-09-11 21:55:15,36044.8,22.9531,3.74009
2026-09-11 21:55:25,36054.9,22.9609,3.74006
2026-09-11 21:55:35,36065.0,22.9609,3.73999
2026-09-11 21:55:45,36074.7,22.9687,3.73993
2026-09-11 21:55:55,36084.8,22.9609,3.73984
2026-09-11 21:56:05,36094.5,22.9296,3.73979
2026-09-11 21:56:15,36104.5,22.9531,3.73974
2026-09-11 21:56:25,36114.6,22.9296,3.73964
2026-09-11 21:56:35,36124.3,22.9531,3.73958
2026-09-11 21:56:45,36134.4,22.9609,3.73954
2026-09-11 21:56:54,36144.1,22.9375,3.73948
2026-09-11 21:57:04,36154.2,22.9375,3.73942
2026-09-11 21:57:15,36164.2,22.9531,3.73932
2026-09-11 21:57:24,36173.9,22.9531,3.73926
2026-09-11 21:57:34,36184.0,22.9296,3.73919
2026-09-11 21:57:44,36193.7,22.9531,3.73914
2026-09-11 21:57:54,36203.8,22.9375,3.73907
2026-09-11 21:58:04,36213.9,22.9531,3.73900
2026-09-11 21:58:14,36223.6,22.9531,3.73893
2026-09-11 21:58:24,36233.7,22.9609,3.73887
2026-09-11 21:58:34,36243.3,22.9375,3.73880
2026-09-11 21:58:44,36253.4,22.9765,3.73877
2026-09-11 21:58:53,36263.1,22.9531,3.73869
2026-09-11 21:59:04,36273.2,22.9375,3.73865
2026-09-11 21:59:14,36283.3,22.9375,3.73856
2026-09-11 21:59:23,36293.0,22.9609,3.73852
2026-09-11 21:59:33,36303.1,22.9609,3.73846
2026-09-11 21:59:43,36312.7,22.9531,3.73839
2026-09-11 21:59:53,36322.8,22.9687,3.73832
2026-09-11 22:00:03,36332.9,22.9609,3.73823
2026-09-11 22:00:13,36342.6,22.9531,3.73819
2026-09-11 22:00:23,36352.7,22.9609,3.73813
2026-09-11 22:00:33,36362.4,22.9296,3.73807
2026-09-11 22:00:43,36372.5,22.9375,3.73797
2026-09-11 22:00:53,36382.5,22.9531,3.73791
2026-09-11 22:01:03,36392.2,22.9609,3.73789
2026-09-11 22:01:13,36402.3,22.9531,3.73778
2026-09-11 22:01:22,36412.0,22.9375,3.73772
2026-09-11 22:01:32,36422.1,22.9531,3.73769
2026-09-11 22:01:43,36432.2,22.9296,3.73759
2026-09-11 22:01:52,36441.9,22.9609,3.73753
2026-09-11 22:02:02,36452.0,22.9531,3.73748
2026-09-11 22:02:12,36461.6,22.9531,3.73743
2026-09-11 22:02:22,36471.7,22.9531,3.73736
2026-09-11 22:02:32,36481.8,22.9375,3.73726
2026-09-11 22:02:42,36491.5,22.9375,3.73723
2026-09-11 22:02:52,36501.6,22.9609,3.73716
2026-09-11 22:03:02,36511.7,22.9531,3.73710
2026-09-11 22:03:12,36521.3,22.9609,3.73703
2026-09-11 22:03:22,36531.4,22.9531,3.73696
2026-09-11 22:03:31,36541.1,22.9531,3.73690
2026-09-11 22:03:42,36551.2,22.9687,3.73682
2026-09-11 22:03:51,36560.9,22.9375,3.73675
2026-09-11 22:04:01,36571.0,22.9375,3.73670
2026-09-11 22:04:11,36581.1,22.9609,3.73664
2026-09-11 22:04:21,36590.8,22.9296,3.73657
2026-09-11 22:04:31,36600.8,22.9296,3.73647
2026-09-11 22:04:41,36610.9,22.9531,3.73644
2026-09-11 22:04:51,36620.6,22.9687,3.73634
2026-09-11 22:05:01,36630.7,22.9375,3.73630
2026-09-11 22:05:11,36640.4,22.9375,3.73621
2026-09-11 22:05:21,36650.5,22.9375,3.73613
2026-09-11 22:05:31,36660.6,22.9375,3.73607
2026-09-11 22:05:41,36670.2,22.9296,3.73600
2026-09-11 22:05:51,36680.3,22.9531,3.73593
2026-09-11 22:06:00,36690.0,22.9609,3.73586
2026-09-11 22:06:10,36700.1,22.9531,3.73580
2026-09-11 22:06:20,36709.8,22.9375,3.73576
2026-09-11 22:06:30,36719.9,22.9531,3.73565
2026-09-11 22:06:40,36730.0,22.9531,3.73563
2026-09-11 22:06:50,36739.6,22.9218,3.73555
2026-09-11 22:07:00,36749.7,22.9531,3.73548
2026-09-11 22:07:10,36759.4,22.9375,3.73541
2026-09-11 22:07:20,36769.5,22.9531,3.73530
2026-09-11 22:07:30,36779.6,22.9375,3.73523
2026-09-11 22:07:40,36789.3,22.9609,3.73521
2026-09-11 22:07:50,36799.4,22.9609,3.73512
2026-09-11 22:07:59,36809.0,22.9375,3.73503
2026-09-11 22:08:10,36819.1,22.9609,3.73499
2026-09-11 22:08:20,36829.2,22.9765,3.73492
2026-09-11 22:08:29,36838.9,22.9687,3.73482
2026-09-11 22:08:39,36849.0,22.9218,3.73477
2026-09-11 22:08:49,36859.1,22.9296,3.73467
2026-09-11 22:08:59,36868.8,22.9375,3.73464
2026-09-11 22:09:09,36878.8,22.9296,3.73453
2026-09-11 22:09:19,36888.5,22.9375,3.73445
2026-09-11 22:09:29,36898.6,22.9609,3.73442
2026-09-11 22:09:39,36908.7,22.9609,3.73431
2026-09-11 22:09:49,36918.4,22.9609,3.73424
2026-09-11 22:09:59,36928.5,22.9609,3.73420
2026-09-11 22:10:09,36938.2,22.9765,3.73410
2026-09-11 22:10:19,36948.2,22.9609,3.73405
2026-09-11 22:10:29,36958.3,22.9687,3.73397
2026-09-11 22:10:38,36968.0,22.9531,3.73389
2026-09-11 22:10:48,36978.1,22.9609,3.73383
2026-09-11 22:10:58,36987.8,22.9609,3.73375
2026-09-11 22:11:08,36997.9,22.9687,3.73368
2026-09-11 22:11:18,37007.6,22.9375,3.73357
2026-09-11 22:11:28,37017.7,22.9531,3.73352
2026-09-11 22:11:38,37027.7,22.9765,3.73342
2026-09-11 22:11:48,37037.4,22.9609,3.73338
2026-09-11 22:11:58,37047.5,22.9687,3.73326
2026-09-11 22:12:08,37057.2,22.9609,3.73323
2026-09-11 22:12:18,37067.3,22.9531,3.73311
2026-09-11 22:12:28,37077.4,22.9609,3.73304
2026-09-11 22:12:37,37087.0,22.9531,3.73296
2026-09-11 22:12:48,37097.1,22.9687,3.73291
2026-09-11 22:12:57,37106.8,22.9609,3.73281
2026-09-11 22:13:07,37116.9,22.9609,3.73273
2026-09-11 22:13:17,37127.0,22.9375,3.73267
2026-09-11 22:13:27,37136.7,22.9609,3.73257
2026-09-11 22:13:37,37146.8,22.9609,3.73249
2026-09-11 22:13:47,37156.5,22.9609,3.73241
2026-09-11 22:13:57,37166.5,22.9531,3.73236
2026-09-11 22:14:07,37176.6,22.9687,3.73228
2026-09-11 22:14:17,37186.3,22.9687,3.73218
2026-09-11 22:14:27,37196.4,22.9296,3.73210
2026-09-11 22:14:36,37206.1,22.9687,3.73200
2026-09-11 22:14:47,37216.2,22.9687,3.73193
2026-09-11 22:14:56,37225.9,22.9609,3.73184
2026-09-11 22:15:06,37236.0,22.9687,3.73177
2026-09-11 22:15:16,37246.0,22.9531,3.73171
2026-09-11 22:15:26,37255.7,22.9375,3.73160
2026-09-11 22:15:36,37265.8,22.9609,3.73151
2026-09-11 22:15:46,37275.5,22.9531,3.73146
2026-09-11 22:15:56,37285.6,22.9687,3.73135
2026-09-11 22:16:06,37295.3,22.9609,3.73124
2026-09-11 22:16:16,37305.3,22.9531,3.73121
2026-09-11 22:16:26,37315.4,22.9609,3.73109
2026-09-11 22:16:36,37325.1,22.9375,3.73104
2026-09-11 22:16:46,37335.2,22.9531,3.73094
2026-09-11 22:16:55,37344.9,22.9609,3.73088
2026-09-11 22:17:05,37355.0,22.9765,3.73078
2026-09-11 22:17:15,37365.1,22.9531,3.73069
2026-09-11 22:17:25,37374.8,22.9609,3.73062
2026-09-11 22:17:35,37384.8,22.9531,3.73050
2026-09-11 22:17:45,37394.5,22.9531,3.73044
2026-09-11 22:17:55,37404.6,22.9687,3.73031
2026-09-11 22:18:05,37414.3,22.9765,3.73027
2026-09-11 22:18:15,37424.4,22.9765,3.73017
2026-09-11 22:18:25,37434.5,22.9765,3.73005
2026-09-11 22:18:35,37444.2,22.9609,3.73000
2026-09-11 22:18:45,37454.2,22.9609,3.72991
2026-09-11 22:18:54,37463.9,22.9687,3.72982
2026-09-11 22:19:04,37474.0,22.9687,3.72972
2026-09-11 22:19:15,37484.1,22.9687,3.72963
2026-09-11 22:19:24,37493.8,22.9687,3.72954
2026-09-11 22:19:34,37503.9,22.9531,3.72943
2026-09-11 22:19:44,37513.5,22.9531,3.72933
2026-09-11 22:19:54,37523.6,22.9687,3.72924
2026-09-11 22:20:04,37533.7,22.9765,3.72918
2026-09-11 22:20:14,37543.4,22.9531,3.72906
2026-09-11 22:20:24,37553.5,22.9531,3.72895
2026-09-11 22:20:34,37563.2,22.9609,3.72889
2026-09-11 22:20:44,37573.3,22.9296,3.72876
2026-09-11 22:20:53,37583.0,22.9687,3.72871
2026-09-11 22:21:03,37593.0,22.9375,3.72858
2026-09-11 22:21:14,37603.1,22.9531,3.72851
2026-09-11 22:21:23,37612.8,22.9687,3.72842
2026-09-11 22:21:33,37622.9,22.9609,3.72833
2026-09-11 22:21:43,37632.6,22.9687,3.72823
2026-09-11 22:21:53,37642.7,22.9375,3.72810
2026-09-11 22:22:03,37652.4,22.9531,3.72801
2026-09-11 22:22:13,37662.5,22.9609,3.72790
2026-09-11 22:22:23,37672.5,22.9531,3.72784
2026-09-11 22:22:33,37682.2,22.9609,3.72772
2026-09-11 22:22:43,37692.3,22.9765,3.72762
2026-09-11 22:22:52,37702.0,22.9609,3.72754
2026-09-11 22:23:02,37712.1,22.9531,3.72744
2026-09-11 22:23:12,37721.8,22.9531,3.72734
2026-09-11 22:23:22,37731.8,22.9609,3.72725
2026-09-11 22:23:32,37741.9,22.9687,3.72715
2026-09-11 22:23:42,37751.6,22.9609,3.72705
2026-09-11 22:23:52,37761.7,22.9687,3.72692
2026-09-11 22:24:02,37771.4,22.9687,3.72683
2026-09-11 22:24:12,37781.5,22.9609,3.72675
2026-09-11 22:24:22,37791.6,22.9765,3.72665
2026-09-11 22:24:32,37801.2,22.9531,3.72655
2026-09-11 22:24:42,37811.3,22.9609,3.72644
2026-09-11 22:24:51,37821.0,22.9687,3.72634
2026-09-11 22:25:02,37831.1,22.9609,3.72624
2026-09-11 22:25:11,37840.8,22.9375,3.72614
2026-09-11 22:25:21,37850.9,22.9609,3.72600
2026-09-11 22:25:31,37861.0,22.9687,3.72593
2026-09-11 22:25:41,37870.7,22.9375,3.72582
2026-09-11 22:25:51,37880.7,22.9531,3.72572
2026-09-11 22:26:01,37890.4,22.9609,3.72561
2026-09-11 22:26:11,37900.5,22.9609,3.72547
2026-09-11 22:26:21,37910.6,22.9609,3.72540
2026-09-11 22:26:31,37920.3,22.9765,3.72529
2026-09-11 22:26:41,37930.4,22.9531,3.72515
2026-09-11 22:26:50,37940.0,22.9531,3.72506
2026-09-11 22:27:01,37950.1,22.9531,3.72497
2026-09-11 22:27:10,37959.8,22.9687,3.72487
2026-09-11 22:27:20,37969.9,22.9687,3.72472
2026-09-11 22:27:30,37980.0,22.9687,3.72464
2026-09-11 22:27:40,37989.7,22.9609,3.72454
2026-09-11 22:27:50,37999.8,22.9609,3.72444
2026-09-11 22:28:00,38009.5,22.9531,3.72433
2026-09-11 22:28:10,38019.5,22.9765,3.72422
2026-09-11 22:28:20,38029.6,22.9843,3.72407
2026-09-11 22:28:30,38039.3,22.9687,3.72397
2026-09-11 22:28:40,38049.4,22.9609,3.72389
2026-09-11 22:28:50,38059.1,22.9609,3.72378
2026-09-11 22:29:00,38069.2,22.9687,3.72363
2026-09-11 22:29:10,38079.3,22.9609,3.72350
2026-09-11 22:29:19,38088.9,22.9531,3.72342
2026-09-11 22:29:29,38099.0,22.9687,3.72329
2026-09-11 22:29:39,38108.7,22.9609,3.72319
2026-09-11 22:29:49,38118.8,22.9765,3.72309
2026-09-11 22:29:59,38128.5,22.9609,3.72297
2026-09-11 22:30:09,38138.6,22.9375,3.72289
2026-09-11 22:30:19,38148.7,22.9687,3.72273
2026-09-11 22:30:29,38158.3,22.9609,3.72262
2026-09-11 22:30:39,38168.4,22.9687,3.72250
2026-09-11 22:30:49,38178.1,22.9687,3.72242
2026-09-11 22:30:59,38188.2,22.9609,3.72232
2026-09-11 22:31:09,38198.3,22.9765,3.72220
2026-09-11 22:31:18,38208.0,22.9531,3.72205
2026-09-11 22:31:29,38218.1,22.9843,3.72194
2026-09-11 22:31:38,38227.8,22.9687,3.72183
2026-09-11 22:31:48,38237.8,22.9687,3.72171
2026-09-11 22:31:58,38247.9,22.9765,3.72162
2026-09-11 22:32:08,38257.6,22.9531,3.72148
2026-09-11 22:32:18,38267.7,22.9765,3.72136
2026-09-11 22:32:28,38277.4,22.9531,3.72124
2026-09-11 22:32:38,38287.5,22.9687,3.72116
2026-09-11 22:32:48,38297.2,22.9609,3.72105
2026-09-11 22:32:58,38307.2,22.9765,3.72093
2026-09-11 22:33:08,38317.3,22.9687,3.72077
2026-09-11 22:33:17,38327.0,22.9765,3.72070
2026-09-11 22:33:28,38337.1,22.9609,3.72055
2026-09-11 22:33:37,38346.8,22.9687,3.72043
2026-09-11 22:33:47,38356.9,22.9609,3.72035
2026-09-11 22:33:57,38366.5,22.9687,3.72024
2026-09-11 22:34:07,38376.6,22.9609,3.72011
2026-09-11 22:34:17,38386.7,22.9375,3.71996
2026-09-11 22:34:27,38396.4,22.9531,3.71988
2026-09-11 22:34:37,38406.5,22.9531,3.71973
2026-09-11 22:34:47,38416.2,22.9609,3.71961
2026-09-11 22:34:57,38426.3,22.9687,3.71949
2026-09-11 22:35:07,38436.4,22.9609,3.71941
2026-09-11 22:35:16,38446.0,22.9843,3.71930
2026-09-11 22:35:27,38456.1,22.9765,3.71918
2026-09-11 22:35:36,38465.8,22.9687,3.71906
2026-09-11 22:35:46,38475.9,22.9609,3.71895
2026-09-11 22:35:56,38486.0,22.9609,3.71883
2026-09-11 22:36:06,38495.7,22.9609,3.71868
2026-09-11 22:36:16,38505.8,22.9609,3.71859
2026-09-11 22:36:26,38515.4,22.9687,3.71845
2026-09-11 22:36:36,38525.5,22.9687,3.71833
2026-09-11 22:36:46,38535.2,22.9609,3.71824
2026-09-11 22:36:56,38545.3,22.9609,3.71813
2026-09-11 22:37:06,38555.4,22.9765,3.71801
2026-09-11 22:37:16,38565.1,22.9687,3.71790
2026-09-11 22:37:26,38575.2,22.9375,3.71775
2026-09-11 22:37:35,38584.8,22.9609,3.71767
2026-09-11 22:37:45,38594.9,22.9687,3.71753
2026-09-11 22:37:55,38604.6,22.9687,3.71744
2026-09-11 22:38:05,38614.7,22.9609,3.71730
2026-09-11 22:38:15,38624.8,22.9765,3.71718
2026-09-11 22:38:25,38634.5,22.9375,3.71710
2026-09-11 22:38:35,38644.6,22.9687,3.71698
2026-09-11 22:38:45,38654.2,22.9687,3.71687
2026-09-11 22:38:55,38664.3,22.9531,3.71673
2026-09-11 22:39:05,38674.4,22.9609,3.71663
2026-09-11 22:39:15,38684.1,22.9687,3.71651
2026-09-11 22:39:25,38694.2,22.9687,3.71643
2026-09-11 22:39:34,38703.9,22.9687,3.71632
2026-09-11 22:39:44,38714.0,22.9609,3.71621
2026-09-11 22:39:54,38723.7,22.9687,3.71606
2026-09-11 22:40:04,38733.7,22.9609,3.71599
2026-09-11 22:40:14,38743.8,22.9609,3.71584
2026-09-11 22:40:24,38753.5,22.9843,3.71574
2026-09-11 22:40:34,38763.6,22.9296,3.71565
2026-09-11 22:40:44,38773.3,22.9609,3.71550
2026-09-11 22:40:54,38783.4,22.9609,3.71543
2026-09-11 22:41:04,38793.5,22.9843,3.71532
2026-09-11 22:41:14,38803.1,22.9531,3.71522
2026-09-11 22:41:24,38813.2,22.9531,3.71510
2026-09-11 22:41:33,38822.9,22.9687,3.71500
2026-09-11 22:41:43,38833.0,22.9531,3.71485
2026-09-11 22:41:54,38843.1,22.9609,3.71478
2026-09-11 22:42:03,38852.8,22.9609,3.71464
2026-09-11 22:42:13,38862.9,22.9609,3.71457
2026-09-11 22:42:23,38872.5,22.9375,3.71446
2026-09-11 22:42:33,38882.6,22.9609,3.71436
2026-09-11 22:42:43,38892.7,22.9609,3.71425
2026-09-11 22:42:53,38902.4,22.9609,3.71414
2026-09-11 22:43:03,38912.5,22.9531,3.71404
2026-09-11 22:43:13,38922.2,22.9609,3.71393
2026-09-11 22:43:23,38932.3,22.9687,3.71382
2026-09-11 22:43:32,38941.9,22.9609,3.71372
2026-09-11 22:43:42,38952.0,22.9609,3.71359
2026-09-11 22:43:53,38962.1,22.9687,3.71348
2026-09-11 22:44:02,38971.8,22.9609,3.71339
2026-09-11 22:44:12,38981.9,22.9609,3.71330
2026-09-11 22:44:22,38991.6,22.9687,3.71317
2026-09-11 22:44:32,39001.7,22.9218,3.71307
2026-09-11 22:44:42,39011.8,22.9609,3.71296
2026-09-11 22:44:52,39021.4,22.9609,3.71289
2026-09-11 22:45:02,39031.5,22.9609,3.71275
2026-09-11 22:45:12,39041.2,22.9531,3.71266
2026-09-11 22:45:22,39051.3,22.9843,3.71257
2026-09-11 22:45:31,39061.0,22.9843,3.71249
2026-09-11 22:45:42,39071.1,22.9609,3.71235
2026-09-11 22:45:52,39081.2,22.9609,3.71228
2026-09-11 22:46:01,39090.8,22.9765,3.71218
2026-09-11 22:46:11,39100.9,22.9765,3.71205
2026-09-11 22:46:21,39110.6,22.9765,3.71198
2026-09-11 22:46:31,39120.7,22.9687,3.71184
2026-09-11 22:46:41,39130.4,22.9687,3.71175
2026-09-11 22:46:51,39140.5,22.9687,3.71167
2026-09-11 22:47:01,39150.5,22.9687,3.71158
2026-09-11 22:47:11,39160.2,22.9687,3.71144
2026-09-11 22:47:21,39170.3,22.9687,3.71134
2026-09-11 22:47:30,39180.0,22.9609,3.71128
2026-09-11 22:47:41,39190.1,22.9687,3.71118
2026-09-11 22:47:51,39200.2,22.9843,3.71104
2026-09-11 22:48:00,39209.9,22.9609,3.71098
2026-09-11 22:48:10,39220.0,22.9609,3.71086
2026-09-11 22:48:20,39229.6,22.9843,3.71077
2026-09-11 22:48:30,39239.7,22.9687,3.71064
2026-09-11 22:48:40,39249.4,22.9843,3.71057
2026-09-11 22:48:50,39259.5,22.9609,3.71048
2026-09-11 22:49:00,39269.6,22.9843,3.71034
2026-09-11 22:49:10,39279.3,22.9765,3.71028
2026-09-11 22:49:20,39289.4,22.9687,3.71017
2026-09-11 22:49:30,39299.0,22.9765,3.71004
2026-09-11 22:49:40,39309.1,22.9765,3.70995
2026-09-11 22:49:49,39318.8,22.9843,3.70985
2026-09-11 22:49:59,39328.9,22.9687,3.70978
2026-09-11 22:50:09,39339.0,22.9765,3.70964
2026-09-11 22:50:19,39348.7,22.9765,3.70954
2026-09-11 22:50:29,39358.8,22.9765,3.70944
2026-09-11 22:50:39,39368.4,22.9609,3.70938
2026-09-11 22:50:49,39378.5,22.9687,3.70924
2026-09-11 22:50:59,39388.6,22.9843,3.70917
2026-09-11 22:51:09,39398.3,22.9687,3.70904
2026-09-11 22:51:19,39408.4,22.9765,3.70897
2026-09-11 22:51:29,39418.1,22.9843,3.70884
2026-09-11 22:51:39,39428.2,22.9687,3.70876
2026-09-11 22:51:48,39437.8,22.9843,3.70863
2026-09-11 22:51:58,39447.9,22.9609,3.70857
2026-09-11 22:52:08,39458.0,22.9687,3.70842
2026-09-11 22:52:18,39467.7,22.9609,3.70836
2026-09-11 22:52:28,39477.8,22.9921,3.70824
2026-09-11 22:52:38,39487.5,22.9843,3.70816
2026-09-11 22:52:48,39497.6,22.9687,3.70802
2026-09-11 22:52:58,39507.7,22.9609,3.70795
2026-09-11 22:53:08,39517.3,22.9843,3.70782
2026-09-11 22:53:18,39527.4,22.9843,3.70774
2026-09-11 22:53:28,39537.1,22.9687,3.70760
2026-09-11 22:53:38,39547.2,22.9765,3.70753
2026-09-11 22:53:47,39556.9,22.9531,3.70740
2026-09-11 22:53:57,39567.0,22.9765,3.70732
2026-09-11 22:54:08,39577.0,22.9765,3.70717
2026-09-11 22:54:17,39586.7,22.9687,3.70708
2026-09-11 22:54:27,39596.8,22.9609,3.70700
2026-09-11 22:54:37,39606.5,22.9765,3.70686
2026-09-11 22:54:47,39616.6,22.9765,3.70675
2026-09-11 22:54:57,39626.7,22.9921,3.70664
2026-09-11 22:55:07,39636.4,22.9765,3.70654
2026-09-11 22:55:17,39646.5,22.9765,3.70646
2026-09-11 22:55:27,39656.1,22.9765,3.70632
2026-09-11 22:55:37,39666.2,22.9765,3.70624
2026-09-11 22:55:46,39675.9,22.9765,3.70610
2026-09-11 22:55:56,39686.0,22.9765,3.70603
2026-09-11 22:56:07,39696.1,22.9765,3.70588
2026-09-11 22:56:16,39705.8,22.9765,3.70580
2026-09-11 22:56:26,39715.9,22.9609,3.70565
2026-09-11 22:56:36,39725.5,22.9687,3.70555
2026-09-11 22:56:46,39735.6,22.9531,3.70546
2026-09-11 22:56:56,39745.3,22.9687,3.70534
2026-09-11 22:57:06,39755.4,22.9843,3.70521
2026-09-11 22:57:16,39765.5,22.9609,3.70511
2026-09-11 22:57:26,39775.2,22.9843,3.70497
2026-09-11 22:57:36,39785.2,22.9765,3.70485
2026-09-11 22:57:45,39794.9,22.9765,3.70474
2026-09-11 22:57:56,39805.0,22.9843,3.70465
2026-09-11 22:58:05,39814.7,22.9687,3.70451
2026-09-11 22:58:15,39824.8,22.9687,3.70439
2026-09-11 22:58:25,39834.9,22.9609,3.70427
2026-09-11 22:58:35,39844.6,22.9687,3.70415
2026-09-11 22:58:45,39854.7,22.9687,3.70406
2026-09-11 22:58:55,39864.3,22.9687,3.70391
2026-09-11 22:59:05,39874.4,22.9765,3.70382
2026-09-11 22:59:15,39884.5,22.9765,3.70366
2026-09-11 22:59:25,39894.2,22.9687,3.70357
2026-09-11 22:59:35,39904.3,22.9765,3.70344
2026-09-11 22:59:44,39914.0,22.9531,3.70332
2026-09-11 22:59:55,39924.1,22.9765,3.70316
2026-09-11 23:00:04,39933.8,22.9843,3.70303
2026-09-11 23:00:14,39943.8,22.9765,3.70294
2026-09-11 23:00:24,39953.9,22.9687,3.70278
2026-09-11 23:00:34,39963.6,22.9687,3.70265
2026-09-11 23:00:44,39973.7,22.9765,3.70253
2026-09-11 23:00:54,39983.4,22.9843,3.70240
2026-09-11 23:01:04,39993.5,22.9843,3.70228
2026-09-11 23:01:14,40003.5,22.9687,3.70216
2026-09-11 23:01:24,40013.2,22.9765,3.70203
2026-09-11 23:01:34,40023.3,22.9687,3.70189
2026-09-11 23:01:43,40033.0,22.9687,3.70173
2026-09-11 23:01:54,40043.1,22.9765,3.70158
2026-09-11 23:02:04,40053.2,22.9687,3.70146
2026-09-11 23:02:13,40062.9,22.9921,3.70135
2026-09-11 23:02:23,40073.0,22.9843,3.70118
2026-09-11 23:02:33,40082.6,22.9765,3.70107
2026-09-11 23:02:43,40092.7,22.9765,3.70092
2026-09-11 23:02:53,40102.4,22.9687,3.70079
2026-09-11 23:03:03,40112.5,22.9609,3.70065
2026-09-11 23:03:13,40122.6,22.9687,3.70047
2026-09-11 23:03:23,40132.3,22.9843,3.70036
2026-09-11 23:03:33,40142.4,22.9765,3.70018
2026-09-11 23:03:43,40152.4,22.9687,3.70003
2026-09-11 23:03:53,40162.1,22.9765,3.69988
2026-09-11 23:04:03,40172.2,22.9765,3.69974
2026-09-11 23:04:12,40181.9,22.9687,3.69959
2026-09-11 23:04:22,40192.0,22.9609,3.69946
2026-09-11 23:04:32,40201.7,22.9609,3.69931
2026-09-11 23:04:42,40211.8,22.9687,3.69916
2026-09-11 23:04:52,40221.8,22.9609,3.69900
2026-09-11 23:05:02,40231.5,22.9609,3.69881
2026-09-11 23:05:12,40241.6,22.9531,3.69866
2026-09-11 23:05:22,40251.3,22.9687,3.69848
2026-09-11 23:05:32,40261.4,22.9531,3.69835
2026-09-11 23:05:42,40271.5,22.9843,3.69818
2026-09-11 23:05:52,40281.2,22.9531,3.69806
2026-09-11 23:06:02,40291.2,22.9921,3.69789
2026-09-11 23:06:11,40300.9,22.9765,3.69773
2026-09-11 23:06:22,40311.0,22.9375,3.69754
2026-09-11 23:06:31,40320.7,22.9687,3.69740
2026-09-11 23:06:41,40330.8,22.9609,3.69720
2026-09-11 23:06:51,40340.9,22.9843,3.69706
2026-09-11 23:07:01,40350.6,22.9687,3.69687
2026-09-11 23:07:11,40360.6,22.9609,3.69673
2026-09-11 23:07:21,40370.3,22.9843,3.69656
2026-09-11 23:07:31,40380.4,22.9609,3.69638
2026-09-11 23:07:41,40390.5,22.9765,3.69617
2026-09-11 23:07:51,40400.2,22.9765,3.69604
2026-09-11 23:08:01,40410.3,22.9687,3.69586
2026-09-11 23:08:10,40420.0,22.9843,3.69565
2026-09-11 23:08:21,40430.0,22.9687,3.69550
2026-09-11 23:08:31,40440.1,22.9687,3.69529
2026-09-11 23:08:40,40449.8,22.9765,3.69515
2026-09-11 23:08:50,40459.9,22.9687,3.69497
2026-09-11 23:09:00,40469.6,22.9687,3.69479
2026-09-11 23:09:10,40479.7,22.9843,3.69457
2026-09-11 23:09:20,40489.8,22.9687,3.69439
2026-09-11 23:09:30,40499.5,22.9765,3.69419
2026-09-11 23:09:40,40509.5,22.9765,3.69403
2026-09-11 23:09:50,40519.2,22.9765,3.69388
2026-09-11 23:10:00,40529.3,22.9687,3.69367
2026-09-11 23:10:10,40539.4,22.9765,3.69345
2026-09-11 23:10:20,40549.1,22.9843,3.69332
2026-09-11 23:10:30,40559.2,22.9609,3.69313
2026-09-11 23:10:39,40568.9,22.9687,3.69292
2026-09-11 23:10:49,40578.9,22.9843,3.69276
2026-09-11 23:11:00,40589.0,22.9687,3.69257
2026-09-11 23:11:09,40598.7,22.9843,3.69236
2026-09-11 23:11:19,40608.8,22.9687,3.69222
2026-09-11 23:11:29,40618.5,22.9609,3.69200
2026-09-11 23:11:39,40628.6,22.9687,3.69182
2026-09-11 23:11:49,40638.7,22.9765,3.69163
2026-09-11 23:11:59,40648.3,22.9843,3.69149
2026-09-11 23:12:09,40658.4,22.9765,3.69129
2026-09-11 23:12:19,40668.1,22.9609,3.69111
2026-09-11 23:12:29,40678.2,22.9765,3.69093
2026-09-11 23:12:39,40688.3,22.9765,3.69075
2026-09-11 23:12:48,40698.0,22.9609,3.69062
2026-09-11 23:12:59,40708.1,22.9843,3.69041
2026-09-11 23:13:08,40717.8,22.9609,3.69028
2026-09-11 23:13:18,40727.8,22.9765,3.69008
2026-09-11 23:13:28,40737.5,22.9687,3.68993
2026-09-11 23:13:38,40747.6,22.9687,3.68977
2026-09-11 23:13:48,40757.7,22.9687,3.68960
2026-09-11 23:13:58,40767.4,22.9765,3.68946
2026-09-11 23:14:08,40777.5,22.9687,3.68933
2026-09-11 23:14:18,40787.1,22.9687,3.68919
2026-09-11 23:14:28,40797.2,22.9843,3.68905
2026-09-11 23:14:38,40807.3,22.9687,3.68891
2026-09-11 23:14:48,40817.0,22.9843,3.68877
2026-09-11 23:14:58,40827.1,22.9687,3.68864
2026-09-11 23:15:07,40836.8,22.9531,3.68851
2026-09-11 23:15:17,40846.9,22.9765,3.68835
2026-09-11 23:15:27,40857.0,22.9921,3.68826
2026-09-11 23:15:37,40866.6,22.9843,3.68814
2026-09-11 23:15:47,40876.7,22.9765,3.68799
2026-09-11 23:15:57,40886.4,22.9609,3.68788
2026-09-11 23:16:07,40896.5,22.9687,3.68780
2026-09-11 23:16:17,40906.6,22.9843,3.68766
2026-09-11 23:16:27,40916.3,22.9765,3.68756
2026-09-11 23:16:37,40926.4,22.9687,3.68745
2026-09-11 23:16:47,40936.0,22.9765,3.68737
2026-09-11 23:16:57,40946.1,22.9765,3.68728
2026-09-11 23:17:06,40955.8,22.9531,3.68719
2026-09-11 23:17:16,40965.9,22.9609,3.68709
2026-09-11 23:17:26,40976.0,22.9843,3.68700
2026-09-11 23:17:36,40985.7,22.9765,3.68692
2026-09-11 23:17:46,40995.8,22.9609,3.68683
2026-09-11 23:17:56,41005.4,22.9765,3.68672
2026-09-11 23:18:06,41015.5,22.9765,3.68667
2026-09-11 23:18:16,41025.6,22.9687,3.68659
2026-09-11 23:18:26,41035.3,22.9765,3.68647
2026-09-11 23:18:36,41045.4,22.9765,3.68641
2026-09-11 23:18:46,41055.1,22.9609,3.68636
2026-09-11 23:18:56,41065.2,22.9765,3.68627
2026-09-11 23:19:05,41074.8,22.9687,3.68623
2026-09-11 23:19:15,41084.9,22.9765,3.68616
2026-09-11 23:19:26,41095.0,22.9687,3.68605
2026-09-11 23:19:35,41104.7,22.9765,3.68601
2026-09-11 23:19:45,41114.8,22.9609,3.68592
2026-09-11 23:19:55,41124.5,22.9531,3.68586
2026-09-11 23:20:05,41134.6,22.9687,3.68583
2026-09-11 23:20:15,41144.6,22.9843,3.68577
2026-09-11 23:20:25,41154.3,22.9921,3.68571
2026-09-11 23:20:35,41164.4,22.9765,3.68562
2026-09-11 23:20:45,41174.1,22.9687,3.68560
2026-09-11 23:20:55,41184.2,22.9765,3.68550
2026-09-11 23:21:04,41193.9,22.9609,3.68545
2026-09-11 23:21:14,41204.0,22.9843,3.68539
2026-09-11 23:21:25,41214.0,22.9843,3.68537
2026-09-11 23:21:34,41223.7,22.9531,3.68532
2026-09-11 23:21:44,41233.8,22.9765,3.68527
2026-09-11 23:21:54,41243.5,22.9687,3.68521
2026-09-11 23:22:04,41253.6,23.0000,3.68517
2026-09-11 23:22:14,41263.7,22.9687,3.68509
2026-09-11 23:22:24,41273.4,22.9687,3.68504
2026-09-11 23:22:34,41283.5,22.9843,3.68500
2026-09-11 23:22:44,41293.1,22.9609,3.68496
2026-09-11 23:22:54,41303.2,22.9765,3.68492
2026-09-11 23:23:04,41313.3,22.9765,3.68484
2026-09-11 23:23:14,41323.0,22.9687,3.68480
2026-09-11 23:23:24,41333.1,22.9531,3.68475
2026-09-11 23:23:33,41342.8,22.9843,3.68471
2026-09-11 23:23:43,41352.9,22.9765,3.68466
2026-09-11 23:23:53,41362.5,22.9843,3.68464
2026-09-11 23:24:03,41372.6,22.9687,3.68460
2026-09-11 23:24:13,41382.7,22.9921,3.68455
2026-09-11 23:24:23,41392.4,22.9765,3.68448
2026-09-11 23:24:33,41402.5,22.9843,3.68443
2026-09-11 23:24:43,41412.2,22.9843,3.68441
2026-09-11 23:24:53,41422.2,22.9765,3.68438
2026-09-11 23:25:03,41432.3,23.0000,3.68431
2026-09-11 23:25:13,41442.0,22.9609,3.68431
2026-09-11 23:25:23,41452.1,22.9687,3.68422
2026-09-11 23:25:32,41461.8,22.9843,3.68422
2026-09-11 23:25:42,41471.9,22.9765,3.68416
2026-09-11 23:25:52,41482.0,22.9531,3.68410
2026-09-11 23:26:02,41491.7,22.9765,3.68410
2026-09-11 23:26:12,41501.8,22.9843,3.68403
2026-09-11 23:26:22,41511.4,22.9609,3.68398
2026-09-11 23:26:32,41521.5,22.9687,3.68394
2026-09-11 23:26:42,41531.6,22.9843,3.68393
2026-09-11 23:26:52,41541.3,22.9843,3.68389
2026-09-11 23:27:02,41551.4,22.9843,3.68381
2026-09-11 23:27:12,41561.1,22.9843,3.68382
2026-09-11 23:27:22,41571.1,22.9843,3.68377
2026-09-11 23:27:31,41580.8,22.9843,3.68370
2026-09-11 23:27:41,41590.9,22.9765,3.68366
2026-09-11 23:27:52,41601.0,22.9843,3.68366
2026-09-11 23:28:01,41610.7,22.9687,3.68362
2026-09-11 23:28:11,41620.8,22.9687,3.68357
2026-09-11 23:28:21,41630.5,22.9765,3.68350
2026-09-11 23:28:31,41640.5,22.9843,3.68349
2026-09-11 23:28:41,41650.2,22.9609,3.68343
2026-09-11 23:28:51,41660.3,22.9921,3.68342
2026-09-11 23:29:01,41670.4,22.9765,3.68338
2026-09-11 23:29:11,41680.1,22.9687,3.68331
2026-09-11 23:29:21,41690.2,23.0000,3.68328
2026-09-11 23:29:30,41699.9,22.9687,3.68323
2026-09-11 23:29:40,41710.0,22.9843,3.68320
2026-09-11 23:29:51,41720.0,22.9765,3.68319
2026-09-11 23:30:00,41729.7,22.9843,3.68314
2026-09-11 23:30:10,41739.8,22.9765,3.68308
2026-09-11 23:30:20,41749.5,22.9765,3.68304
2026-09-11 23:30:30,41759.6,22.9843,3.68304
2026-09-11 23:30:40,41769.7,22.9843,3.68300
2026-09-11 23:30:50,41779.4,22.9843,3.68294
2026-09-11 23:31:00,41789.4,22.9765,3.68289
2026-09-11 23:31:10,41799.1,22.9765,3.68288
2026-09-11 23:31:20,41809.2,22.9765,3.68281
2026-09-11 23:31:29,41818.9,22.9765,3.68277
2026-09-11 23:31:40,41829.0,22.9765,3.68277
2026-09-11 23:31:50,41839.1,22.9687,3.68270
2026-09-11 23:31:59,41848.8,22.9765,3.68269
2026-09-11 23:32:09,41858.8,22.9765,3.68265
2026-09-11 23:32:19,41868.5,22.9765,3.68261
2026-09-11 23:32:29,41878.6,22.9765,3.68257
2026-09-11 23:32:39,41888.7,22.9765,3.68250
2026-09-11 23:32:49,41898.4,22.9921,3.68247
2026-09-11 23:32:59,41908.5,22.9531,3.68245
2026-09-11 23:33:09,41918.2,22.9843,3.68238
2026-09-11 23:33:19,41928.2,22.9687,3.68235
2026-09-11 23:33:28,41937.9,22.9609,3.68234
2026-09-11 23:33:39,41948.0,22.9921,3.68230
2026-09-11 23:33:49,41958.1,22.9687,3.68226
2026-09-11 23:33:58,41967.8,22.9687,3.68222
2026-09-11 23:34:08,41977.9,22.9609,3.68218
2026-09-11 23:34:18,41987.6,22.9609,3.68214
2026-09-11 23:34:28,41997.6,22.9765,3.68210
2026-09-11 23:34:38,42007.7,22.9609,3.68202
2026-09-11 23:34:48,42017.4,22.9765,3.68202
2026-09-11 23:34:58,42027.5,22.9843,3.68195
2026-09-11 23:35:08,42037.2,22.9843,3.68194
2026-09-11 23:35:18,42047.3,22.9843,3.68186
2026-09-11 23:35:27,42057.0,22.9765,3.68186
2026-09-11 23:35:38,42067.0,22.9765,3.68179
2026-09-11 23:35:48,42077.1,22.9843,3.68178
2026-09-11 23:35:57,42086.8,22.9765,3.68170
2026-09-11 23:36:07,42096.9,22.9765,3.68169
2026-09-11 23:36:17,42106.6,22.9843,3.68162
2026-09-11 23:36:27,42116.7,22.9765,3.68158
2026-09-11 23:36:37,42126.8,22.9765,3.68156
2026-09-11 23:36:47,42136.5,22.9843,3.68153
2026-09-11 23:36:57,42146.5,22.9843,3.68145
2026-09-11 23:37:07,42156.2,22.9843,3.68140
2026-09-11 23:37:17,42166.3,22.9609,3.68136
2026-09-11 23:37:27,42176.4,22.9765,3.68132
2026-09-11 23:37:37,42186.1,22.9765,3.68128
2026-09-11 23:37:47,42196.2,22.9609,3.68124
2026-09-11 23:37:56,42205.9,22.9765,3.68122
2026-09-11 23:38:06,42215.9,22.9687,3.68118
2026-09-11 23:38:16,42225.6,22.9765,3.68113
2026-09-11 23:38:26,42235.7,22.9921,3.68110
2026-09-11 23:38:36,42245.8,22.9843,3.68101
2026-09-11 23:38:46,42255.5,22.9843,3.68097
2026-09-11 23:38:56,42265.6,22.9765,3.68093
2026-09-11 23:39:06,42275.2,22.9921,3.68088
2026-09-11 23:39:16,42285.3,22.9843,3.68086
2026-09-11 23:39:26,42295.4,22.9843,3.68078
2026-09-11 23:39:36,42305.1,22.9765,3.68074
2026-09-11 23:39:46,42315.2,22.9765,3.68071
2026-09-11 23:39:55,42324.9,22.9921,3.68069
2026-09-11 23:40:05,42335.0,22.9687,3.68060
2026-09-11 23:40:15,42344.7,22.9843,3.68059
2026-09-11 23:40:25,42354.8,22.9687,3.68054
2026-09-11 23:40:35,42364.8,22.9765,3.68050
2026-09-11 23:40:45,42374.5,22.9843,3.68042
2026-09-11 23:40:55,42384.6,22.9843,3.68040
2026-09-11 23:41:05,42394.3,22.9765,3.68031
2026-09-11 23:41:15,42404.4,22.9843,3.68027
2026-09-11 23:41:25,42414.1,22.9843,3.68022
2026-09-11 23:41:35,42424.1,22.9843,3.68020
2026-09-11 23:41:45,42434.2,22.9765,3.68015
2026-09-11 23:41:54,42443.9,22.9921,3.68011
2026-09-11 23:42:05,42454.0,22.9765,3.68005
2026-09-11 23:42:14,42463.7,22.9765,3.68001
2026-09-11 23:42:24,42473.8,22.9765,3.67991
2026-09-11 23:42:34,42483.9,22.9921,3.67989
2026-09-11 23:42:44,42493.5,22.9921,3.67981
2026-09-11 23:42:54,42503.6,22.9921,3.67975
2026-09-11 23:43:04,42513.3,22.9921,3.67973
2026-09-11 23:43:14,42523.4,22.9921,3.67963
2026-09-11 23:43:24,42533.5,22.9843,3.67959
2026-09-11 23:43:34,42543.2,22.9843,3.67957
2026-09-11 23:43:44,42553.3,22.9921,3.67951
2026-09-11 23:43:53,42563.0,23.0078,3.67946
2026-09-11 23:44:04,42573.0,22.9921,3.67937
2026-09-11 23:44:13,42582.7,22.9921,3.67935
2026-09-11 23:44:23,42592.8,22.9765,3.67929
2026-09-11 23:44:33,42602.9,23.0000,3.67920
2026-09-11 23:44:43,42612.6,22.9921,3.67917
2026-09-11 23:44:53,42622.7,22.9765,3.67908
2026-09-11 23:45:03,42632.3,22.9921,3.67903
2026-09-11 23:45:13,42642.4,23.0078,3.67900
2026-09-11 23:45:23,42652.1,22.9921,3.67891
2026-09-11 23:45:33,42662.2,22.9921,3.67887
2026-09-11 23:45:43,42672.3,23.0000,3.67881
2026-09-11 23:45:53,42682.0,22.9843,3.67872
2026-09-11 23:46:03,42692.1,23.0078,3.67869
2026-09-11 23:46:12,42701.8,22.9921,3.67862
2026-09-11 23:46:22,42711.8,23.0000,3.67855
2026-09-11 23:46:32,42721.5,22.9921,3.67850
2026-09-11 23:46:42,42731.6,23.0000,3.67842
2026-09-11 23:46:52,42741.7,23.0078,3.67836
2026-09-11 23:47:02,42751.4,23.0078,3.67827
2026-09-11 23:47:12,42761.5,23.0078,3.67823
2026-09-11 23:47:22,42771.2,23.0000,3.67813
2026-09-11 23:47:32,42781.2,23.0234,3.67808
2026-09-11 23:47:42,42791.3,22.9921,3.67799
2026-09-11 23:47:52,42801.0,23.0000,3.67795
2026-09-11 23:48:02,42811.1,23.0078,3.67784
2026-09-11 23:48:11,42820.8,23.0078,3.67778
2026-09-11 23:48:21,42830.9,23.0156,3.67770
2026-09-11 23:48:31,42840.6,23.0000,3.67766
2026-09-11 23:48:41,42850.6,23.0078,3.67754
2026-09-11 23:48:51,42860.7,23.0000,3.67751
2026-09-11 23:49:01,42870.4,23.0078,3.67743
2026-09-11 23:49:11,42880.5,23.0000,3.67732
2026-09-11 23:49:21,42890.2,23.0000,3.67724
2026-09-11 23:49:31,42900.3,22.9921,3.67719
2026-09-11 23:49:41,42910.4,23.0000,3.67707
2026-09-11 23:49:51,42920.0,22.9921,3.67702
2026-09-11 23:50:01,42930.1,23.0156,3.67693
2026-09-11 23:50:10,42939.8,22.9921,3.67686
2026-09-11 23:50:20,42949.9,23.0078,3.67677
2026-09-11 23:50:30,42959.6,23.0000,3.67665
2026-09-11 23:50:40,42969.7,22.9921,3.67659
2026-09-11 23:50:50,42979.8,23.0156,3.67648
2026-09-11 23:51:00,42989.5,23.0078,3.67639
2026-09-11 23:51:10,42999.5,23.0078,3.67629
2026-09-11 23:51:20,43009.2,23.0000,3.67620
2026-09-11 23:51:30,43019.3,22.9921,3.67613
2026-09-11 23:51:40,43029.0,22.9843,3.67602
2026-09-11 23:51:50,43039.1,23.0000,3.67591
2026-09-11 23:52:00,43049.2,23.0156,3.67581
2026-09-11 23:52:09,43058.8,23.0156,3.67571
2026-09-11 23:52:19,43068.9,23.0000,3.67561
2026-09-11 23:52:29,43078.6,23.0078,3.67555
2026-09-11 23:52:39,43088.7,22.9843,3.67540
2026-09-11 23:52:49,43098.4,23.0000,3.67530
2026-09-11 23:52:59,43108.5,23.0000,3.67521
2026-09-11 23:53:09,43118.6,22.9921,3.67508
2026-09-11 23:53:19,43128.2,23.0000,3.67499
2026-09-11 23:53:29,43138.3,22.9687,3.67488
2026-09-11 23:53:39,43148.0,23.0000,3.67473
2026-09-11 23:53:49,43158.1,23.0234,3.67461
2026-09-11 23:53:59,43168.2,22.9921,3.67451
2026-09-11 23:54:08,43177.9,23.0000,3.67436
2026-09-11 23:54:19,43188.0,22.9843,3.67427
2026-09-11 23:54:28,43197.7,23.0000,3.67411
2026-09-11 23:54:38,43207.8,22.9921,3.67398
2026-09-11 23:54:48,43217.4,22.9843,3.67388
2026-09-11 23:54:58,43227.5,23.0078,3.67369
2026-09-11 23:55:08,43237.6,23.0078,3.67358
2026-09-11 23:55:18,43247.3,23.0078,3.67343
2026-09-11 23:55:28,43257.4,23.0000,3.67332
2026-09-11 23:55:38,43267.1,23.0000,3.67317
2026-09-11 23:55:48,43277.1,22.9921,3.67302
2026-09-11 23:55:57,43286.8,22.9921,3.67284
2026-09-11 23:56:07,43296.9,22.9921,3.67271
2026-09-11 23:56:18,43307.0,22.9765,3.67253
2026-09-11 23:56:27,43316.7,22.9843,3.67239
2026-09-11 23:56:37,43326.8,22.9843,3.67220
2026-09-11 23:56:47,43336.5,23.0000,3.67206
2026-09-11 23:56:57,43346.5,22.9843,3.67188
2026-09-11 23:57:07,43356.6,23.0000,3.67170
2026-09-11 23:57:17,43366.3,22.9843,3.67151
2026-09-11 23:57:27,43376.4,23.0000,3.67133
2026-09-11 23:57:37,43386.1,22.9921,3.67115
2026-09-11 23:57:47,43396.2,22.9921,3.67092
2026-09-11 23:57:56,43405.9,23.0000,3.67076
2026-09-11 23:58:06,43416.0,23.0000,3.67051
2026-09-11 23:58:17,43426.0,23.0000,3.67030
2026-09-11 23:58:26,43435.7,22.9843,3.67008
2026-09-11 23:58:36,43445.8,22.9843,3.66990
2026-09-11 23:58:46,43455.5,22.9765,3.66967
2026-09-11 23:58:56,43465.6,23.0000,3.66944
2026-09-11 23:59:06,43475.7,22.9921,3.66916
2026-09-11 23:59:16,43485.3,22.9921,3.66895
2026-09-11 23:59:26,43495.4,22.9921,3.66870
2026-09-11 23:59:36,43505.1,23.0000,3.66841
2026-09-11 23:59:46,43515.2,23.0000,3.66815
2026-09-11 23:59:55,43524.9,22.9843,3.66791
2026-09-12 00:00:06,43535.0,22.9843,3.66759
2026-09-12 00:00:16,43545.1,23.0078,3.66733
2026-09-12 00:00:25,43554.8,23.0000,3.66701
2026-09-12 00:00:35,43564.8,23.0000,3.66673
2026-09-12 00:00:45,43574.5,22.9921,3.66639
2026-09-12 00:00:55,43584.6,23.0000,3.66607
2026-09-12 00:01:05,43594.7,22.9843,3.66572
2026-09-12 00:01:15,43604.4,22.9921,3.66543
2026-09-12 00:01:25,43614.5,23.0000,3.66506
2026-09-12 00:01:35,43624.2,22.9921,3.66471
2026-09-12 00:01:45,43634.2,22.9921,3.66434
2026-09-12 00:01:55,43644.3,23.0078,3.66395
2026-09-12 00:02:05,43654.0,23.0078,3.66356
2026-09-12 00:02:15,43664.1,23.0000,3.66312
2026-09-12 00:02:24,43673.8,22.9843,3.66274
2026-09-12 00:02:34,43683.9,23.0000,3.66228
2026-09-12 00:02:44,43694.0,22.9843,3.66184
2026-09-12 00:02:54,43703.6,22.9921,3.66142
2026-09-12 00:03:04,43713.7,22.9921,3.66093
2026-09-12 00:03:14,43723.4,23.0000,3.66051
2026-09-12 00:03:24,43733.5,22.9921,3.65999
2026-09-12 00:03:34,43743.2,23.0000,3.65952
2026-09-12 00:03:44,43753.3,22.9843,3.65898
2026-09-12 00:03:54,43763.4,22.9843,3.65848
2026-09-12 00:04:04,43773.0,23.0000,3.65794
2026-09-12 00:04:14,43783.1,22.9921,3.65738
2026-09-12 00:04:23,43792.8,23.0000,3.65685
2026-09-12 00:04:33,43802.9,22.9843,3.65626
2026-09-12 00:04:44,43813.0,22.9765,3.65567
2026-09-12 00:04:53,43822.7,22.9921,3.65511
2026-09-12 00:05:03,43832.8,23.0000,3.65448
2026-09-12 00:05:13,43842.5,22.9843,3.65392
2026-09-12 00:05:23,43852.5,22.9921,3.65329
2026-09-12 00:05:33,43862.6,22.9687,3.65265
2026-09-12 00:05:43,43872.3,22.9843,3.65202
2026-09-12 00:05:53,43882.4,23.0000,3.65133
2026-09-12 00:06:03,43892.1,23.0078,3.65072
2026-09-12 00:06:13,43902.2,23.0000,3.65001
2026-09-12 00:06:22,43911.8,22.9843,3.64934
2026-09-12 00:06:32,43921.9,22.9843,3.64866
2026-09-12 00:06:43,43932.0,23.0000,3.64797
2026-09-12 00:06:52,43941.7,22.9921,3.64725
2026-09-12 00:07:02,43951.8,23.0000,3.64653
2026-09-12 00:07:12,43961.5,22.9921,3.64584
2026-09-12 00:07:22,43971.6,22.9921,3.64508
2026-09-12 00:07:32,43981.2,22.9843,3.64437
2026-09-12 00:07:42,43991.3,23.0156,3.64364
2026-09-12 00:07:52,44001.4,22.9843,3.64289
2026-09-12 00:08:02,44011.1,22.9921,3.64212
2026-09-12 00:08:12,44021.2,23.0000,3.64138
2026-09-12 00:08:21,44030.9,22.9921,3.64062
2026-09-12 00:08:32,44041.0,22.9843,3.63981
2026-09-12 00:08:42,44051.1,22.9921,3.63905
2026-09-12 00:08:51,44060.7,23.0078,3.63828
2026-09-12 00:09:01,44070.8,23.0000,3.63745
2026-09-12 00:09:11,44080.5,22.9921,3.63670
2026-09-12 00:09:21,44090.6,23.0000,3.63585
2026-09-12 00:09:31,44100.3,22.9921,3.63507
2026-09-12 00:09:41,44110.4,22.9921,3.63427
2026-09-12 00:09:51,44120.5,22.9921,3.63340
2026-09-12 00:10:01,44130.1,23.0000,3.63264
2026-09-12 00:10:11,44140.2,22.9921,3.63179
2026-09-12 00:10:21,44150.3,22.9921,3.63093
2026-09-12 00:10:31,44160.0,23.0000,3.63012
2026-09-12 00:10:41,44170.1,23.0078,3.62924
2026-09-12 00:10:50,44179.8,23.0000,3.62843
2026-09-12 00:11:00,44189.9,23.0000,3.62754
2026-09-12 00:11:10,44199.5,23.0000,3.62670
2026-09-12 00:11:20,44209.6,23.0078,3.62584
2026-09-12 00:11:30,44219.7,23.0000,3.62492
2026-09-12 00:11:40,44229.4,23.0078,3.62409
2026-09-12 00:11:50,44239.5,22.9843,3.62315
2026-09-12 00:12:00,44249.2,22.9921,3.62235
2026-09-12 00:12:10,44259.3,22.9921,3.62145
2026-09-12 00:12:20,44269.3,22.9921,3.62052
2026-09-12 00:12:30,44279.0,23.0078,3.61966
2026-09-12 00:12:40,44289.1,22.9921,3.61876
2026-09-12 00:12:49,44298.8,23.0078,3.61784
2026-09-12 00:12:59,44308.9,23.0078,3.61691
2026-09-12 00:13:09,44318.6,23.0078,3.61605
2026-09-12 00:13:19,44328.7,23.0000,3.61511
2026-09-12 00:13:29,44338.8,23.0156,3.61417
2026-09-12 00:13:39,44348.4,23.0312,3.61324
2026-09-12 00:13:49,44358.5,23.0156,3.61230
2026-09-12 00:13:59,44368.2,23.0078,3.61141
2026-09-12 00:14:09,44378.3,23.0078,3.61043
2026-09-12 00:14:19,44388.4,22.9921,3.60947
2026-09-12 00:14:29,44398.1,23.0000,3.60853
2026-09-12 00:14:39,44408.2,23.0000,3.60759
2026-09-12 00:14:48,44417.8,23.0000,3.60665
2026-09-12 00:14:58,44427.9,22.9921,3.60564
2026-09-12 00:15:09,44438.0,22.9921,3.60469
2026-09-12 00:15:18,44447.7,23.0078,3.60370
2026-09-12 00:15:28,44457.8,23.0078,3.60274
2026-09-12 00:15:38,44467.5,23.0000,3.60176
2026-09-12 00:15:48,44477.6,22.9921,3.60074
2026-09-12 00:15:58,44487.6,23.0000,3.59977
2026-09-12 00:16:08,44497.3,23.0000,3.59879
2026-09-12 00:16:18,44507.4,23.0156,3.59776
2026-09-12 00:16:28,44517.1,23.0078,3.59678
2026-09-12 00:16:38,44527.2,23.0078,3.59572
2026-09-12 00:16:47,44536.9,23.0000,3.59475
2026-09-12 00:16:58,44547.0,23.0078,3.59369
2026-09-12 00:17:08,44557.0,23.0000,3.59268
2026-09-12 00:17:17,44566.7,23.0078,3.59166
2026-09-12 00:17:27,44576.8,22.9921,3.59060
2026-09-12 00:17:37,44586.5,22.9921,3.58956
2026-09-12 00:17:47,44596.6,22.9921,3.58853
2026-09-12 00:17:57,44606.3,23.0078,3.58747
2026-09-12 00:18:07,44616.4,22.9921,3.58640
2026-09-12 00:18:17,44626.5,22.9921,3.58535
2026-09-12 00:18:27,44636.1,22.9843,3.58428
2026-09-12 00:18:37,44646.2,23.0000,3.58321
2026-09-12 00:18:47,44656.3,23.0000,3.58212
2026-09-12 00:18:57,44666.0,22.9843,3.58103
2026-09-12 00:19:07,44676.1,23.0000,3.57994
2026-09-12 00:19:16,44685.8,23.0078,3.57889
2026-09-12 00:19:26,44695.8,22.9921,3.57774
2026-09-12 00:19:36,44705.5,22.9921,3.57665
2026-09-12 00:19:46,44715.6,23.0078,3.57555
2026-09-12 00:19:56,44725.7,23.0000,3.57439
2026-09-12 00:20:06,44735.4,22.9921,3.57332
2026-09-12 00:20:16,44745.5,22.9921,3.57218
2026-09-12 00:20:26,44755.2,22.9843,3.57105
2026-09-12 00:20:36,44765.2,22.9921,3.56990
2026-09-12 00:20:46,44775.3,22.9765,3.56875
2026-09-12 00:20:56,44785.0,22.9843,3.56763
2026-09-12 00:21:06,44795.1,23.0000,3.56643
2026-09-12 00:21:15,44804.8,23.0000,3.56532
2026-09-12 00:21:25,44814.9,22.9921,3.56411
2026-09-12 00:21:36,44825.0,22.9843,3.56291
2026-09-12 00:21:45,44834.7,22.9921,3.56179
2026-09-12 00:21:55,44844.7,22.9921,3.56055
2026-09-12 00:22:05,44854.4,23.0000,3.55941
2026-09-12 00:22:15,44864.5,22.9921,3.55819
2026-09-12 00:22:25,44874.6,22.9921,3.55693
2026-09-12 00:22:35,44884.3,23.0156,3.55578
2026-09-12 00:22:45,44894.4,22.9843,3.55453
2026-09-12 00:22:55,44904.0,22.9921,3.55335
2026-09-12 00:23:05,44914.1,22.9921,3.55210
2026-09-12 00:23:14,44923.8,22.9843,3.55086
2026-09-12 00:23:24,44933.9,23.0000,3.54962
2026-09-12 00:23:35,44944.0,22.9843,3.54833
2026-09-12 00:23:44,44953.7,22.9843,3.54708
2026-09-12 00:23:54,44963.8,23.0000,3.54583
2026-09-12 00:24:04,44973.5,22.9921,3.54458
2026-09-12 00:24:14,44983.5,22.9765,3.54327
2026-09-12 00:24:24,44993.6,22.9921,3.54197
2026-09-12 00:24:34,45003.3,23.0000,3.54072
2026-09-12 00:24:44,45013.4,23.0000,3.53936
2026-09-12 00:24:54,45023.1,22.9843,3.53808
2026-09-12 00:25:04,45033.2,22.9843,3.53677
2026-09-12 00:25:14,45043.3,22.9843,3.53544
2026-09-12 00:25:23,45053.0,23.0000,3.53411
2026-09-12 00:25:34,45063.0,22.9921,3.53274
2026-09-12 00:25:43,45072.7,22.9921,3.53145
2026-09-12 00:25:53,45082.8,22.9843,3.53004
2026-09-12 00:26:03,45092.5,22.9921,3.52871
2026-09-12 00:26:13,45102.6,22.9765,3.52731
2026-09-12 00:26:23,45112.7,23.0000,3.52595
2026-09-12 00:26:33,45122.3,22.9921,3.52457
2026-09-12 00:26:43,45132.4,22.9687,3.52316
2026-09-12 00:26:53,45142.1,22.9765,3.52178
2026-09-12 00:27:03,45152.2,22.9687,3.52033
2026-09-12 00:27:13,45162.3,22.9843,3.51891
2026-09-12 00:27:23,45172.0,22.9843,3.51751
2026-09-12 00:27:33,45182.1,22.9843,3.51605
2026-09-12 00:27:42,45191.8,22.9765,3.51463
2026-09-12 00:27:52,45201.8,22.9843,3.51311
2026-09-12 00:28:02,45211.5,22.9687,3.51166
2026-09-12 00:28:12,45221.6,22.9765,3.51021
2026-09-12 00:28:22,45231.7,22.9765,3.50870
2026-09-12 00:28:32,45241.4,22.9765,3.50721
2026-09-12 00:28:42,45251.5,22.9765,3.50567
2026-09-12 00:28:52,45261.2,22.9843,3.50423
2026-09-12 00:29:02,45271.2,22.9765,3.50267
2026-09-12 00:29:12,45281.3,22.9765,3.50112
2026-09-12 00:29:22,45291.0,22.9843,3.49961
2026-09-12 00:29:32,45301.1,22.9921,3.49800
2026-09-12 00:29:41,45310.8,23.0000,3.49645
2026-09-12 00:29:51,45320.9,22.9687,3.49489
2026-09-12 00:30:02,45331.0,22.9687,3.49328
2026-09-12 00:30:11,45340.6,22.9687,3.49168
2026-09-12 00:30:21,45350.7,22.9765,3.49005
2026-09-12 00:30:31,45360.4,22.9765,3.48849
2026-09-12 00:30:41,45370.5,22.9765,3.48683
2026-09-12 00:30:51,45380.6,22.9843,3.48516
2026-09-12 00:31:01,45390.3,22.9531,3.48350
2026-09-12 00:31:11,45400.4,22.9765,3.48181
2026-09-12 00:31:21,45410.0,22.9609,3.48021
2026-09-12 00:31:31,45420.1,22.9687,3.47848
2026-09-12 00:31:41,45430.2,22.9687,3.47675
2026-09-12 00:31:50,45439.9,22.9687,3.47504
2026-09-12 00:32:01,45450.0,22.9687,3.47328
2026-09-12 00:32:10,45459.7,22.9765,3.47162
2026-09-12 00:32:20,45469.8,22.9687,3.46984
2026-09-12 00:32:30,45479.8,22.9609,3.46803
2026-09-12 00:32:40,45489.5,22.9843,3.46627
2026-09-12 00:32:50,45499.6,22.9843,3.46443
2026-09-12 00:33:00,45509.3,22.9843,3.46269
2026-09-12 00:33:10,45519.4,22.9687,3.46082
2026-09-12 00:33:20,45529.1,22.9843,3.45902
2026-09-12 00:33:30,45539.2,22.9765,3.45714
2026-09-12 00:33:39,45548.8,22.9609,3.45535
2026-09-12 00:33:49,45558.9,22.9687,3.45340
2026-09-12 00:34:00,45569.0,22.9609,3.45150
2026-09-12 00:34:09,45578.7,22.9531,3.44964
2026-09-12 00:34:19,45588.8,22.9687,3.44766
2026-09-12 00:34:29,45598.5,22.9765,3.44579
2026-09-12 00:34:39,45608.6,22.9609,3.44376
2026-09-12 00:34:49,45618.2,22.9687,3.44186
2026-09-12 00:34:59,45628.3,22.9531,3.43980
2026-09-12 00:35:09,45638.4,22.9609,3.43779
2026-09-12 00:35:19,45648.1,22.9609,3.43581
2026-09-12 00:35:29,45658.2,22.9765,3.43373
2026-09-12 00:35:38,45667.9,22.9687,3.43169
2026-09-12 00:35:49,45678.0,22.9531,3.42957
2026-09-12 00:35:59,45688.0,22.9609,3.42744
2026-09-12 00:36:08,45697.7,22.9687,3.42536
2026-09-12 00:36:18,45707.8,22.9687,3.42321
2026-09-12 00:36:28,45717.5,22.9531,3.42108
2026-09-12 00:36:38,45727.6,22.9687,3.41885
2026-09-12 00:36:48,45737.3,22.9375,3.41672
2026-09-12 00:36:58,45747.4,22.9687,3.41448
2026-09-12 00:37:08,45757.5,22.9609,3.41221
2026-09-12 00:37:18,45767.1,22.9765,3.41000
2026-09-12 00:37:28,45777.2,22.9687,3.40767
2026-09-12 00:37:37,45786.9,22.9687,3.40540
2026-09-12 00:37:48,45797.0,22.9609,3.40305
2026-09-12 00:37:58,45807.1,22.9609,3.40063
2026-09-12 00:38:07,45816.8,22.9375,3.39833
2026-09-12 00:38:17,45826.9,22.9609,3.39589
2026-09-12 00:38:27,45836.5,22.9609,3.39348
2026-09-12 00:38:37,45846.6,22.9531,3.39101
2026-09-12 00:38:47,45856.7,22.9609,3.38849
2026-09-12 00:38:57,45866.4,22.9687,3.38601
2026-09-12 00:39:07,45876.5,22.9687,3.38345
2026-09-12 00:39:17,45886.2,22.9609,3.38095
2026-09-12 00:39:27,45896.3,22.9765,3.37832
2026-09-12 00:39:36,45905.9,22.9609,3.37572
2026-09-12 00:39:47,45916.0,22.9687,3.37305
2026-09-12 00:39:57,45926.1,22.9531,3.37031
2026-09-12 00:40:06,45935.8,22.9531,3.36765
2026-09-12 00:40:16,45945.9,22.9687,3.36482
2026-09-12 00:40:26,45955.6,22.9687,3.36213
2026-09-12 00:40:36,45965.7,22.9531,3.35926
2026-09-12 00:40:46,45975.8,22.9375,3.35636
2026-09-12 00:40:56,45985.4,22.9531,3.35349
2026-09-12 00:41:06,45995.5,22.9687,3.35051
2026-09-12 00:41:16,46005.2,22.9531,3.34764
2026-09-12 00:41:26,46015.3,22.9609,3.34455
2026-09-12 00:41:36,46025.0,22.9609,3.34158
2026-09-12 00:41:46,46035.1,22.9687,3.33843
2026-09-12 00:41:56,46045.2,22.9531,3.33526
2026-09-12 00:42:05,46054.8,22.9687,3.33214
2026-09-12 00:42:15,46064.9,22.9609,3.32887
2026-09-12 00:42:25,46074.6,22.9296,3.32568
2026-09-12 00:42:35,46084.7,22.9531,3.32228
2026-09-12 00:42:45,46094.8,22.9609,3.31888
2026-09-12 00:42:55,46104.5,22.9296,3.31554
2026-09-12 00:43:05,46114.5,22.9296,3.31197
2026-09-12 00:43:15,46124.2,22.9531,3.30854
2026-09-12 00:43:25,46134.3,22.9531,3.30491
2026-09-12 00:43:35,46144.0,22.9375,3.30135
2026-09-12 00:43:45,46154.1,22.9531,3.29756
2026-09-12 00:43:55,46164.2,22.9531,3.29375
2026-09-12 00:44:04,46173.9,22.9375,3.29001
2026-09-12 00:44:15,46184.0,22.9375,3.28601
2026-09-12 00:44:24,46193.6,22.9531,3.28219
2026-09-12 00:44:34,46203.7,22.9375,3.27806
2026-09-12 00:44:44,46213.8,22.9296,3.27390
2026-09-12 00:44:54,46223.5,22.9296,3.26975
2026-09-12 00:45:04,46233.6,22.9375,3.26543
2026-09-12 00:45:14,46243.3,22.9218,3.26121
2026-09-12 00:45:24,46253.4,22.9375,3.25670
2026-09-12 00:45:34,46263.5,22.9140,3.25206
2026-09-12 00:45:44,46273.1,22.9375,3.24752
2026-09-12 00:45:54,46283.2,22.9375,3.24268
2026-09-12 00:46:03,46292.9,22.9218,3.23796
2026-09-12 00:46:14,46303.0,22.9296,3.23291
2026-09-12 00:46:24,46313.1,22.9375,3.22767
2026-09-12 00:46:33,46322.8,22.9296,3.22256
2026-09-12 00:46:43,46332.8,22.9140,3.21701
2026-09-12 00:46:53,46342.5,22.9296,3.21155
2026-09-12 00:47:03,46352.6,22.9296,3.20570
2026-09-12 00:47:13,46362.3,22.9062,3.19984
2026-09-12 00:47:23,46372.4,22.9218,3.19351
2026-09-12 00:47:33,46382.5,22.9296,3.18688
2026-09-12 00:47:43,46392.2,22.9296,3.18024
2026-09-12 00:47:53,46402.2,22.9296,3.17294
2026-09-12 00:48:02,46411.9,22.9375,3.16563
2026-09-12 00:48:13,46422.0,22.9375,3.15763
2026-09-12 00:48:23,46432.1,22.9062,3.14912
2026-09-12 00:48:32,46441.8,22.9062,3.14057
2026-09-12 00:48:42,46451.9,22.9062,3.13121
2026-09-12 00:48:52,46461.6,22.9218,3.12175
2026-09-12 00:49:02,46471.7,22.9218,3.11146
2026-09-12 00:49:12,46481.7,22.9218,3.10057
2026-09-12 00:49:22,46491.4,22.9218,3.08954
2026-09-12 00:49:32,46501.5,22.9062,3.07723
2026-09-12 00:49:42,46511.2,22.9140,3.06457
2026-09-12 00:49:52,46521.3,22.9062,3.05002
2026-09-12 00:50:02,46531.0,22.9062,3.03434
2026-09-12 00:50:12,46541.0,22.8906,3.01571
2026-09-12 00:50:22,46551.1,22.9140,2.99441
2026-09-12 00:50:31,46560.8,22.8906,2.97162
2026-09-12 00:50:41,46570.9,22.8984,2.94622
2026-09-12 00:50:52,46581.0,22.9062,2.91974
2026-09-12 00:51:01,46590.7,22.8906,2.89354
2026-09-12 00:51:11,46600.8,22.8984,2.86557
2026-09-12 00:51:21,46610.5,22.9062,2.83825
2026-09-12 00:51:31,46620.5,22.8828,2.80980
2026-09-12 00:51:41,46630.6,22.9062,2.78179
2026-09-12 00:51:51,46640.3,22.8984,2.75556
2026-09-12 00:52:01,46650.4,22.8984,2.72905
2026-09-12 00:52:11,46660.1,22.8906,2.70445
2026-09-12 00:52:21,46670.2,22.8984,2.67958
2026-09-12 00:52:30,46679.9,22.8906,2.65635
2026-09-12 00:52:40,46689.9,22.8828,2.63274
2026-09-12 00:52:51,46700.0,22.8828,2.60947
2026-09-12 00:53:00,46709.7,22.9062,2.58746
2026-09-12 00:53:10,46719.8,22.8828,2.56470
2026-09-12 00:53:20,46729.5,22.8750,2.54295
2026-09-12 00:53:30,46739.6,22.8750,2.52033
2026-09-12 00:53:40,46749.7,22.8828,2.49777
2026-09-12 00:53:50,46759.3,22.8593,2.47620
2026-09-12 00:54:00,46769.4,22.8750,2.45372
2026-09-12 00:54:10,46779.1,22.8671,2.43244
2026-09-12 00:54:20,46789.2,22.8671,2.41052
2026-09-12 00:54:30,46799.7,22.8593,0.35324
2026-09-12 00:54:40,46809.0,22.8671,0.00657
2026-09-12 00:54:50,46819.1,22.8515,0.00240
2026-09-12 00:54:59,46828.8,22.8125,0.00187
2026-09-12 00:55:09,46838.9,22.8125,0.00169
2026-09-12 00:55:19,46848.6,22.8125,0.00162
2026-09-12 00:55:29,46858.6,22.7890,0.00158
2026-09-12 00:55:39,46868.7,22.7734,0.00154
2026-09-12 00:55:49,46878.4,22.7500,0.00152
2026-09-12 00:55:59,46888.5,22.7656,0.00150
2026-09-12 00:56:09,46898.5,22.7421,0.00149
2026-09-12 00:56:19,46908.2,22.7265,0.00148
2026-09-12 00:56:29,46918.3,22.7187,0.00147
2026-09-12 00:56:39,46928.0,22.6953,0.00146
2026-09-12 00:56:49,46938.0,22.6796,0.00145
2026-09-12 00:56:59,46948.1,22.6562,0.00144
2026-09-12 00:57:08,46957.8,22.6718,0.00144
2026-09-12 00:57:18,46967.9,22.6484,0.00143
2026-09-12 00:57:28,46977.6,22.6406,0.00143
2026-09-12 00:57:38,46987.6,22.6406,0.00143
2026-09-12 00:57:48,46997.7,22.6015,0.00142
2026-09-12 00:57:58,47007.5,22.6171,2.96337
2026-09-12 00:58:08,47017.6,22.6015,2.86753
2026-09-12 00:58:18,47027.2,22.6250,2.75817
2026-09-12 00:58:28,47037.3,22.6093,2.63931
2026-09-12 00:58:38,47047.0,22.6093,2.53989
2026-09-12 00:58:48,47057.1,22.6250,2.46087
2026-09-12 00:58:57,47066.8,22.6093,2.40826
2026-09-12 00:59:08,47077.0,22.6328,0.03572
2026-09-12 00:59:17,47086.6,22.6406,0.00286
2026-09-12 00:59:27,47096.7,22.6250,0.00183
2026-09-12 00:59:37,47106.8,22.6093,0.00161
2026-09-12 00:59:47,47116.5,22.6250,0.00154
2026-09-12 00:59:57,47126.5,22.6406,0.00150
2026-09-12 01:00:07,47136.6,22.6093,0.00148
2026-09-12 01:00:17,47146.3,22.6250,0.00146
2026-09-12 01:00:27,47156.4,22.6015,0.00145
2026-09-12 01:00:37,47166.0,22.5781,0.00144
2026-09-12 01:00:47,47176.1,22.5781,0.00143
2026-09-12 01:00:57,47186.2,22.5703,0.00143
2026-09-12 01:01:06,47195.9,22.5703,0.00142
2026-09-12 01:01:17,47206.0,22.5703,0.00141
2026-09-12 01:01:26,47215.6,22.5703,0.00141
2026-09-12 01:01:36,47225.7,22.5468,0.00141
2026-09-12 01:01:46,47235.8,22.5625,0.00140
2026-09-12 01:01:56,47245.5,22.5703,0.00140
2026-09-12 01:02:06,47255.5,22.5390,0.00140
2026-09-12 01:02:16,47265.6,22.5390,0.00140
2026-09-12 01:02:26,47275.3,22.5156,0.00139
2026-09-12 01:02:36,47285.5,22.5156,2.96486
2026-09-12 01:02:46,47295.1,22.5156,2.86969
2026-09-12 01:02:56,47305.2,22.5156,2.74736
2026-09-12 01:03:05,47314.9,22.5312,2.61942
2026-09-12 01:03:16,47325.0,22.5468,2.50156
2026-09-12 01:03:26,47335.1,22.5312,2.41631
2026-09-12 01:03:35,47344.8,22.5468,0.04087
2026-09-12 01:03:45,47354.9,22.5546,0.00278
2026-09-12 01:03:55,47364.6,22.5390,0.00181
2026-09-12 01:04:05,47374.7,22.5625,0.00158
2026-09-12 01:04:15,47384.3,22.5703,0.00151
2026-09-12 01:04:25,47394.4,22.5546,0.00148
2026-09-12 01:04:35,47404.5,22.5390,0.00146
2026-09-12 01:04:45,47414.2,22.5468,0.00144
2026-09-12 01:04:55,47424.3,22.5390,0.00143
2026-09-12 01:05:05,47434.3,22.5390,0.00142
2026-09-12 01:05:15,47444.0,22.5468,0.00141
2026-09-12 01:05:25,47454.1,22.5390,0.00141
2026-09-12 01:05:34,47463.8,22.5312,0.00140
2026-09-12 01:05:44,47473.8,22.5156,0.00140
2026-09-12 01:05:54,47483.9,22.5234,0.00140
2026-09-12 01:06:04,47493.6,22.5234,0.00139
2026-09-12 01:06:14,47503.7,22.5078,0.00139
2026-09-12 01:06:24,47513.3,22.5078,0.00139
2026-09-12 01:06:34,47523.4,22.4765,0.00139
2026-09-12 01:06:44,47533.5,22.4843,0.00138
2026-09-12 01:06:54,47543.2,22.4843,0.00138
2026-09-12 01:07:04,47553.3,22.4921,0.00138
2026-09-12 01:07:14,47563.8,22.4843,2.97701
2026-09-12 01:07:24,47573.1,22.4765,2.88620
2026-09-12 01:07:34,47583.2,22.4921,2.76159
2026-09-12 01:07:43,47592.9,22.4843,2.62526
2026-09-12 01:07:54,47603.0,22.5000,2.49503
2026-09-12 01:08:03,47612.6,22.5156,2.40430
2026-09-12 01:08:13,47622.8,22.5156,0.01221
2026-09-12 01:08:23,47632.5,22.5312,0.00233
2026-09-12 01:08:33,47642.6,22.5312,0.00169
2026-09-12 01:08:43,47652.6,22.5390,0.00154
2026-09-12 01:08:53,47662.3,22.5234,0.00149
2026-09-12 01:09:03,47672.4,22.5156,0.00146
2026-09-12 01:09:13,47682.1,22.5156,0.00144
2026-09-12 01:09:23,47692.1,22.5234,0.00143
2026-09-12 01:09:33,47702.2,22.5156,0.00142
2026-09-12 01:09:42,47711.9,22.5078,0.00141
2026-09-12 01:09:53,47722.0,22.4921,0.00141
2026-09-12 01:10:03,47732.1,22.5000,0.00140
2026-09-12 01:10:12,47741.7,22.5078,0.00140
2026-09-12 01:10:22,47751.8,22.4843,0.00139
2026-09-12 01:10:32,47761.5,22.4843,0.00139
2026-09-12 01:10:42,47771.6,22.4765,0.00139
2026-09-12 01:10:52,47781.6,22.4765,0.00139
2026-09-12 01:11:02,47791.3,22.4687,0.00138
2026-09-12 01:11:12,47801.4,22.4687,0.00138
2026-09-12 01:11:22,47811.5,22.4765,0.00138
2026-09-12 01:11:32,47821.1,22.4531,0.00138
2026-09-12 01:11:42,47831.2,22.4453,0.00138
2026-09-12 01:11:51,47840.9,22.4687,0.00137
2026-09-12 01:12:02,47851.1,22.4531,2.96681
2026-09-12 01:12:11,47860.8,22.4531,2.86685
2026-09-12 01:12:21,47870.8,22.4531,2.73365
2026-09-12 01:12:31,47880.9,22.4843,2.58538
2026-09-12 01:12:41,47890.6,22.4765,2.45960
2026-09-12 01:12:51,47900.4,22.4765,0.13478
2026-09-12 01:13:01,47910.5,22.4921,0.00376
2026-09-12 01:13:11,47920.5,22.5000,0.00190
2026-09-12 01:13:21,47930.2,22.5000,0.00159
2026-09-12 01:13:31,47940.3,22.5078,0.00150
2026-09-12 01:13:41,47950.4,22.5000,0.00146
2026-09-12 01:13:51,47960.0,22.4843,0.00144
2026-09-12 01:14:01,47970.1,22.4843,0.00143
2026-09-12 01:14:10,47979.8,22.5000,0.00142
2026-09-12 01:14:20,47989.9,22.4921,0.00141
2026-09-12 01:14:30,47999.9,22.4921,0.00140
2026-09-12 01:14:40,48009.6,22.4765,0.00140
2026-09-12 01:14:50,48019.7,22.4765,0.00139
2026-09-12 01:15:00,48029.4,22.4843,0.00139
2026-09-12 01:15:10,48039.5,22.4765,0.00138
2026-09-12 01:15:20,48049.5,22.4687,0.00138
2026-09-12 01:15:30,48059.2,22.4687,0.00138
2026-09-12 01:15:40,48069.3,22.4453,0.00138
2026-09-12 01:15:50,48079.0,22.4453,0.00138
2026-09-12 01:16:00,48089.0,22.4453,0.00137
2026-09-12 01:16:10,48099.1,22.4531,0.00137
2026-09-12 01:16:19,48108.8,22.4453,0.00137
2026-09-12 01:16:29,48118.9,22.4296,0.00137
2026-09-12 01:16:39,48128.9,22.4453,0.00137
2026-09-12 01:16:49,48138.6,22.4296,0.00137
2026-09-12 01:16:59,48148.8,22.4453,2.94205
2026-09-12 01:17:09,48158.5,22.4453,2.83323
2026-09-12 01:17:19,48168.5,22.4453,2.68903
2026-09-12 01:17:29,48178.2,22.4687,2.54341
2026-09-12 01:17:39,48188.3,22.4531,2.41863
2026-09-12 01:17:49,48198.1,22.4843,0.02273
2026-09-12 01:17:59,48208.2,22.4843,0.00245
2026-09-12 01:18:09,48218.2,22.4843,0.00170
2026-09-12 01:18:18,48227.9,22.4843,0.00153
2026-09-12 01:18:29,48238.0,22.4843,0.00148
2026-09-12 01:18:38,48247.7,22.4921,0.00145
2026-09-12 01:18:48,48257.8,22.5000,0.00143
2026-09-12 01:18:58,48267.8,22.4765,0.00142
2026-09-12 01:19:08,48277.5,22.4843,0.00141
2026-09-12 01:19:18,48287.6,22.4687,0.00140
2026-09-12 01:19:28,48297.7,22.4531,0.00139
2026-09-12 01:19:38,48307.3,22.4531,0.00139
2026-09-12 01:19:48,48317.4,22.4687,0.00139
2026-09-12 01:19:58,48327.1,22.4687,0.00138
2026-09-12 01:20:08,48337.2,22.4531,0.00138
2026-09-12 01:20:18,48347.2,22.4687,0.00138
2026-09-12 01:20:27,48356.9,22.4531,0.00138
2026-09-12 01:20:38,48367.0,22.4453,0.00138
2026-09-12 01:20:47,48376.7,22.4453,0.00137
2026-09-12 01:20:57,48386.8,22.4687,0.00137
2026-09-12 01:21:07,48396.8,22.4453,0.00137
2026-09-12 01:21:17,48406.5,22.4375,0.00137
2026-09-12 01:21:27,48416.6,22.4375,0.00137
2026-09-12 01:21:37,48426.2,22.4453,0.00137
2026-09-12 01:21:47,48436.3,22.4296,0.00137
2026-09-12 01:21:57,48446.4,22.4375,0.00185
2026-09-12 01:22:07,48456.2,22.4531,2.90754
2026-09-12 01:22:17,48466.3,22.4218,2.77984
2026-09-12 01:22:26,48475.9,22.4375,2.63086
2026-09-12 01:22:37,48486.0,22.4375,2.48099
2026-09-12 01:22:47,48496.2,22.4531,0.14782
2026-09-12 01:22:56,48505.9,22.4453,0.00407
2026-09-12 01:23:06,48515.5,22.4921,0.00194
2026-09-12 01:23:16,48525.6,22.4921,0.00159
2026-09-12 01:23:26,48535.7,22.4687,0.00149
2026-09-12 01:23:36,48545.4,22.4765,0.00146
2026-09-12 01:23:46,48555.5,22.4921,0.00143
2026-09-12 01:23:56,48565.1,22.4921,0.00142
2026-09-12 01:24:06,48575.2,22.4687,0.00141
2026-09-12 01:24:16,48585.3,22.4843,0.00140
2026-09-12 01:24:26,48595.0,22.4687,0.00140
2026-09-12 01:24:36,48605.0,22.4687,0.00139
2026-09-12 01:24:46,48615.1,22.4453,0.00139
2026-09-12 01:24:55,48624.8,22.4531,0.00138
2026-09-12 01:25:05,48634.9,22.4375,0.00138
2026-09-12 01:25:15,48644.5,22.4453,0.00138
2026-09-12 01:25:25,48654.6,22.4531,0.00137
2026-09-12 01:25:35,48664.7,22.4453,0.00137
2026-09-12 01:25:45,48674.4,22.4375,0.00137
2026-09-12 01:25:55,48684.5,22.4375,0.00137
2026-09-12 01:26:05,48694.1,22.4296,0.00137
2026-09-12 01:26:15,48704.2,22.4375,0.00137
2026-09-12 01:26:25,48714.3,22.4453,0.00137
2026-09-12 01:26:35,48724.0,22.4140,0.00136
2026-09-12 01:26:45,48734.0,22.4296,0.00137
2026-09-12 01:26:54,48743.7,22.4218,0.00136
2026-09-12 01:27:04,48753.8,22.4375,0.00136
2026-09-12 01:27:14,48763.5,22.4218,2.97046
2026-09-12 01:27:24,48773.6,22.4296,2.86141
2026-09-12 01:27:34,48783.3,22.4296,2.72464
2026-09-12 01:27:44,48793.4,22.4296,2.56419
2026-09-12 01:27:54,48803.5,22.4375,2.42404
2026-09-12 01:28:04,48813.3,22.4453,0.02358
2026-09-12 01:28:14,48823.3,22.4531,0.00244
2026-09-12 01:28:24,48833.0,22.4843,0.00170
2026-09-12 01:28:34,48843.1,22.4843,0.00153
2026-09-12 01:28:44,48853.2,22.4687,0.00147
2026-09-12 01:28:53,48862.8,22.4765,0.00144
2026-09-12 01:29:03,48872.9,22.4765,0.00142
2026-09-12 01:29:13,48882.6,22.4765,0.00141
2026-09-12 01:29:23,48892.7,22.4531,0.00140
2026-09-12 01:29:33,48902.8,22.4843,0.00140
2026-09-12 01:29:43,48912.4,22.4765,0.00139
2026-09-12 01:29:53,48922.5,22.4531,0.00138
2026-09-12 01:30:03,48932.2,22.4453,0.00138
2026-09-12 01:30:13,48942.3,22.4531,0.00138
2026-09-12 01:30:23,48952.3,22.4453,0.00138
2026-09-12 01:30:33,48962.0,22.4375,0.00137
2026-09-12 01:30:43,48972.1,22.4296,0.00137
2026-09-12 01:30:53,48982.2,22.4296,0.00137
2026-09-12 01:31:02,48991.8,22.4296,0.00137
2026-09-12 01:31:12,49001.9,22.4375,0.00137
2026-09-12 01:31:22,49011.6,22.4218,0.00137
2026-09-12 01:31:32,49021.7,22.4062,0.00136
2026-09-12 01:31:42,49031.8,22.4218,0.00136
2026-09-12 01:31:52,49041.4,22.4218,0.00136
2026-09-12 01:32:02,49051.5,22.4140,0.00136
2026-09-12 01:32:12,49061.2,22.4140,0.00136
2026-09-12 01:32:22,49071.3,22.4140,0.00136
2026-09-12 01:32:32,49081.3,22.4140,0.00136
2026-09-12 01:32:42,49091.1,22.4296,2.93267
2026-09-12 01:32:52,49101.2,22.4218,2.81015
2026-09-12 01:33:01,49110.9,22.4218,2.66017
2026-09-12 01:33:12,49121.0,22.4140,2.49964
2026-09-12 01:33:21,49130.7,22.4531,0.28529
2026-09-12 01:33:31,49140.8,22.4375,0.00450
2026-09-12 01:33:41,49150.9,22.4765,0.00194
2026-09-12 01:33:51,49160.6,22.4765,0.00159
2026-09-12 01:34:01,49170.6,22.4453,0.00149
2026-09-12 01:34:11,49180.3,22.4765,0.00145
2026-09-12 01:34:21,49190.4,22.4531,0.00143
2026-09-12 01:34:31,49200.5,22.4843,0.00141
2026-09-12 01:34:41,49210.1,22.4531,0.00140
2026-09-12 01:34:51,49220.2,22.4531,0.00140
2026-09-12 01:35:00,49229.9,22.4453,0.00139
2026-09-12 01:35:11,49240.0,22.4453,0.00138
2026-09-12 01:35:21,49250.0,22.4531,0.00138
2026-09-12 01:35:30,49259.7,22.4531,0.00138
2026-09-12 01:35:40,49269.8,22.4375,0.00137
2026-09-12 01:35:50,49279.5,22.4296,0.00137
2026-09-12 01:36:00,49289.6,22.4296,0.00137
2026-09-12 01:36:10,49299.6,22.4140,0.00137
2026-09-12 01:36:20,49309.3,22.4375,0.00137
2026-09-12 01:36:30,49319.4,22.4296,0.00137
2026-09-12 01:36:40,49329.1,22.4375,0.00136
2026-09-12 01:36:50,49339.1,22.4062,0.00136
2026-09-12 01:37:00,49349.2,22.4296,0.00136
2026-09-12 01:37:09,49358.9,22.4296,0.00136
2026-09-12 01:37:20,49369.0,22.4375,0.00136
2026-09-12 01:37:30,49379.0,22.4218,0.00136
2026-09-12 01:37:39,49388.7,22.4218,0.00136
2026-09-12 01:37:49,49398.8,22.3906,0.00136
2026-09-12 01:37:59,49408.9,22.4218,0.00136
2026-09-12 01:38:09,49418.6,22.4062,0.00357
2026-09-12 01:38:19,49428.7,22.4062,2.89094
2026-09-12 01:38:29,49438.4,22.4140,2.75947
2026-09-12 01:38:39,49448.5,22.4140,2.59504
2026-09-12 01:38:49,49458.2,22.4296,2.44629
2026-09-12 01:38:59,49468.3,22.4296,0.03709
2026-09-12 01:39:09,49478.0,22.4531,0.00270
2026-09-12 01:39:19,49488.1,22.4687,0.00173
2026-09-12 01:39:29,49498.2,22.4687,0.00153
2026-09-12 01:39:38,49507.8,22.4687,0.00147
2026-09-12 01:39:48,49517.9,22.4687,0.00144
2026-09-12 01:39:58,49527.6,22.4453,0.00142
2026-09-12 01:40:08,49537.7,22.4687,0.00141
2026-09-12 01:40:18,49547.8,22.4375,0.00140
2026-09-12 01:40:28,49557.4,22.4453,0.00139
2026-09-12 01:40:38,49567.5,22.4375,0.00139
2026-09-12 01:40:48,49577.2,22.4453,0.00138
2026-09-12 01:40:58,49587.3,22.4375,0.00138
2026-09-12 01:41:08,49597.3,22.4375,0.00137
2026-09-12 01:41:18,49607.0,22.4453,0.00137
2026-09-12 01:41:28,49617.1,22.4296,0.00137
2026-09-12 01:41:37,49626.8,22.4375,0.00137
2026-09-12 01:41:47,49636.8,22.4375,0.00136
2026-09-12 01:41:57,49646.9,22.4218,0.00136
2026-09-12 01:42:07,49656.6,22.4296,0.00136
2026-09-12 01:42:17,49666.7,22.4218,0.00136
2026-09-12 01:42:27,49676.4,22.4140,0.00136
2026-09-12 01:42:37,49686.4,22.4140,0.00136
2026-09-12 01:42:47,49696.5,22.4140,0.00136
2026-09-12 01:42:57,49706.2,22.4140,0.00136
2026-09-12 01:43:07,49716.3,22.4140,0.00136
2026-09-12 01:43:17,49726.3,22.4062,0.00136
2026-09-12 01:43:27,49736.0,22.4218,0.00136
2026-09-12 01:43:37,49746.1,22.3906,0.00136
2026-09-12 01:43:46,49755.8,22.4140,0.00136
2026-09-12 01:43:56,49765.9,22.4062,2.95532
2026-09-12 01:44:06,49775.6,22.3906,2.84313
2026-09-12 01:44:16,49785.7,22.4140,2.69184
2026-09-12 01:44:26,49795.8,22.4140,2.52425
2026-09-12 01:44:36,49805.5,22.4296,2.39140
2026-09-12 01:44:46,49815.6,22.4453,0.00583
2026-09-12 01:44:56,49825.3,22.4531,0.00204
2026-09-12 01:45:06,49835.4,22.4453,0.00160
2026-09-12 01:45:16,49845.5,22.4687,0.00149
2026-09-12 01:45:26,49855.1,22.4531,0.00145
2026-09-12 01:45:36,49865.2,22.4453,0.00143
2026-09-12 01:45:45,49874.9,22.4687,0.00141
2026-09-12 01:45:56,49885.0,22.4687,0.00140
2026-09-12 01:46:05,49894.7,22.4531,0.00139
2026-09-12 01:46:15,49904.7,22.4375,0.00139
2026-09-12 01:46:25,49914.8,22.4531,0.00138
2026-09-12 01:46:35,49924.5,22.4375,0.00138
2026-09-12 01:46:45,49934.6,22.4375,0.00137
2026-09-12 01:46:55,49944.6,22.4375,0.00137
2026-09-12 01:47:05,49954.3,22.4453,0.00137
2026-09-12 01:47:15,49964.4,22.4375,0.00137
2026-09-12 01:47:25,49974.1,22.4453,0.00136
2026-09-12 01:47:35,49984.1,22.4296,0.00136
2026-09-12 01:47:45,49994.2,22.4062,0.00136
2026-09-12 01:47:54,50003.9,22.4218,0.00136
2026-09-12 01:48:05,50014.0,22.4296,0.00136
2026-09-12 01:48:14,50023.7,22.4218,0.00136
2026-09-12 01:48:24,50033.7,22.4140,0.00136
2026-09-12 01:48:34,50043.8,22.4140,0.00136
2026-09-12 01:48:44,50053.5,22.3984,0.00136
2026-09-12 01:48:54,50063.6,22.4062,0.00136
2026-09-12 01:49:04,50073.6,22.4062,0.00136
2026-09-12 01:49:14,50083.3,22.4218,0.00135
2026-09-12 01:49:24,50093.4,22.4140,0.00136
2026-09-12 01:49:34,50103.1,22.4062,0.00135
2026-09-12 01:49:44,50113.1,22.4140,0.00200
2026-09-12 01:49:53,50122.9,22.4062,2.90580
2026-09-12 01:50:04,50133.0,22.4140,2.76961
2026-09-12 01:50:13,50142.7,22.4140,2.60938
2026-09-12 01:50:23,50152.8,22.4296,2.44778
2026-09-12 01:50:33,50162.9,22.4296,0.03438
2026-09-12 01:50:43,50172.6,22.4375,0.00266
2026-09-12 01:50:53,50182.7,22.4531,0.00172
