pc_time,elapsed_s,temperature_C,voltage_V
2026-09-02 09:53:54,0.0,22.4921,0.15919
2026-09-02 09:54:04,10.1,22.5000,0.15744
2026-09-02 09:54:14,20.2,22.5000,0.15649
2026-09-02 09:54:24,29.8,22.5000,0.15590
2026-09-02 09:54:34,39.9,22.5234,0.15538
2026-09-02 09:54:44,50.0,22.5078,0.15490
2026-09-02 09:54:54,60.1,22.5000,0.15447
2026-09-02 09:55:04,70.1,22.5078,0.15410
2026-09-02 09:55:14,80.2,22.5078,0.15378
2026-09-02 09:55:24,89.9,22.5156,0.15353
2026-09-02 09:55:34,100.0,22.5156,0.15332
2026-09-02 09:55:44,110.0,22.5078,0.15315
2026-09-02 09:55:54,120.1,22.5000,0.15298
2026-09-02 09:56:04,129.8,22.4843,0.15285
2026-09-02 09:56:14,139.9,22.5156,0.15276
2026-09-02 09:56:24,150.0,22.5078,0.15269
2026-09-02 09:56:34,160.0,22.5000,0.15262
2026-09-02 09:56:44,170.1,22.5078,0.15258
2026-09-02 09:56:54,180.2,22.5078,0.15254
2026-09-02 09:57:04,189.9,22.5078,0.15252
2026-09-02 09:57:14,199.9,22.5000,0.15252
2026-09-02 09:57:24,210.0,22.5000,0.15252
2026-09-02 09:57:34,220.1,22.5000,0.15252
2026-09-02 09:57:44,229.8,22.5078,0.15253
2026-09-02 09:57:54,239.9,22.5078,0.15252
2026-09-02 09:58:04,249.9,22.5078,0.15257
2026-09-02 09:58:14,260.0,22.4921,0.15263
2026-09-02 09:58:24,270.1,22.4921,0.15265
2026-09-02 09:58:34,279.8,22.5000,0.15266
2026-09-02 09:58:44,289.8,22.5078,0.15267
2026-09-02 09:58:54,299.9,22.5156,0.15271
2026-09-02 09:59:04,310.0,22.5000,0.15274
2026-09-02 09:59:14,320.1,22.5078,0.15279
2026-09-02 09:59:24,329.8,22.4921,0.15287
2026-09-02 09:59:34,339.8,22.5078,0.15295
2026-09-02 09:59:44,349.9,22.5078,0.15304
2026-09-02 09:59:54,360.0,22.5078,0.15314
2026-09-02 10:00:04,370.1,22.5000,0.15325
2026-09-02 10:00:14,379.7,22.5156,0.15334
2026-09-02 10:00:24,389.8,22.5000,0.15341
2026-09-02 10:00:34,399.9,22.5000,0.15346
2026-09-02 10:00:44,410.0,22.5000,0.15351
2026-09-02 10:00:54,420.0,22.5000,0.15352
2026-09-02 10:01:04,429.7,22.5000,0.15354
2026-09-02 10:01:14,439.8,22.5078,0.15359
2026-09-02 10:01:24,449.9,22.5000,0.15351
2026-09-02 10:01:34,460.0,22.4843,0.15328
2026-09-02 10:01:44,470.0,22.5000,0.15319
2026-09-02 10:01:54,479.7,22.4921,0.15313
2026-09-02 10:02:04,489.8,22.4921,0.15307
2026-09-02 10:02:14,499.9,22.5156,0.15301
2026-09-02 10:02:24,510.0,22.5078,0.15300
2026-09-02 10:02:34,519.6,22.5000,0.15295
2026-09-02 10:02:44,529.7,22.5156,0.15293
2026-09-02 10:02:54,539.8,22.5156,0.15288
2026-09-02 10:03:04,549.9,22.5000,0.15282
2026-09-02 10:03:14,559.9,22.5078,0.15277
2026-09-02 10:03:24,569.6,22.5078,0.15274
2026-09-02 10:03:34,579.7,22.5078,0.15271
2026-09-02 10:03:44,589.8,22.5078,0.15269
2026-09-02 10:03:54,599.8,22.5156,0.15265
2026-09-02 10:04:04,609.5,22.5156,0.15261
2026-09-02 10:04:14,619.6,22.5156,0.15260
2026-09-02 10:04:24,629.7,22.5000,0.15261
2026-09-02 10:04:34,639.8,22.4921,0.15266
2026-09-02 10:04:44,649.8,22.5156,0.15270
2026-09-02 10:04:54,659.5,22.5234,0.15274
2026-09-02 10:05:04,669.6,22.4921,0.15280
2026-09-02 10:05:14,679.7,22.5156,0.15287
2026-09-02 10:05:24,689.7,22.5078,0.15293
2026-09-02 10:05:34,699.8,22.5156,0.15297
2026-09-02 10:05:44,709.5,22.4921,0.15302
2026-09-02 10:05:54,719.6,22.5000,0.15307
2026-09-02 10:06:04,729.7,22.5156,0.15311
2026-09-02 10:06:14,739.7,22.5000,0.15315
2026-09-02 10:06:24,749.4,22.4921,0.15320
2026-09-02 10:06:34,759.5,22.5156,0.15323
2026-09-02 10:06:44,769.6,22.5000,0.15323
2026-09-02 10:06:54,779.6,22.5078,0.15322
2026-09-02 10:07:04,789.7,22.5234,0.15320
2026-09-02 10:07:14,799.4,22.5000,0.15317
2026-09-02 10:07:24,809.5,22.5234,0.15316
2026-09-02 10:07:34,819.5,22.5156,0.15313
2026-09-02 10:07:44,829.6,22.5156,0.15311
2026-09-02 10:07:53,839.3,22.5078,0.15308
2026-09-02 10:08:04,849.4,22.5234,0.15303
2026-09-02 10:08:14,859.5,22.5000,0.15300
2026-09-02 10:08:24,869.5,22.5078,0.15293
2026-09-02 10:08:34,879.6,22.5078,0.15294
2026-09-02 10:08:43,889.3,22.5000,0.15294
2026-09-02 10:08:54,899.4,22.5234,0.15289
2026-09-02 10:09:04,909.4,22.5156,0.15282
2026-09-02 10:09:14,919.5,22.5156,0.15282
2026-09-02 10:09:24,929.6,22.5312,0.15279
2026-09-02 10:09:33,939.3,22.5000,0.15279
2026-09-02 10:09:44,949.4,22.5234,0.15281
2026-09-02 10:09:54,959.4,22.5390,0.15284
2026-09-02 10:10:04,969.5,22.5156,0.15284
2026-09-02 10:10:13,979.2,22.5312,0.15284
2026-09-02 10:10:23,989.3,22.5156,0.15285
2026-09-02 10:10:34,999.3,22.5156,0.15282
2026-09-02 10:10:44,1009.4,22.5390,0.15281
2026-09-02 10:10:54,1019.5,22.5156,0.15284
2026-09-02 10:11:03,1029.2,22.5312,0.15282
2026-09-02 10:11:13,1039.2,22.5000,0.15284
2026-09-02 10:11:24,1049.3,22.5312,0.15286
2026-09-02 10:11:34,1059.4,22.5156,0.15283
2026-09-02 10:11:44,1069.5,22.5312,0.15299
2026-09-02 10:11:53,1079.2,22.5312,0.15314
2026-09-02 10:12:03,1089.2,22.5234,0.15320
2026-09-02 10:12:14,1099.3,22.5234,0.15323
2026-09-02 10:12:24,1109.4,22.5390,0.15326
2026-09-02 10:12:34,1119.5,22.5390,0.15330
2026-09-02 10:12:43,1129.1,22.5156,0.15331
2026-09-02 10:12:53,1139.2,22.5234,0.15336
2026-09-02 10:13:04,1149.3,22.5234,0.15338
2026-09-02 10:13:14,1159.4,22.5234,0.15340
2026-09-02 10:13:24,1169.5,22.5312,0.15342
2026-09-02 10:13:33,1179.1,22.5156,0.15344
2026-09-02 10:13:43,1189.2,22.5390,0.15345
2026-09-02 10:13:54,1199.3,22.5156,0.15347
2026-09-02 10:14:04,1209.4,22.5312,0.15349
2026-09-02 10:14:14,1219.5,22.5156,0.15353
2026-09-02 10:14:23,1229.1,22.5234,0.15354
2026-09-02 10:14:33,1239.2,22.5390,0.15356
2026-09-02 10:14:44,1249.3,22.5156,0.15358
2026-09-02 10:14:54,1259.4,22.5156,0.15362
2026-09-02 10:15:04,1269.4,22.5078,0.15362
2026-09-02 10:15:13,1279.1,22.5078,0.15364
2026-09-02 10:15:23,1289.2,22.5078,0.15366
2026-09-02 10:15:33,1299.3,22.5234,0.15366
2026-09-02 10:15:44,1309.3,22.5156,0.15369
2026-09-02 10:15:54,1319.4,22.5078,0.15371
2026-09-02 10:16:03,1329.1,22.5156,0.15371
2026-09-02 10:16:13,1339.2,22.5156,0.15371
2026-09-02 10:16:23,1349.2,22.5078,0.15371
2026-09-02 10:16:34,1359.3,22.5312,0.15372
2026-09-02 10:16:44,1369.4,22.5156,0.15368
2026-09-02 10:16:53,1379.1,22.5078,0.15371
2026-09-02 10:17:03,1389.2,22.5234,0.15374
2026-09-02 10:17:13,1399.2,22.5156,0.15381
2026-09-02 10:17:24,1409.3,22.4921,0.15374
2026-09-02 10:17:34,1419.4,22.5156,0.15373
2026-09-02 10:17:43,1429.1,22.5078,0.15377
2026-09-02 10:17:53,1439.2,22.5078,0.15382
2026-09-02 10:18:03,1449.2,22.5000,0.15379
2026-09-02 10:18:14,1459.3,22.5156,0.15380
2026-09-02 10:18:24,1469.4,22.5000,0.15382
2026-09-02 10:18:33,1479.1,22.5078,0.15387
2026-09-02 10:18:43,1489.1,22.5234,0.15386
2026-09-02 10:18:53,1499.2,22.5078,0.15385
2026-09-02 10:19:04,1509.3,22.5156,0.15383
2026-09-02 10:19:14,1519.4,22.5000,0.15382
2026-09-02 10:19:23,1529.0,22.5234,0.15382
2026-09-02 10:19:33,1539.1,22.5078,0.15383
2026-09-02 10:19:43,1549.2,22.5078,0.15381
2026-09-02 10:19:54,1559.3,22.5078,0.15384
2026-09-02 10:20:03,1569.0,22.5234,0.15381
2026-09-02 10:20:13,1579.0,22.5234,0.15377
2026-09-02 10:20:23,1589.1,22.5234,0.15375
2026-09-02 10:20:33,1599.2,22.5312,0.15375
2026-09-02 10:20:44,1609.3,22.5078,0.15373
2026-09-02 10:20:53,1618.9,22.5156,0.15371
2026-09-02 10:21:03,1629.0,22.5000,0.15371
2026-09-02 10:21:13,1639.1,22.5234,0.15371
2026-09-02 10:21:23,1649.2,22.5312,0.15369
2026-09-02 10:21:34,1659.2,22.5234,0.15370
2026-09-02 10:21:43,1668.9,22.5312,0.15372
2026-09-02 10:21:53,1679.0,22.5234,0.15370
2026-09-02 10:22:03,1689.1,22.5156,0.15373
2026-09-02 10:22:13,1699.2,22.5312,0.15371
2026-09-02 10:22:23,1709.2,22.5000,0.15372
2026-09-02 10:22:33,1718.9,22.5234,0.15372
2026-09-02 10:22:43,1729.0,22.5078,0.15372
2026-09-02 10:22:53,1739.1,22.5234,0.15371
2026-09-02 10:23:03,1749.2,22.5234,0.15369
2026-09-02 10:23:13,1758.8,22.5312,0.15365
2026-09-02 10:23:23,1768.9,22.5234,0.15363
2026-09-02 10:23:33,1779.0,22.5078,0.15365
2026-09-02 10:23:43,1789.1,22.5156,0.15368
2026-09-02 10:23:53,1799.1,22.5234,0.15370
2026-09-02 10:24:03,1808.8,22.5234,0.15370
2026-09-02 10:24:13,1818.9,22.5078,0.15368
2026-09-02 10:24:23,1829.0,22.5390,0.15366
2026-09-02 10:24:33,1839.0,22.5156,0.15367
2026-09-02 10:24:43,1849.1,22.5156,0.15369
2026-09-02 10:24:53,1858.8,22.5078,0.15368
2026-09-02 10:25:03,1868.9,22.5312,0.15368
2026-09-02 10:25:13,1879.0,22.5156,0.15368
2026-09-02 10:25:23,1889.0,22.5156,0.15369
2026-09-02 10:25:33,1898.7,22.5234,0.15368
2026-09-02 10:25:43,1908.8,22.5078,0.15369
2026-09-02 10:25:53,1918.9,22.5078,0.15372
2026-09-02 10:26:03,1929.0,22.5078,0.15372
2026-09-02 10:26:13,1939.0,22.5234,0.15373
2026-09-02 10:26:23,1948.7,22.5078,0.15373
2026-09-02 10:26:33,1958.8,22.5234,0.15378
2026-09-02 10:26:43,1968.9,22.5000,0.15383
2026-09-02 10:26:53,1978.9,22.5156,0.15387
2026-09-02 10:27:03,1989.0,22.5000,0.15389
2026-09-02 10:27:13,1998.7,22.5156,0.15392
2026-09-02 10:27:23,2008.8,22.5000,0.15395
2026-09-02 10:27:33,2018.8,22.5078,0.15397
2026-09-02 10:27:43,2028.9,22.5156,0.15401
2026-09-02 10:27:53,2038.6,22.5078,0.15405
2026-09-02 10:28:03,2048.7,22.5078,0.15409
2026-09-02 10:28:13,2058.8,22.5156,0.15415
2026-09-02 10:28:23,2068.8,22.5078,0.15413
2026-09-02 10:28:33,2078.9,22.5234,0.15413
2026-09-02 10:28:43,2088.6,22.5234,0.15414
2026-09-02 10:28:53,2098.7,22.5078,0.15413
2026-09-02 10:29:03,2108.7,22.5078,0.15413
2026-09-02 10:29:13,2118.8,22.5078,0.15417
2026-09-02 10:29:23,2128.9,22.5156,0.15419
2026-09-02 10:29:33,2138.6,22.4921,0.15421
2026-09-02 10:29:43,2148.7,22.5390,0.15425
2026-09-02 10:29:53,2158.7,22.5078,0.15430
2026-09-02 10:30:03,2168.8,22.5156,0.15428
2026-09-02 10:30:13,2178.5,22.5156,0.15434
2026-09-02 10:30:23,2188.6,22.5234,0.15436
2026-09-02 10:30:33,2198.6,22.5234,0.15438
2026-09-02 10:30:43,2208.7,22.5078,0.15439
2026-09-02 10:30:53,2218.8,22.5000,0.15436
2026-09-02 10:31:03,2228.5,22.5156,0.15437
2026-09-02 10:31:13,2238.5,22.5312,0.15441
2026-09-02 10:31:23,2248.6,22.5234,0.15445
2026-09-02 10:31:33,2258.7,22.5234,0.15446
2026-09-02 10:31:43,2268.8,22.5234,0.15450
2026-09-02 10:31:53,2278.5,22.5156,0.15452
2026-09-02 10:32:03,2288.5,22.5312,0.15454
2026-09-02 10:32:13,2298.6,22.5234,0.15457
2026-09-02 10:32:23,2308.7,22.5156,0.15460
2026-09-02 10:32:33,2318.8,22.5156,0.15464
2026-09-02 10:32:43,2328.4,22.5312,0.15466
2026-09-02 10:32:53,2338.5,22.5234,0.15467
2026-09-02 10:33:03,2348.6,22.5312,0.15470
2026-09-02 10:33:13,2358.7,22.5156,0.15473
2026-09-02 10:33:23,2368.3,22.5078,0.15474
2026-09-02 10:33:33,2378.4,22.5234,0.15475
2026-09-02 10:33:43,2388.5,22.5156,0.15476
2026-09-02 10:33:53,2398.6,22.5156,0.15478
2026-09-02 10:34:03,2408.7,22.5312,0.15482
2026-09-02 10:34:13,2418.3,22.5156,0.15483
2026-09-02 10:34:23,2428.4,22.5156,0.15484
2026-09-02 10:34:33,2438.5,22.5156,0.15485
2026-09-02 10:34:43,2448.6,22.5234,0.15483
2026-09-02 10:34:53,2458.7,22.5390,0.15484
2026-09-02 10:35:03,2468.3,22.5312,0.15486
2026-09-02 10:35:13,2478.4,22.5156,0.15489
2026-09-02 10:35:23,2488.5,22.5390,0.15488
2026-09-02 10:35:33,2498.6,22.5312,0.15489
2026-09-02 10:35:43,2508.2,22.5234,0.15488
2026-09-02 10:35:53,2518.3,22.5312,0.15490
2026-09-02 10:36:03,2528.4,22.5234,0.15490
2026-09-02 10:36:13,2538.5,22.5312,0.15490
2026-09-02 10:36:23,2548.5,22.5312,0.15493
2026-09-02 10:36:33,2558.6,22.5546,0.15495
2026-09-02 10:36:43,2568.3,22.5156,0.15499
2026-09-02 10:36:53,2578.4,22.5312,0.15501
2026-09-02 10:37:03,2588.5,22.5468,0.15500
2026-09-02 10:37:13,2598.5,22.5390,0.15501
2026-09-02 10:37:23,2608.2,22.5312,0.15504
2026-09-02 10:37:33,2618.3,22.5234,0.15510
2026-09-02 10:37:43,2628.4,22.5234,0.15511
2026-09-02 10:37:53,2638.4,22.5234,0.15513
2026-09-02 10:38:03,2648.5,22.5312,0.15516
2026-09-02 10:38:13,2658.2,22.5468,0.15515
2026-09-02 10:38:23,2668.3,22.5390,0.15517
2026-09-02 10:38:33,2678.4,22.5390,0.15519
2026-09-02 10:38:43,2688.4,22.5468,0.15521
2026-09-02 10:38:52,2698.1,22.5468,0.15522
2026-09-02 10:39:02,2708.2,22.5312,0.15527
2026-09-02 10:39:13,2718.3,22.5468,0.15530
2026-09-02 10:39:23,2728.3,22.5390,0.15534
2026-09-02 10:39:33,2738.4,22.5390,0.15537
2026-09-02 10:39:42,2748.1,22.5390,0.15538
2026-09-02 10:39:52,2758.2,22.5234,0.15540
2026-09-02 10:40:03,2768.2,22.5468,0.15545
2026-09-02 10:40:13,2778.3,22.5234,0.15545
2026-09-02 10:40:23,2788.4,22.5312,0.15548
2026-09-02 10:40:32,2798.1,22.5468,0.15553
2026-09-02 10:40:42,2808.2,22.5312,0.15554
2026-09-02 10:40:53,2818.2,22.5312,0.15555
2026-09-02 10:41:03,2828.3,22.5312,0.15557
2026-09-02 10:41:13,2838.4,22.5468,0.15558
2026-09-02 10:41:22,2848.1,22.5390,0.15556
2026-09-02 10:41:32,2858.2,22.5390,0.15557
2026-09-02 10:41:43,2868.2,22.5312,0.15558
2026-09-02 10:41:53,2878.3,22.5390,0.15559
2026-09-02 10:42:02,2888.0,22.5078,0.15544
2026-09-02 10:42:12,2898.1,22.5312,0.15532
2026-09-02 10:42:22,2908.1,22.5390,0.15529
2026-09-02 10:42:33,2918.2,22.5234,0.15541
2026-09-02 10:42:43,2928.3,22.5546,0.15544
2026-09-02 10:42:52,2938.0,22.5468,0.15541
2026-09-02 10:43:02,2948.0,22.5390,0.15253
2026-09-02 10:43:12,2958.1,22.5312,0.15330
2026-09-02 10:43:23,2968.2,22.5312,0.15513
2026-09-02 10:43:32,2977.9,22.5546,0.15534
2026-09-02 10:43:42,2988.0,22.5468,0.15538
2026-09-02 10:43:52,2998.0,22.5234,0.15538
2026-09-02 10:44:02,3008.1,22.5390,0.15537
2026-09-02 10:44:13,3018.2,22.5234,0.15537
2026-09-02 10:44:22,3027.9,22.5312,0.15534
2026-09-02 10:44:32,3037.9,22.5625,0.15536
2026-09-02 10:44:42,3048.0,22.5312,0.15538
2026-09-02 10:44:52,3058.1,22.5312,0.15540
2026-09-02 10:45:02,3067.8,22.5312,0.15542
2026-09-02 10:45:12,3077.8,22.5390,0.15544
2026-09-02 10:45:22,3087.9,22.5546,0.15543
2026-09-02 10:45:32,3098.0,22.5312,0.15541
2026-09-02 10:45:42,3108.1,22.5312,0.15541
2026-09-02 10:45:52,3117.8,22.5312,0.15542
2026-09-02 10:46:02,3127.8,22.5390,0.15543
2026-09-02 10:46:12,3137.9,22.5468,0.15543
2026-09-02 10:46:22,3148.0,22.5390,0.15539
2026-09-02 10:46:32,3158.1,22.5312,0.15539
2026-09-02 10:46:42,3167.8,22.5312,0.15540
2026-09-02 10:46:52,3177.8,22.5390,0.15542
2026-09-02 10:47:02,3187.9,22.5390,0.15544
2026-09-02 10:47:12,3198.0,22.5390,0.15545
2026-09-02 10:47:22,3208.1,22.5390,0.15551
2026-09-02 10:47:32,3217.7,22.5546,0.15556
2026-09-02 10:47:42,3227.8,22.5312,0.15556
2026-09-02 10:47:52,3237.9,22.5390,0.15557
2026-09-02 10:48:02,3248.0,22.5312,0.15556
2026-09-02 10:48:12,3257.6,22.5390,0.15556
2026-09-02 10:48:22,3267.7,22.5312,0.15556
2026-09-02 10:48:32,3277.8,22.5390,0.15558
2026-09-02 10:48:42,3287.9,22.5312,0.15559
2026-09-02 10:48:52,3298.0,22.5468,0.15560
2026-09-02 10:49:02,3307.6,22.5546,0.15556
2026-09-02 10:49:12,3317.7,22.5312,0.15553
2026-09-02 10:49:22,3327.8,22.5468,0.15553
2026-09-02 10:49:32,3337.9,22.5312,0.15550
2026-09-02 10:49:42,3347.9,22.5312,0.15551
2026-09-02 10:49:52,3357.6,22.5468,0.15552
2026-09-02 10:50:02,3367.7,22.5390,0.15554
2026-09-02 10:50:12,3377.8,22.5312,0.15555
2026-09-02 10:50:22,3387.9,22.5546,0.15558
2026-09-02 10:50:32,3397.5,22.5546,0.15557
2026-09-02 10:50:42,3407.6,22.5546,0.15560
2026-09-02 10:50:52,3417.7,22.5546,0.15560
2026-09-02 10:51:02,3427.8,22.5625,0.15561
2026-09-02 10:51:12,3437.8,22.5468,0.15560
2026-09-02 10:51:22,3447.5,22.5468,0.15557
2026-09-02 10:51:32,3457.6,22.5390,0.15554
2026-09-02 10:51:42,3467.7,22.5390,0.15555
2026-09-02 10:51:52,3477.8,22.5234,0.15557
2026-09-02 10:52:02,3487.4,22.5390,0.15558
2026-09-02 10:52:12,3497.5,22.5312,0.15559
2026-09-02 10:52:22,3507.6,22.5390,0.15559
2026-09-02 10:52:32,3517.7,22.5468,0.15557
2026-09-02 10:52:42,3527.7,22.5390,0.15559
2026-09-02 10:52:52,3537.4,22.5234,0.15560
2026-09-02 10:53:02,3547.5,22.5390,0.15561
2026-09-02 10:53:12,3557.6,22.5468,0.15564
2026-09-02 10:53:22,3567.7,22.5390,0.15565
2026-09-02 10:53:32,3577.3,22.5312,0.15567
2026-09-02 10:53:42,3587.4,22.5546,0.15568
2026-09-02 10:53:52,3597.5,22.5312,0.15565
2026-09-02 10:54:02,3607.6,22.5312,0.15564
2026-09-02 10:54:12,3617.6,22.5546,0.15565
2026-09-02 10:54:22,3627.3,22.5234,0.15564
2026-09-02 10:54:32,3637.4,22.5312,0.15566
2026-09-02 10:54:42,3647.5,22.5468,0.15567
2026-09-02 10:54:52,3657.5,22.5234,0.15568
2026-09-02 10:55:02,3667.2,22.5546,0.15567
2026-09-02 10:55:12,3677.3,22.5312,0.15570
2026-09-02 10:55:22,3687.4,22.5390,0.15571
2026-09-02 10:55:32,3697.5,22.5468,0.15572
2026-09-02 10:55:42,3707.5,22.5234,0.15573
2026-09-02 10:55:52,3717.2,22.5390,0.15574
2026-09-02 10:56:02,3727.3,22.5468,0.15574
2026-09-02 10:56:12,3737.4,22.5468,0.15572
2026-09-02 10:56:22,3747.4,22.5546,0.15573
2026-09-02 10:56:31,3757.1,22.5546,0.15572
2026-09-02 10:56:42,3767.2,22.5468,0.15576
2026-09-02 10:56:52,3777.3,22.5390,0.15577
2026-09-02 10:57:02,3787.3,22.5390,0.15578
2026-09-02 10:57:12,3797.4,22.5546,0.15583
2026-09-02 10:57:21,3807.1,22.5390,0.15584
2026-09-02 10:57:32,3817.2,22.5468,0.15084
2026-09-02 10:57:42,3827.3,22.5546,0.15516
2026-09-02 10:57:52,3837.3,22.5546,0.15571
2026-09-02 10:58:01,3847.0,22.5390,0.15577
2026-09-02 10:58:11,3857.1,22.5468,0.15577
2026-09-02 10:58:22,3867.2,22.5546,0.15578
2026-09-02 10:58:32,3877.2,22.5468,0.15579
2026-09-02 10:58:42,3887.3,22.5390,0.15175
2026-09-02 10:58:51,3897.0,22.5234,0.15178
2026-09-02 10:59:01,3907.1,22.5312,0.15531
2026-09-02 10:59:12,3917.2,22.5390,0.14923
2026-09-02 10:59:22,3927.2,22.5703,0.15511
2026-09-02 10:59:31,3936.9,22.5468,0.15581
2026-09-02 10:59:41,3947.0,22.5468,0.15590
2026-09-02 10:59:51,3957.1,22.5468,0.15589
2026-09-02 11:00:02,3967.1,22.5546,0.15763
2026-09-02 11:00:12,3977.2,22.5468,0.15617
2026-09-02 11:00:21,3986.9,22.5625,0.15596
2026-09-02 11:00:31,3997.0,22.5468,0.15593
2026-09-02 11:00:41,4007.0,22.5546,0.15590
2026-09-02 11:00:51,4017.1,22.5703,0.15588
2026-09-02 11:01:02,4027.2,22.5468,0.15589
2026-09-02 11:01:11,4036.9,22.5546,0.15589
2026-09-02 11:01:21,4047.0,22.5546,0.15591
2026-09-02 11:01:31,4057.0,22.5546,0.15594
2026-09-02 11:01:41,4067.1,22.5703,0.15597
2026-09-02 11:01:51,4076.8,22.5546,0.15598
2026-09-02 11:02:01,4086.9,22.5468,0.15599
2026-09-02 11:02:11,4097.0,22.5546,0.15602
2026-09-02 11:02:21,4107.0,22.5468,0.15603
2026-09-02 11:02:31,4117.1,22.5703,0.15607
2026-09-02 11:02:41,4126.8,22.5468,0.15616
2026-09-02 11:02:51,4136.9,22.5468,0.15602
2026-09-02 11:03:01,4146.9,22.5625,0.15601
2026-09-02 11:03:11,4157.0,22.5390,0.15598
2026-09-02 11:03:21,4167.1,22.5625,0.15609
2026-09-02 11:03:31,4176.8,22.5781,0.15617
2026-09-02 11:03:41,4186.8,22.5390,0.15622
2026-09-02 11:03:51,4196.9,22.5625,0.15624
2026-09-02 11:04:01,4207.0,22.5468,0.15627
2026-09-02 11:04:11,4216.7,22.5703,0.15630
2026-09-02 11:04:21,4226.8,22.5468,0.15635
2026-09-02 11:04:31,4236.8,22.5546,0.15637
2026-09-02 11:04:41,4246.9,22.5625,0.15639
2026-09-02 11:04:51,4257.0,22.5546,0.15641
2026-09-02 11:05:01,4266.7,22.5703,0.15641
2026-09-02 11:05:11,4276.8,22.5703,0.15646
2026-09-02 11:05:21,4286.8,22.5546,0.15650
2026-09-02 11:05:31,4296.9,22.5546,0.15652
2026-09-02 11:05:41,4307.0,22.5546,0.15655
2026-09-02 11:05:51,4316.7,22.5703,0.15656
2026-09-02 11:06:01,4326.7,22.5625,0.15653
2026-09-02 11:06:11,4336.8,22.5703,0.15651
2026-09-02 11:06:21,4346.9,22.5703,0.15652
2026-09-02 11:06:31,4356.6,22.5703,0.15657
2026-09-02 11:06:41,4366.6,22.5781,0.15660
2026-09-02 11:06:51,4376.7,22.5625,0.15670
2026-09-02 11:07:01,4386.8,22.5625,0.15676
2026-09-02 11:07:11,4396.5,22.6015,0.15673
2026-09-02 11:07:21,4406.5,22.5546,0.15670
2026-09-02 11:07:31,4416.6,22.5781,0.15671
2026-09-02 11:07:41,4426.7,22.5703,0.15673
2026-09-02 11:07:51,4436.8,22.5703,0.15676
2026-09-02 11:08:01,4446.5,22.5468,0.15673
2026-09-02 11:08:11,4456.5,22.5468,0.15675
2026-09-02 11:08:21,4466.6,22.5625,0.15696
2026-09-02 11:08:31,4476.7,22.5625,0.15698
2026-09-02 11:08:41,4486.8,22.5625,0.15701
2026-09-02 11:08:51,4496.5,22.5546,0.15703
2026-09-02 11:09:01,4506.5,22.5703,0.15708
2026-09-02 11:09:11,4516.6,22.5625,0.15708
2026-09-02 11:09:21,4526.7,22.5703,0.15710
2026-09-02 11:09:31,4536.8,22.5781,0.15586
2026-09-02 11:09:41,4546.4,22.5937,0.15670
2026-09-02 11:09:51,4556.5,22.5625,0.15684
2026-09-02 11:10:01,4566.6,22.5781,0.15687
2026-09-02 11:10:11,4576.7,22.5703,0.15166
2026-09-02 11:10:21,4586.3,22.5703,0.15633
2026-09-02 11:10:31,4596.4,22.5703,0.15299
2026-09-02 11:10:41,4606.5,22.5625,0.15637
2026-09-02 11:10:51,4616.6,22.5703,0.15683
2026-09-02 11:11:01,4626.2,22.5703,0.15689
2026-09-02 11:11:11,4636.3,22.5781,0.15689
2026-09-02 11:11:21,4646.4,22.5937,0.15694
2026-09-02 11:11:31,4656.5,22.5703,0.15698
2026-09-02 11:11:41,4666.6,22.5937,0.15701
2026-09-02 11:11:51,4676.2,22.5781,0.15703
2026-09-02 11:12:01,4686.3,22.5937,0.15705
2026-09-02 11:12:11,4696.4,22.5937,0.15706
2026-09-02 11:12:21,4706.5,22.5703,0.15706
2026-09-02 11:12:31,4716.2,22.5937,0.15706
2026-09-02 11:12:41,4726.2,22.5781,0.15707
2026-09-02 11:12:51,4736.3,22.6015,0.15709
2026-09-02 11:13:01,4746.4,22.6093,0.15711
2026-09-02 11:13:11,4756.5,22.5703,0.15494
2026-09-02 11:13:21,4766.1,22.5937,0.15685
2026-09-02 11:13:31,4776.2,22.5703,0.15712
2026-09-02 11:13:41,4786.3,22.6015,0.15715
2026-09-02 11:13:51,4796.4,22.5937,0.15717
2026-09-02 11:14:01,4806.5,22.5781,0.15718
2026-09-02 11:14:11,4816.1,22.5781,0.15720
2026-09-02 11:14:21,4826.2,22.5937,0.15720
2026-09-02 11:14:31,4836.3,22.5781,0.15722
2026-09-02 11:14:41,4846.4,22.6015,0.15724
2026-09-02 11:14:51,4856.4,22.5781,0.15726
2026-09-02 11:15:00,4866.1,22.5937,0.15725
2026-09-02 11:15:11,4876.2,22.5703,0.15726
2026-09-02 11:15:21,4886.3,22.6015,0.15728
2026-09-02 11:15:31,4896.3,22.6015,0.15728
2026-09-02 11:15:40,4906.0,22.5781,0.15730
2026-09-02 11:15:50,4916.1,22.5937,0.15728
2026-09-02 11:16:01,4926.2,22.6015,0.15727
2026-09-02 11:16:11,4936.2,22.5781,0.15730
2026-09-02 11:16:21,4946.3,22.5781,0.15727
2026-09-02 11:16:30,4956.0,22.6015,0.15728
2026-09-02 11:16:40,4966.1,22.5937,0.15728
2026-09-02 11:16:51,4976.2,22.5781,0.15727
2026-09-02 11:17:01,4986.2,22.5781,0.15726
2026-09-02 11:17:11,4996.3,22.5703,0.15730
2026-09-02 11:17:20,5006.0,22.5625,0.15727
2026-09-02 11:17:30,5016.1,22.5781,0.15725
2026-09-02 11:17:41,5026.2,22.5703,0.15725
2026-09-02 11:17:51,5036.2,22.5937,0.15726
2026-09-02 11:18:00,5045.9,22.5781,0.15726
2026-09-02 11:18:10,5056.0,22.5781,0.15728
2026-09-02 11:18:20,5066.1,22.6015,0.15728
2026-09-02 11:18:31,5076.1,22.5703,0.15727
2026-09-02 11:18:41,5086.2,22.5937,0.15726
2026-09-02 11:18:51,5096.3,22.5937,0.15726
2026-09-02 11:19:00,5106.0,22.5703,0.15727
2026-09-02 11:19:10,5116.0,22.5937,0.15728
2026-09-02 11:19:21,5126.1,22.5625,0.15730
2026-09-02 11:19:31,5136.2,22.5781,0.15728
2026-09-02 11:19:40,5145.9,22.5703,0.15727
2026-09-02 11:19:50,5156.0,22.5781,0.15728
2026-09-02 11:20:00,5166.0,22.5703,0.15729
2026-09-02 11:20:11,5176.1,22.5937,0.15730
2026-09-02 11:20:21,5186.2,22.5703,0.15730
2026-09-02 11:20:30,5195.9,22.5937,0.15718
2026-09-02 11:20:40,5206.0,22.5937,0.15707
2026-09-02 11:20:50,5216.0,22.5781,0.15700
2026-09-02 11:21:00,5226.1,22.6015,0.15699
2026-09-02 11:21:10,5235.8,22.6015,0.15704
2026-09-02 11:21:20,5245.9,22.5781,0.15708
2026-09-02 11:21:30,5255.9,22.5937,0.15713
2026-09-02 11:21:40,5266.0,22.5781,0.15715
2026-09-02 11:21:50,5276.1,22.5937,0.15716
2026-09-02 11:22:00,5285.8,22.6015,0.15718
2026-09-02 11:22:10,5295.8,22.5937,0.15719
2026-09-02 11:22:20,5305.9,22.5937,0.15722
2026-09-02 11:22:30,5316.0,22.5781,0.15727
2026-09-02 11:22:40,5326.1,22.5937,0.15729
2026-09-02 11:22:50,5335.8,22.5781,0.15731
2026-09-02 11:23:00,5345.8,22.5937,0.15736
2026-09-02 11:23:10,5355.9,22.5937,0.15739
2026-09-02 11:23:20,5366.0,22.6015,0.15742
2026-09-02 11:23:30,5375.7,22.6015,0.15743
2026-09-02 11:23:40,5385.7,22.5937,0.15743
2026-09-02 11:23:50,5395.8,22.5781,0.15744
2026-09-02 11:24:00,5405.9,22.6093,0.15740
2026-09-02 11:24:10,5416.0,22.5937,0.15736
2026-09-02 11:24:20,5425.7,22.5937,0.15732
2026-09-02 11:24:30,5435.7,22.6015,0.15740
2026-09-02 11:24:40,5445.8,22.5937,0.15747
2026-09-02 11:24:50,5455.9,22.5781,0.15750
2026-09-02 11:25:00,5466.0,22.6015,0.15751
2026-09-02 11:25:10,5475.6,22.5937,0.15756
2026-09-02 11:25:20,5485.7,22.6015,0.15755
2026-09-02 11:25:30,5495.8,22.5625,0.15752
2026-09-02 11:25:40,5505.9,22.5781,0.15752
2026-09-02 11:25:50,5516.0,22.5781,0.15751
2026-09-02 11:26:00,5525.6,22.6093,0.15749
2026-09-02 11:26:10,5535.7,22.6015,0.15750
2026-09-02 11:26:20,5545.8,22.5781,0.15751
2026-09-02 11:26:30,5555.9,22.6093,0.15750
2026-09-02 11:26:40,5565.9,22.5781,0.15749
2026-09-02 11:26:50,5575.6,22.5937,0.15749
2026-09-02 11:27:00,5585.7,22.6015,0.15750
2026-09-02 11:27:10,5595.8,22.6093,0.15749
2026-09-02 11:27:20,5605.8,22.6093,0.15745
2026-09-02 11:27:30,5615.9,22.6093,0.15739
2026-09-02 11:27:40,5625.6,22.6015,0.15737
2026-09-02 11:27:50,5635.7,22.6015,0.15736
2026-09-02 11:28:00,5645.8,22.6015,0.15738
2026-09-02 11:28:10,5655.8,22.6015,0.15742
2026-09-02 11:28:20,5665.9,22.6015,0.15743
2026-09-02 11:28:30,5675.6,22.6015,0.15772
2026-09-02 11:28:40,5685.7,22.5781,0.15332
2026-09-02 11:28:50,5695.7,22.6171,0.15734
2026-09-02 11:29:00,5705.8,22.6015,0.15773
2026-09-02 11:29:10,5715.5,22.6093,0.15777
2026-09-02 11:29:20,5725.6,22.6171,0.15777
2026-09-02 11:29:30,5735.7,22.5781,0.15779
2026-09-02 11:29:40,5745.7,22.6015,0.15779
2026-09-02 11:29:50,5755.8,22.6015,0.15780
2026-09-02 11:30:00,5765.5,22.6093,0.15779
2026-09-02 11:30:10,5775.6,22.6171,0.15778
2026-09-02 11:30:20,5785.6,22.6250,0.15774
2026-09-02 11:30:30,5795.7,22.6093,0.15775
2026-09-02 11:30:40,5805.4,22.5937,0.15777
2026-09-02 11:30:50,5815.5,22.6093,0.15780
2026-09-02 11:31:00,5825.5,22.6015,0.15780
2026-09-02 11:31:10,5835.6,22.6015,0.15781
2026-09-02 11:31:20,5845.7,22.6015,0.15781
2026-09-02 11:31:30,5855.4,22.6093,0.15777
2026-09-02 11:31:40,5865.5,22.6171,0.15779
2026-09-02 11:31:50,5875.5,22.6171,0.15775
2026-09-02 11:32:00,5885.6,22.6015,0.15776
2026-09-02 11:32:10,5895.7,22.6171,0.15775
2026-09-02 11:32:20,5905.4,22.6015,0.15777
2026-09-02 11:32:30,5915.4,22.6093,0.15778
2026-09-02 11:32:40,5925.5,22.6093,0.15780
2026-09-02 11:32:50,5935.6,22.6250,0.15784
2026-09-02 11:33:00,5945.3,22.6015,0.15788
2026-09-02 11:33:10,5955.4,22.5937,0.15788
2026-09-02 11:33:20,5965.4,22.6093,0.15791
2026-09-02 11:33:30,5975.5,22.5937,0.15793
2026-09-02 11:33:40,5985.6,22.6093,0.15793
2026-09-02 11:33:50,5995.3,22.6171,0.15791
2026-09-02 11:34:00,6005.3,22.5781,0.15790
2026-09-02 11:34:10,6015.4,22.6171,0.15794
2026-09-02 11:34:20,6025.5,22.5937,0.15796
2026-09-02 11:34:30,6035.2,22.6093,0.15796
2026-09-02 11:34:40,6045.2,22.5937,0.15797
2026-09-02 11:34:50,6055.3,22.6250,0.15800
2026-09-02 11:35:00,6065.4,22.6015,0.15803
2026-09-02 11:35:10,6075.5,22.5937,0.15801
2026-09-02 11:35:20,6085.2,22.6015,0.15798
2026-09-02 11:35:30,6095.2,22.6015,0.15798
2026-09-02 11:35:40,6105.3,22.6093,0.15798
2026-09-02 11:35:50,6115.4,22.6093,0.15797
2026-09-02 11:35:59,6125.1,22.6093,0.15796
2026-09-02 11:36:10,6135.1,22.6015,0.15795
2026-09-02 11:36:20,6145.2,22.6250,0.15793
2026-09-02 11:36:30,6155.3,22.6015,0.15791
2026-09-02 11:36:40,6165.4,22.6250,0.15792
2026-09-02 11:36:49,6175.1,22.5781,0.15792
2026-09-02 11:37:00,6185.1,22.6015,0.15793
2026-09-02 11:37:10,6195.2,22.6171,0.15796
2026-09-02 11:37:20,6205.3,22.6015,0.15799
2026-09-02 11:37:30,6215.4,22.6093,0.15801
2026-09-02 11:37:39,6225.0,22.6015,0.15803
2026-09-02 11:37:50,6235.1,22.6406,0.15804
2026-09-02 11:38:00,6245.2,22.6093,0.15805
2026-09-02 11:38:10,6255.3,22.6093,0.15806
2026-09-02 11:38:19,6265.0,22.6093,0.15805
2026-09-02 11:38:29,6275.0,22.6093,0.15805
2026-09-02 11:38:40,6285.1,22.6328,0.15806
2026-09-02 11:38:50,6295.2,22.6093,0.15806
2026-09-02 11:39:00,6305.3,22.6093,0.15805
2026-09-02 11:39:09,6314.9,22.6250,0.15807
2026-09-02 11:39:19,6325.0,22.6171,0.15806
2026-09-02 11:39:30,6335.1,22.6250,0.15804
2026-09-02 11:39:40,6345.2,22.6171,0.15804
2026-09-02 11:39:49,6354.8,22.6171,0.15805
2026-09-02 11:39:59,6364.9,22.6093,0.15796
2026-09-02 11:40:09,6375.0,22.6171,0.15807
2026-09-02 11:40:20,6385.1,22.6171,0.15808
2026-09-02 11:40:29,6394.8,22.6171,0.15806
2026-09-02 11:40:39,6404.8,22.6015,0.15809
2026-09-02 11:40:49,6414.9,22.6093,0.15809
2026-09-02 11:40:59,6425.0,22.6171,0.15809
2026-09-02 11:41:09,6435.1,22.6093,0.15811
2026-09-02 11:41:19,6444.8,22.6328,0.15808
2026-09-02 11:41:29,6454.8,22.6328,0.15806
2026-09-02 11:41:39,6464.9,22.6093,0.15806
2026-09-02 11:41:49,6475.0,22.6093,0.15805
2026-09-02 11:41:59,6485.1,22.6093,0.15801
2026-09-02 11:42:09,6494.7,22.6250,0.15799
2026-09-02 11:42:19,6504.8,22.6093,0.15803
2026-09-02 11:42:29,6514.9,22.6328,0.15808
2026-09-02 11:42:39,6525.0,22.6093,0.15804
2026-09-02 11:42:49,6535.0,22.6250,0.15804
2026-09-02 11:42:59,6544.7,22.6093,0.15801
2026-09-02 11:43:09,6554.8,22.6328,0.15801
2026-09-02 11:43:19,6564.9,22.6250,0.15801
2026-09-02 11:43:29,6575.0,22.6171,0.15801
2026-09-02 11:43:39,6584.6,22.5781,0.15803
2026-09-02 11:43:49,6594.7,22.6250,0.15805
2026-09-02 11:43:59,6604.8,22.6015,0.15808
2026-09-02 11:44:09,6614.9,22.6250,0.15812
2026-09-02 11:44:19,6624.5,22.6250,0.15814
2026-09-02 11:44:29,6634.6,22.6093,0.15815
2026-09-02 11:44:39,6644.7,22.6171,0.15814
2026-09-02 11:44:49,6654.8,22.6406,0.15814
2026-09-02 11:44:59,6664.9,22.6093,0.15813
2026-09-02 11:45:09,6674.5,22.6171,0.15811
2026-09-02 11:45:19,6684.6,22.6093,0.15813
2026-09-02 11:45:29,6694.7,22.6015,0.15814
2026-09-02 11:45:39,6704.8,22.6171,0.15813
2026-09-02 11:45:49,6714.8,22.6093,0.15812
2026-09-02 11:45:59,6724.5,22.5937,0.15812
2026-09-02 11:46:09,6734.6,22.6093,0.15812
2026-09-02 11:46:19,6744.7,22.6093,0.15809
2026-09-02 11:46:29,6754.8,22.6093,0.15805
2026-09-02 11:46:39,6764.4,22.6171,0.15804
2026-09-02 11:46:49,6774.5,22.6171,0.15802
2026-09-02 11:46:59,6784.6,22.6093,0.15804
2026-09-02 11:47:09,6794.7,22.6015,0.15805
2026-09-02 11:47:19,6804.7,22.6015,0.15806
2026-09-02 11:47:29,6814.4,22.6250,0.15807
2026-09-02 11:47:39,6824.5,22.6093,0.15806
2026-09-02 11:47:49,6834.6,22.6015,0.15803
2026-09-02 11:47:59,6844.7,22.6171,0.15800
2026-09-02 11:48:09,6854.3,22.6015,0.15811
2026-09-02 11:48:19,6864.4,22.5937,0.15812
2026-09-02 11:48:29,6874.5,22.6015,0.15807
2026-09-02 11:48:39,6884.6,22.6250,0.15808
2026-09-02 11:48:49,6894.6,22.5937,0.15810
2026-09-02 11:48:59,6904.3,22.5937,0.15813
2026-09-02 11:49:09,6914.4,22.6015,0.15815
2026-09-02 11:49:19,6924.5,22.6093,0.15813
2026-09-02 11:49:29,6934.5,22.6171,0.15812
2026-09-02 11:49:39,6944.6,22.6093,0.15813
2026-09-02 11:49:49,6954.3,22.5937,0.15815
2026-09-02 11:49:59,6964.4,22.6015,0.15815
2026-09-02 11:50:09,6974.5,22.6171,0.15816
2026-09-02 11:50:19,6984.5,22.5937,0.15819
2026-09-02 11:50:29,6994.2,22.6093,0.15820
2026-09-02 11:50:39,7004.3,22.5937,0.15823
2026-09-02 11:50:49,7014.4,22.6093,0.15823
2026-09-02 11:50:59,7024.4,22.6015,0.15825
2026-09-02 11:51:09,7034.5,22.6015,0.15825
2026-09-02 11:51:19,7044.2,22.6015,0.15828
2026-09-02 11:51:29,7054.3,22.5937,0.15831
2026-09-02 11:51:39,7064.3,22.6171,0.15831
2026-09-02 11:51:49,7074.4,22.6171,0.15833
2026-09-02 11:51:59,7084.1,22.6093,0.15836
2026-09-02 11:52:09,7094.2,22.6093,0.15839
2026-09-02 11:52:19,7104.3,22.6171,0.15840
2026-09-02 11:52:29,7114.3,22.6093,0.15846
2026-09-02 11:52:39,7124.4,22.6015,0.15853
2026-09-02 11:52:49,7134.1,22.6093,0.15856
2026-09-02 11:52:59,7144.2,22.6171,0.15860
2026-09-02 11:53:09,7154.2,22.6171,0.15860
2026-09-02 11:53:19,7164.3,22.6250,0.15865
2026-09-02 11:53:28,7174.0,22.6015,0.15871
2026-09-02 11:53:39,7184.1,22.6250,0.15882
2026-09-02 11:53:49,7194.2,22.6015,0.15889
2026-09-02 11:53:59,7204.2,22.6015,0.15891
2026-09-02 11:54:09,7214.3,22.6250,0.15896
2026-09-02 11:54:18,7224.0,22.6250,0.15895
2026-09-02 11:54:29,7234.1,22.6171,0.15897
2026-09-02 11:54:39,7244.1,22.6093,0.15897
2026-09-02 11:54:49,7254.2,22.6171,0.15897
2026-09-02 11:54:59,7264.3,22.6171,0.15898
2026-09-02 11:55:08,7274.0,22.6250,0.15901
2026-09-02 11:55:18,7284.0,22.6093,0.15904
2026-09-02 11:55:29,7294.1,22.6171,0.15905
2026-09-02 11:55:39,7304.2,22.6093,0.15906
2026-09-02 11:55:48,7313.9,22.6171,0.15901
2026-09-02 11:55:58,7324.0,22.6171,0.15904
2026-09-02 11:56:08,7334.0,22.6015,0.15904
2026-09-02 11:56:19,7344.1,22.6328,0.15903
2026-09-02 11:56:29,7354.2,22.6171,0.15905
2026-09-02 11:56:38,7363.9,22.6093,0.15904
2026-09-02 11:56:48,7374.0,22.5781,0.15906
2026-09-02 11:56:58,7384.0,22.6015,0.15906
2026-09-02 11:57:09,7394.1,22.6250,0.15907
2026-09-02 11:57:18,7403.8,22.6171,0.15903
2026-09-02 11:57:28,7413.9,22.6250,0.15903
2026-09-02 11:57:38,7423.9,22.6093,0.15901
2026-09-02 11:57:48,7434.0,22.6250,0.15896
2026-09-02 11:57:59,7444.1,22.6328,0.15903
2026-09-02 11:58:08,7453.8,22.6093,0.15903
2026-09-02 11:58:18,7463.8,22.6250,0.15901
2026-09-02 11:58:28,7473.9,22.6171,0.15903
2026-09-02 11:58:38,7484.0,22.6015,0.15903
2026-09-02 11:58:49,7494.1,22.6015,0.15903
2026-09-02 11:58:58,7503.8,22.6171,0.15904
2026-09-02 11:59:08,7513.8,22.6093,0.15903
2026-09-02 11:59:18,7523.9,22.6250,0.15903
2026-09-02 11:59:28,7534.0,22.6250,0.15904
2026-09-02 11:59:38,7543.7,22.6250,0.15906
2026-09-02 11:59:48,7553.8,22.6328,0.15909
2026-09-02 11:59:58,7563.8,22.6015,0.15910
2026-09-02 12:00:08,7573.9,22.6171,0.15912
2026-09-02 12:00:18,7583.6,22.6093,0.15915
2026-09-02 12:00:28,7593.7,22.6250,0.15914
2026-09-02 12:00:38,7603.7,22.6328,0.15916
2026-09-02 12:00:48,7613.8,22.6171,0.15917
2026-09-02 12:00:58,7623.9,22.6093,0.15918
2026-09-02 12:01:08,7633.6,22.6171,0.15919
2026-09-02 12:01:18,7643.6,22.6406,0.15922
2026-09-02 12:01:28,7653.7,22.6250,0.15922
2026-09-02 12:01:38,7663.8,22.6093,0.15924
2026-09-02 12:01:48,7673.9,22.6328,0.15925
2026-09-02 12:01:58,7683.5,22.6328,0.15924
2026-09-02 12:02:08,7693.6,22.6250,0.15926
2026-09-02 12:02:18,7703.7,22.6250,0.15929
2026-09-02 12:02:28,7713.8,22.6093,0.15920
2026-09-02 12:02:38,7723.5,22.6406,0.15931
2026-09-02 12:02:48,7733.5,22.6328,0.15935
2026-09-02 12:02:58,7743.6,22.6250,0.15937
2026-09-02 12:03:08,7753.7,22.6328,0.15941
2026-09-02 12:03:18,7763.8,22.6250,0.15940
2026-09-02 12:03:28,7773.5,22.6484,0.15938
2026-09-02 12:03:38,7783.5,22.6328,0.15938
2026-09-02 12:03:48,7793.6,22.6406,0.15942
2026-09-02 12:03:58,7803.7,22.6406,0.15940
2026-09-02 12:04:08,7813.8,22.6328,0.15919
2026-09-02 12:04:18,7823.4,22.6093,0.15916
2026-09-02 12:04:28,7833.5,22.6406,0.15911
2026-09-02 12:04:38,7843.6,22.6406,0.15908
2026-09-02 12:04:48,7853.7,22.6328,0.15907
2026-09-02 12:04:58,7863.8,22.6406,0.15904
2026-09-02 12:05:08,7873.4,22.6406,0.15900
2026-09-02 12:05:18,7883.5,22.6484,0.15898
2026-09-02 12:05:28,7893.6,22.6328,0.15897
2026-09-02 12:05:38,7903.7,22.6328,0.15892
2026-09-02 12:05:48,7913.3,22.6250,0.15888
2026-09-02 12:05:58,7923.4,22.6015,0.15885
2026-09-02 12:06:08,7933.5,22.6328,0.15881
2026-09-02 12:06:18,7943.6,22.6250,0.15881
2026-09-02 12:06:28,7953.6,22.6406,0.15886
2026-09-02 12:06:38,7963.3,22.6484,0.15891
2026-09-02 12:06:48,7973.4,22.6406,0.15898
2026-09-02 12:06:58,7983.5,22.6250,0.15904
2026-09-02 12:07:08,7993.5,22.6484,0.15909
2026-09-02 12:07:18,8003.6,22.6406,0.15914
2026-09-02 12:07:28,8013.3,22.6171,0.15918
2026-09-02 12:07:38,8023.4,22.6328,0.15731
2026-09-02 12:07:48,8033.5,22.6562,4.08041
2026-09-02 12:07:58,8043.6,22.6484,4.07948
2026-09-02 12:08:08,8053.3,22.6796,4.07897
2026-09-02 12:08:18,8063.4,22.6875,4.07859
2026-09-02 12:08:28,8073.5,22.6953,4.07825
2026-09-02 12:08:38,8083.6,22.7343,4.07797
2026-09-02 12:08:48,8093.3,22.7578,4.07776
2026-09-02 12:08:58,8103.4,22.7812,4.07753
2026-09-02 12:09:08,8113.4,22.7968,4.07732
2026-09-02 12:09:18,8123.5,22.8125,4.07713
2026-09-02 12:09:28,8133.2,22.8437,4.07695
2026-09-02 12:09:38,8143.3,22.8750,4.07676
2026-09-02 12:09:48,8153.4,22.8750,4.07661
2026-09-02 12:09:58,8163.5,22.8984,4.07641
2026-09-02 12:10:08,8173.6,22.9140,4.07626
2026-09-02 12:10:18,8183.2,22.9375,4.07611
2026-09-02 12:10:28,8193.3,22.9609,4.07595
2026-09-02 12:10:38,8203.4,22.9843,4.07577
2026-09-02 12:10:48,8213.5,22.9921,4.07558
2026-09-02 12:10:58,8223.6,23.0078,4.07545
2026-09-02 12:11:08,8233.3,23.0078,4.07533
2026-09-02 12:11:18,8243.4,23.0234,4.07511
2026-09-02 12:11:28,8253.5,23.0390,4.07500
2026-09-02 12:11:38,8263.5,23.0546,4.07482
2026-09-02 12:11:48,8273.2,23.0781,4.07467
2026-09-02 12:11:58,8283.3,23.0859,4.07452
2026-09-02 12:12:08,8293.4,23.1015,4.07433
2026-09-02 12:12:18,8303.5,23.1093,4.07417
2026-09-02 12:12:28,8313.2,23.1093,4.07401
2026-09-02 12:12:38,8323.3,23.1328,4.07386
2026-09-02 12:12:48,8333.3,23.1250,4.07371
2026-09-02 12:12:58,8343.4,23.1171,4.07355
2026-09-02 12:13:08,8353.5,23.1562,4.07340
2026-09-02 12:13:18,8363.2,23.1484,4.07321
2026-09-02 12:13:28,8373.3,23.1562,4.07305
2026-09-02 12:13:38,8383.4,23.1640,4.07286
2026-09-02 12:13:48,8393.5,23.1640,4.07269
2026-09-02 12:13:58,8403.2,23.1640,4.07250
2026-09-02 12:14:08,8413.2,23.1718,4.07235
2026-09-02 12:14:18,8423.3,23.1875,4.07219
2026-09-02 12:14:28,8433.4,23.2031,4.07202
2026-09-02 12:14:38,8443.1,23.2109,4.07183
2026-09-02 12:14:48,8453.2,23.2031,4.07164
2026-09-02 12:14:58,8463.3,23.2109,4.07145
2026-09-02 12:15:08,8473.4,23.2031,4.07128
2026-09-02 12:15:18,8483.0,23.2187,4.07105
2026-09-02 12:15:28,8493.1,23.2109,4.07090
2026-09-02 12:15:38,8503.2,23.2187,4.07069
2026-09-02 12:15:48,8513.3,23.2343,4.07046
2026-09-02 12:15:58,8523.4,23.2343,4.07025
2026-09-02 12:16:08,8533.1,23.2265,4.07006
2026-09-02 12:16:18,8543.2,23.2656,4.06987
2026-09-02 12:16:28,8553.3,23.2578,4.06965
2026-09-02 12:16:38,8563.3,23.2265,4.06941
2026-09-02 12:16:47,8573.0,23.2343,4.06919
2026-09-02 12:16:58,8583.1,23.2500,4.06901
2026-09-02 12:17:08,8593.2,23.2421,4.06875
2026-09-02 12:17:18,8603.3,23.2578,4.06851
2026-09-02 12:17:27,8613.0,23.2578,4.06831
2026-09-02 12:17:38,8623.1,23.2656,4.06809
2026-09-02 12:17:48,8633.2,23.2500,4.06783
2026-09-02 12:17:58,8643.2,23.2578,4.06762
2026-09-02 12:18:08,8653.3,23.2656,4.06735
2026-09-02 12:18:17,8663.0,23.2500,4.06711
2026-09-02 12:18:28,8673.1,23.2578,4.06687
2026-09-02 12:18:38,8683.2,23.2421,4.06665
2026-09-02 12:18:48,8693.3,23.2656,4.06637
2026-09-02 12:18:57,8703.0,23.2734,4.06614
2026-09-02 12:19:08,8713.0,23.2734,4.06588
2026-09-02 12:19:18,8723.1,23.2812,4.06558
2026-09-02 12:19:28,8733.2,23.2812,4.06533
2026-09-02 12:19:37,8742.9,23.2812,4.06505
2026-09-02 12:19:47,8753.0,23.2812,4.06479
2026-09-02 12:19:58,8763.1,23.2890,4.06455
2026-09-02 12:20:08,8773.2,23.2656,4.06425
2026-09-02 12:20:17,8782.8,23.2812,4.06399
2026-09-02 12:20:27,8792.9,23.2734,4.06368
2026-09-02 12:20:37,8803.0,23.3046,4.06342
2026-09-02 12:20:48,8813.1,23.2890,4.06313
2026-09-02 12:20:58,8823.2,23.2890,4.06285
2026-09-02 12:21:07,8832.9,23.3046,4.06255
2026-09-02 12:21:17,8843.0,23.2812,4.06226
2026-09-02 12:21:28,8853.1,23.2890,4.06198
2026-09-02 12:21:38,8863.1,23.3046,4.06163
2026-09-02 12:21:47,8872.8,23.3125,4.06140
2026-09-02 12:21:57,8882.9,23.2890,4.06108
2026-09-02 12:22:07,8893.0,23.3046,4.06073
2026-09-02 12:22:18,8903.1,23.3203,4.06042
2026-09-02 12:22:28,8913.2,23.2890,4.06012
2026-09-02 12:22:37,8922.9,23.2890,4.05982
2026-09-02 12:22:47,8933.0,23.3046,4.05950
2026-09-02 12:22:58,8943.0,23.2890,4.05919
2026-09-02 12:23:08,8953.1,23.3046,4.05886
2026-09-02 12:23:17,8962.8,23.2812,4.05853
2026-09-02 12:23:27,8972.9,23.3046,4.05822
2026-09-02 12:23:37,8983.0,23.3046,4.05789
2026-09-02 12:23:48,8993.1,23.3046,4.05755
2026-09-02 12:23:58,9003.2,23.2890,4.05721
2026-09-02 12:24:07,9012.8,23.3125,4.05688
2026-09-02 12:24:17,9022.9,23.2812,4.05653
2026-09-02 12:24:27,9033.0,23.3046,4.05618
2026-09-02 12:24:38,9043.1,23.3046,4.05585
2026-09-02 12:24:47,9052.8,23.3359,4.05551
2026-09-02 12:24:57,9062.9,23.3046,4.05516
2026-09-02 12:25:07,9073.0,23.3359,4.05479
2026-09-02 12:25:18,9083.0,23.3125,4.05443
2026-09-02 12:25:27,9092.7,23.3046,4.05413
2026-09-02 12:25:37,9102.8,23.3281,4.05374
2026-09-02 12:25:47,9112.9,23.3359,4.05336
2026-09-02 12:25:57,9123.0,23.3515,4.05301
2026-09-02 12:26:08,9133.1,23.3281,4.05263
2026-09-02 12:26:17,9142.8,23.3203,4.05227
2026-09-02 12:26:27,9152.9,23.3515,4.05190
2026-09-02 12:26:37,9163.0,23.3281,4.05152
2026-09-02 12:26:48,9173.0,23.3281,4.05115
2026-09-02 12:26:57,9182.7,23.3515,4.05077
2026-09-02 12:27:07,9192.8,23.3437,4.05042
2026-09-02 12:27:17,9202.9,23.3437,4.05002
2026-09-02 12:27:27,9213.0,23.3437,4.04968
2026-09-02 12:27:37,9222.7,23.3515,4.04928
2026-09-02 12:27:47,9232.8,23.3437,4.04889
2026-09-02 12:27:57,9242.8,23.3593,4.04852
2026-09-02 12:28:07,9252.9,23.3515,4.04811
2026-09-02 12:28:17,9263.0,23.3671,4.04772
2026-09-02 12:28:27,9272.7,23.3437,4.04732
2026-09-02 12:28:37,9282.8,23.3671,4.04693
2026-09-02 12:28:47,9292.9,23.3515,4.04658
2026-09-02 12:28:57,9303.0,23.3593,4.04618
2026-09-02 12:29:07,9312.6,23.3593,4.04581
2026-09-02 12:29:17,9322.7,23.3515,4.04540
2026-09-02 12:29:27,9332.8,23.3671,4.04500
2026-09-02 12:29:37,9342.9,23.3671,4.04464
2026-09-02 12:29:47,9353.0,23.3515,4.04417
2026-09-02 12:29:57,9362.7,23.3671,4.04382
2026-09-02 12:30:07,9372.8,23.3593,4.04341
2026-09-02 12:30:17,9382.9,23.3750,4.04299
2026-09-02 12:30:27,9392.9,23.3671,4.04262
2026-09-02 12:30:37,9402.6,23.3671,4.04224
2026-09-02 12:30:47,9412.7,23.3671,4.04182
2026-09-02 12:30:57,9422.8,23.3750,4.04140
2026-09-02 12:31:07,9432.9,23.3750,4.04100
2026-09-02 12:31:17,9442.6,23.3750,4.04066
2026-09-02 12:31:27,9452.7,23.3828,4.04020
2026-09-02 12:31:37,9462.8,23.3671,4.03982
2026-09-02 12:31:47,9472.8,23.3828,4.03940
2026-09-02 12:31:57,9482.9,23.3828,4.03899
2026-09-02 12:32:07,9492.6,23.3750,4.03862
2026-09-02 12:32:17,9502.7,23.3906,4.03821
2026-09-02 12:32:27,9512.8,23.3828,4.03780
2026-09-02 12:32:37,9522.9,23.3828,4.03742
2026-09-02 12:32:47,9532.5,23.3984,4.03703
2026-09-02 12:32:57,9542.6,23.3828,4.03660
2026-09-02 12:33:07,9552.7,23.3906,4.03621
2026-09-02 12:33:17,9562.8,23.4062,4.03579
2026-09-02 12:33:27,9572.9,23.3906,4.03541
2026-09-02 12:33:37,9582.6,23.3906,4.03501
2026-09-02 12:33:47,9592.7,23.3750,4.03457
2026-09-02 12:33:57,9602.8,23.3750,4.03421
2026-09-02 12:34:07,9612.8,23.4062,4.03377
2026-09-02 12:34:17,9622.5,23.3984,4.03338
2026-09-02 12:34:27,9632.6,23.4062,4.03302
2026-09-02 12:34:37,9642.7,23.3984,4.03258
2026-09-02 12:34:47,9652.8,23.3906,4.03217
2026-09-02 12:34:57,9662.9,23.3984,4.03178
2026-09-02 12:35:07,9672.6,23.4062,4.03138
2026-09-02 12:35:17,9682.7,23.3984,4.03096
2026-09-02 12:35:27,9692.7,23.3984,4.03060
2026-09-02 12:35:37,9702.8,23.3828,4.03019
2026-09-02 12:35:47,9712.5,23.4140,4.02981
2026-09-02 12:35:57,9722.6,23.3984,4.02941
2026-09-02 12:36:07,9732.7,23.4062,4.02898
2026-09-02 12:36:17,9742.8,23.4140,4.02860
2026-09-02 12:36:27,9752.5,23.3984,4.02823
2026-09-02 12:36:37,9762.5,23.3984,4.02784
2026-09-02 12:36:47,9772.6,23.4062,4.02744
2026-09-02 12:36:57,9782.7,23.4062,4.02704
2026-09-02 12:37:07,9792.8,23.4062,4.02662
2026-09-02 12:37:17,9802.5,23.4062,4.02627
2026-09-02 12:37:27,9812.6,23.3984,4.02588
2026-09-02 12:37:37,9822.7,23.4140,4.02547
2026-09-02 12:37:47,9832.8,23.4140,4.02506
2026-09-02 12:37:57,9842.4,23.4062,4.02468
2026-09-02 12:38:07,9852.5,23.4375,4.02431
2026-09-02 12:38:17,9862.6,23.3984,4.02395
2026-09-02 12:38:27,9872.7,23.3984,4.02354
2026-09-02 12:38:37,9882.8,23.4062,4.02315
2026-09-02 12:38:47,9892.5,23.4140,4.02276
2026-09-02 12:38:57,9902.6,23.3984,4.02239
2026-09-02 12:39:07,9912.6,23.4140,4.02202
2026-09-02 12:39:17,9922.7,23.4062,4.02160
2026-09-02 12:39:27,9932.4,23.4062,4.02125
2026-09-02 12:39:37,9942.5,23.3906,4.02088
2026-09-02 12:39:47,9952.6,23.3984,4.02048
2026-09-02 12:39:57,9962.7,23.4140,4.02013
2026-09-02 12:40:07,9972.8,23.4062,4.01978
2026-09-02 12:40:17,9982.5,23.4140,4.01941
2026-09-02 12:40:27,9992.5,23.4062,4.01904
2026-09-02 12:40:37,10002.6,23.4140,4.01863
2026-09-02 12:40:47,10012.7,23.4140,4.01828
2026-09-02 12:40:57,10022.4,23.4375,4.01790
2026-09-02 12:41:07,10032.5,23.4296,4.01754
2026-09-02 12:41:17,10042.6,23.4375,4.01717
2026-09-02 12:41:27,10052.7,23.4140,4.01682
2026-09-02 12:41:37,10062.8,23.4062,4.01647
2026-09-02 12:41:47,10072.4,23.4140,4.01610
2026-09-02 12:41:57,10082.5,23.4062,4.01573
2026-09-02 12:42:07,10092.6,23.4296,4.01541
2026-09-02 12:42:17,10102.7,23.3984,4.01501
2026-09-02 12:42:27,10112.4,23.4140,4.01468
2026-09-02 12:42:37,10122.5,23.4062,4.01434
2026-09-02 12:42:47,10132.6,23.4140,4.01398
2026-09-02 12:42:57,10142.6,23.4140,4.01359
2026-09-02 12:43:07,10152.3,23.4296,4.01330
2026-09-02 12:43:17,10162.4,23.3906,4.01293
2026-09-02 12:43:27,10172.5,23.4140,4.01257
2026-09-02 12:43:37,10182.6,23.4062,4.01221
2026-09-02 12:43:47,10192.7,23.4140,4.01189
2026-09-02 12:43:57,10202.4,23.4296,4.01155
2026-09-02 12:44:07,10212.5,23.4062,4.01119
2026-09-02 12:44:17,10222.5,23.4296,4.01086
2026-09-02 12:44:27,10232.6,23.4062,4.01052
2026-09-02 12:44:37,10242.3,23.4140,4.01021
2026-09-02 12:44:47,10252.4,23.4375,4.00988
2026-09-02 12:44:57,10262.5,23.4296,4.00955
2026-09-02 12:45:07,10272.6,23.4062,4.00921
2026-09-02 12:45:17,10282.7,23.4062,4.00886
2026-09-02 12:45:27,10292.3,23.4375,4.00857
2026-09-02 12:45:37,10302.4,23.4140,4.00823
2026-09-02 12:45:47,10312.5,23.4296,4.00791
2026-09-02 12:45:57,10322.6,23.4375,4.00757
2026-09-02 12:46:07,10332.3,23.4453,4.00725
2026-09-02 12:46:17,10342.4,23.4296,4.00692
2026-09-02 12:46:27,10352.5,23.4296,4.00660
2026-09-02 12:46:37,10362.5,23.4375,4.00628
2026-09-02 12:46:47,10372.6,23.4062,4.00595
2026-09-02 12:46:57,10382.3,23.4140,4.00566
2026-09-02 12:47:07,10392.4,23.4375,4.00534
2026-09-02 12:47:17,10402.5,23.4296,4.00502
2026-09-02 12:47:27,10412.6,23.4296,4.00474
2026-09-02 12:47:37,10422.3,23.4453,4.00443
2026-09-02 12:47:47,10432.4,23.4375,4.00410
2026-09-02 12:47:57,10442.4,23.4140,4.00378
2026-09-02 12:48:07,10452.5,23.4375,4.00347
2026-09-02 12:48:17,10462.2,23.4453,4.00319
2026-09-02 12:48:27,10472.3,23.4453,4.00290
2026-09-02 12:48:37,10482.4,23.4453,4.00260
2026-09-02 12:48:47,10492.5,23.4375,4.00231
2026-09-02 12:48:57,10502.6,23.4531,4.00200
2026-09-02 12:49:07,10512.2,23.4375,4.00168
2026-09-02 12:49:17,10522.3,23.4531,4.00138
2026-09-02 12:49:27,10532.4,23.4531,4.00109
2026-09-02 12:49:37,10542.5,23.4453,4.00081
2026-09-02 12:49:47,10552.2,23.4453,4.00051
2026-09-02 12:49:57,10562.3,23.4453,4.00023
2026-09-02 12:50:07,10572.4,23.4531,3.99993
2026-09-02 12:50:17,10582.5,23.4375,3.99964
2026-09-02 12:50:27,10592.1,23.4609,3.99939
2026-09-02 12:50:37,10602.2,23.4687,3.99911
2026-09-02 12:50:47,10612.3,23.4531,3.99881
2026-09-02 12:50:57,10622.4,23.4453,3.99851
2026-09-02 12:51:07,10632.5,23.4531,3.99824
2026-09-02 12:51:17,10642.2,23.4531,3.99799
2026-09-02 12:51:27,10652.3,23.4375,3.99766
2026-09-02 12:51:37,10662.3,23.4453,3.99741
2026-09-02 12:51:47,10672.4,23.4453,3.99711
2026-09-02 12:51:57,10682.1,23.4531,3.99688
2026-09-02 12:52:07,10692.2,23.4531,3.99657
2026-09-02 12:52:17,10702.3,23.4609,3.99633
2026-09-02 12:52:27,10712.4,23.4453,3.99602
2026-09-02 12:52:37,10722.1,23.4609,3.99577
2026-09-02 12:52:47,10732.2,23.4531,3.99550
2026-09-02 12:52:57,10742.2,23.4687,3.99523
2026-09-02 12:53:07,10752.3,23.4687,3.99496
2026-09-02 12:53:17,10762.4,23.4609,3.99473
2026-09-02 12:53:27,10772.1,23.4687,3.99445
2026-09-02 12:53:37,10782.2,23.4687,3.99417
2026-09-02 12:53:47,10792.3,23.4687,3.99396
2026-09-02 12:53:57,10802.4,23.4765,3.99367
2026-09-02 12:54:07,10812.0,23.4843,3.99340
2026-09-02 12:54:17,10822.1,23.4765,3.99319
2026-09-02 12:54:27,10832.2,23.4843,3.99290
2026-09-02 12:54:37,10842.3,23.4843,3.99265
2026-09-02 12:54:46,10852.0,23.4765,3.99243
2026-09-02 12:54:57,10862.1,23.4765,3.99215
2026-09-02 12:55:07,10872.2,23.4843,3.99188
2026-09-02 12:55:17,10882.3,23.4765,3.99162
2026-09-02 12:55:27,10892.3,23.4765,3.99140
2026-09-02 12:55:37,10902.0,23.4687,3.99114
2026-09-02 12:55:47,10912.1,23.4921,3.99091
2026-09-02 12:55:57,10922.2,23.4921,3.99063
2026-09-02 12:56:07,10932.3,23.4765,3.99040
2026-09-02 12:56:16,10942.0,23.4921,3.99017
2026-09-02 12:56:27,10952.1,23.5000,3.98991
2026-09-02 12:56:37,10962.2,23.5000,3.98967
2026-09-02 12:56:47,10972.2,23.4843,3.98945
2026-09-02 12:56:56,10981.9,23.4921,3.98918
2026-09-02 12:57:07,10992.0,23.5000,3.98896
2026-09-02 12:57:17,11002.1,23.5000,3.98871
2026-09-02 12:57:27,11012.2,23.5000,3.98846
2026-09-02 12:57:37,11022.3,23.5078,3.98821
2026-09-02 12:57:46,11032.0,23.5000,3.98801
2026-09-02 12:57:57,11042.0,23.4921,3.98775
2026-09-02 12:58:07,11052.1,23.5000,3.98754
2026-09-02 12:58:17,11062.2,23.5078,3.98729
2026-09-02 12:58:26,11071.9,23.5000,3.98707
2026-09-02 12:58:36,11082.0,23.5156,3.98683
2026-09-02 12:58:47,11092.1,23.5156,3.98660
2026-09-02 12:58:57,11102.2,23.5000,3.98637
2026-09-02 12:59:06,11111.8,23.5078,3.98613
2026-09-02 12:59:16,11121.9,23.5000,3.98594
2026-09-02 12:59:27,11132.0,23.5078,3.98568
2026-09-02 12:59:37,11142.1,23.5000,3.98548
2026-09-02 12:59:47,11152.2,23.4921,3.98524
2026-09-02 12:59:56,11161.9,23.5078,3.98503
2026-09-02 13:00:06,11172.0,23.4843,3.98477
2026-09-02 13:00:17,11182.1,23.5000,3.98455
2026-09-02 13:00:27,11192.1,23.5078,3.98438
2026-09-02 13:00:36,11201.8,23.5078,3.98415
2026-09-02 13:00:46,11211.9,23.5000,3.98392
2026-09-02 13:00:56,11222.0,23.5078,3.98368
2026-09-02 13:01:07,11232.1,23.5078,3.98350
2026-09-02 13:01:16,11241.8,23.5156,3.98327
2026-09-02 13:01:26,11251.9,23.4921,3.98307
2026-09-02 13:01:36,11262.0,23.4921,3.98284
2026-09-02 13:01:47,11272.0,23.4921,3.98266
2026-09-02 13:01:57,11282.1,23.5078,3.98240
2026-09-02 13:02:06,11291.8,23.5078,3.98223
2026-09-02 13:02:16,11301.9,23.5234,3.98202
2026-09-02 13:02:26,11312.0,23.5000,3.98180
2026-09-02 13:02:37,11322.1,23.5078,3.98156
2026-09-02 13:02:46,11331.8,23.5234,3.98140
2026-09-02 13:02:56,11341.8,23.5234,3.98116
2026-09-02 13:03:06,11351.9,23.5078,3.98098
2026-09-02 13:03:17,11362.0,23.5234,3.98076
2026-09-02 13:03:27,11372.1,23.5312,3.98058
2026-09-02 13:03:36,11381.8,23.5468,3.98034
2026-09-02 13:03:46,11391.9,23.5156,3.98016
2026-09-02 13:03:56,11402.0,23.5312,3.97993
2026-09-02 13:04:07,11412.0,23.5234,3.97976
2026-09-02 13:04:16,11421.7,23.5312,3.97953
2026-09-02 13:04:26,11431.8,23.5468,3.97934
2026-09-02 13:04:36,11441.9,23.5468,3.97914
2026-09-02 13:04:46,11452.0,23.5234,3.97895
2026-09-02 13:04:57,11462.1,23.5078,3.97871
2026-09-02 13:05:06,11471.8,23.5312,3.97855
2026-09-02 13:05:16,11481.9,23.5234,3.97837
2026-09-02 13:05:26,11491.9,23.5234,3.97815
2026-09-02 13:05:37,11502.0,23.5156,3.97799
2026-09-02 13:05:46,11511.7,23.5312,3.97776
2026-09-02 13:05:56,11521.8,23.5468,3.97757
2026-09-02 13:06:06,11531.9,23.5234,3.97740
2026-09-02 13:06:16,11542.0,23.5234,3.97717
2026-09-02 13:06:26,11551.7,23.5234,3.97698
2026-09-02 13:06:36,11561.8,23.5234,3.97678
2026-09-02 13:06:46,11571.8,23.5468,3.97661
2026-09-02 13:06:56,11581.9,23.5468,3.97643
2026-09-02 13:07:07,11592.0,23.5312,3.97621
2026-09-02 13:07:16,11601.7,23.5156,3.97605
2026-09-02 13:07:26,11611.8,23.5546,3.97586
2026-09-02 13:07:36,11621.9,23.5468,3.97567
2026-09-02 13:07:46,11632.0,23.5546,3.97549
2026-09-02 13:07:56,11641.6,23.5546,3.97530
2026-09-02 13:08:06,11651.7,23.5546,3.97513
2026-09-02 13:08:16,11661.8,23.5312,3.97492
2026-09-02 13:08:26,11671.9,23.5546,3.97475
2026-09-02 13:08:36,11681.6,23.5468,3.97459
2026-09-02 13:08:46,11691.7,23.5546,3.97438
2026-09-02 13:08:56,11701.8,23.5625,3.97422
2026-09-02 13:09:06,11711.9,23.5468,3.97406
2026-09-02 13:09:16,11721.9,23.5625,3.97385
2026-09-02 13:09:26,11731.6,23.5546,3.97366
2026-09-02 13:09:36,11741.7,23.5625,3.97351
2026-09-02 13:09:46,11751.8,23.5546,3.97334
2026-09-02 13:09:56,11761.9,23.5312,3.97317
2026-09-02 13:10:06,11771.6,23.5703,3.97302
2026-09-02 13:10:16,11781.7,23.5546,3.97279
2026-09-02 13:10:26,11791.8,23.5625,3.97261
2026-09-02 13:10:36,11801.8,23.5546,3.97244
2026-09-02 13:10:46,11811.5,23.5468,3.97227
2026-09-02 13:10:56,11821.6,23.5781,3.97208
2026-09-02 13:11:06,11831.7,23.5703,3.97195
2026-09-02 13:11:16,11841.8,23.5546,3.97175
2026-09-02 13:11:26,11851.9,23.5781,3.97159
2026-09-02 13:11:36,11861.5,23.5703,3.97142
2026-09-02 13:11:46,11871.6,23.5625,3.97123
2026-09-02 13:11:56,11881.7,23.5703,3.97105
2026-09-02 13:12:06,11891.8,23.5625,3.97092
2026-09-02 13:12:16,11901.5,23.5703,3.97076
2026-09-02 13:12:26,11911.6,23.5703,3.97056
2026-09-02 13:12:36,11921.7,23.5937,3.97040
2026-09-02 13:12:46,11931.8,23.5781,3.97023
2026-09-02 13:12:56,11941.4,23.5625,3.97006
2026-09-02 13:13:06,11951.5,23.5546,3.96991
2026-09-02 13:13:16,11961.6,23.5937,3.96972
2026-09-02 13:13:26,11971.7,23.5703,3.96957
2026-09-02 13:13:36,11981.4,23.5625,3.96941
2026-09-02 13:13:46,11991.5,23.5625,3.96922
2026-09-02 13:13:56,12001.6,23.5546,3.96909
2026-09-02 13:14:06,12011.7,23.5859,3.96891
2026-09-02 13:14:16,12021.3,23.5546,3.96876
2026-09-02 13:14:26,12031.4,23.5468,3.96859
2026-09-02 13:14:36,12041.5,23.5703,3.96843
2026-09-02 13:14:46,12051.6,23.5625,3.96826
2026-09-02 13:14:56,12061.7,23.5546,3.96811
2026-09-02 13:15:06,12071.4,23.5625,3.96796
2026-09-02 13:15:16,12081.5,23.5703,3.96780
2026-09-02 13:15:26,12091.5,23.5703,3.96765
2026-09-02 13:15:36,12101.6,23.5546,3.96747
2026-09-02 13:15:46,12111.3,23.5781,3.96731
2026-09-02 13:15:56,12121.4,23.5703,3.96715
2026-09-02 13:16:06,12131.5,23.5781,3.96705
2026-09-02 13:16:16,12141.6,23.5703,3.96686
2026-09-02 13:16:26,12151.3,23.5781,3.96670
2026-09-02 13:16:36,12161.3,23.5703,3.96655
2026-09-02 13:16:46,12171.4,23.5703,3.96641
2026-09-02 13:16:56,12181.5,23.5859,3.96626
2026-09-02 13:17:06,12191.2,23.5781,3.96612
2026-09-02 13:17:16,12201.3,23.5781,3.96593
2026-09-02 13:17:26,12211.4,23.5703,3.96577
2026-09-02 13:17:36,12221.5,23.5781,3.96563
2026-09-02 13:17:46,12231.6,23.5781,3.96552
2026-09-02 13:17:56,12241.2,23.5625,3.96539
2026-09-02 13:18:06,12251.3,23.5703,3.96519
2026-09-02 13:18:16,12261.4,23.5859,3.96506
2026-09-02 13:18:26,12271.5,23.5546,3.96490
2026-09-02 13:18:36,12281.2,23.5703,3.96474
2026-09-02 13:18:46,12291.3,23.5859,3.96463
2026-09-02 13:18:56,12301.4,23.5703,3.96448
2026-09-02 13:19:06,12311.5,23.6015,3.96432
2026-09-02 13:19:16,12321.1,23.5859,3.96417
2026-09-02 13:19:26,12331.2,23.5781,3.96404
2026-09-02 13:19:36,12341.3,23.5625,3.96389
2026-09-02 13:19:46,12351.4,23.5937,3.96375
2026-09-02 13:19:56,12361.5,23.5781,3.96359
2026-09-02 13:20:06,12371.2,23.5703,3.96349
2026-09-02 13:20:16,12381.3,23.5781,3.96329
2026-09-02 13:20:26,12391.3,23.5781,3.96319
2026-09-02 13:20:36,12401.4,23.5859,3.96303
2026-09-02 13:20:46,12411.1,23.5937,3.96289
2026-09-02 13:20:56,12421.2,23.6015,3.96276
2026-09-02 13:21:06,12431.3,23.5859,3.96264
2026-09-02 13:21:16,12441.4,23.5937,3.96246
2026-09-02 13:21:26,12451.1,23.6015,3.96236
2026-09-02 13:21:36,12461.2,23.5859,3.96218
2026-09-02 13:21:46,12471.2,23.5859,3.96206
2026-09-02 13:21:56,12481.3,23.5859,3.96190
2026-09-02 13:22:06,12491.0,23.5937,3.96179
2026-09-02 13:22:16,12501.1,23.6015,3.96165
2026-09-02 13:22:26,12511.2,23.5937,3.96152
2026-09-02 13:22:36,12521.3,23.6093,3.96141
2026-09-02 13:22:45,12531.0,23.5937,3.96124
2026-09-02 13:22:56,12541.0,23.5859,3.96114
2026-09-02 13:23:06,12551.1,23.6093,3.96098
2026-09-02 13:23:16,12561.2,23.6093,3.96081
2026-09-02 13:23:25,12570.9,23.6093,3.96072
2026-09-02 13:23:35,12581.0,23.6171,3.96055
2026-09-02 13:23:46,12591.1,23.6015,3.96044
2026-09-02 13:23:56,12601.2,23.5937,3.96031
2026-09-02 13:24:06,12611.2,23.5859,3.96017
2026-09-02 13:24:15,12620.9,23.6015,3.96003
2026-09-02 13:24:26,12631.0,23.5937,3.95989
2026-09-02 13:24:36,12641.1,23.6015,3.95978
2026-09-02 13:24:46,12651.2,23.6093,3.95966
2026-09-02 13:24:55,12660.9,23.6015,3.95954
2026-09-02 13:25:05,12671.0,23.6015,3.95942
2026-09-02 13:25:16,12681.1,23.6015,3.95931
2026-09-02 13:25:26,12691.1,23.6171,3.95916
2026-09-02 13:25:35,12700.8,23.6015,3.95903
2026-09-02 13:25:45,12710.9,23.6171,3.95890
2026-09-02 13:25:56,12721.0,23.6250,3.95875
2026-09-02 13:26:06,12731.1,23.6093,3.95860
2026-09-02 13:26:15,12740.8,23.6093,3.95851
2026-09-02 13:26:25,12750.9,23.6093,3.95836
2026-09-02 13:26:35,12761.0,23.6250,3.95823
2026-09-02 13:26:46,12771.0,23.6171,3.95807
2026-09-02 13:26:55,12780.7,23.6015,3.95798
2026-09-02 13:27:05,12790.8,23.6015,3.95786
2026-09-02 13:27:15,12800.9,23.6093,3.95768
2026-09-02 13:27:25,12811.0,23.6250,3.95756
2026-09-02 13:27:35,12820.7,23.6171,3.95745
2026-09-02 13:27:45,12830.8,23.6171,3.95732
2026-09-02 13:27:55,12840.8,23.6250,3.95718
2026-09-02 13:28:05,12850.9,23.6328,3.95704
2026-09-02 13:28:16,12861.0,23.6250,3.95689
2026-09-02 13:28:25,12870.7,23.6250,3.95682
2026-09-02 13:28:35,12880.8,23.6093,3.95665
2026-09-02 13:28:45,12890.9,23.6250,3.95652
2026-09-02 13:28:55,12900.6,23.6171,3.95642
2026-09-02 13:29:05,12910.7,23.6250,3.95630
2026-09-02 13:29:15,12920.7,23.6484,3.95614
2026-09-02 13:29:25,12930.8,23.6250,3.95601
2026-09-02 13:29:35,12940.9,23.6406,3.95587
2026-09-02 13:29:45,12950.6,23.6406,3.95574
2026-09-02 13:29:55,12960.7,23.6250,3.95561
2026-09-02 13:30:05,12970.8,23.6328,3.95550
2026-09-02 13:30:15,12980.9,23.6406,3.95538
2026-09-02 13:30:25,12990.5,23.6406,3.95521
2026-09-02 13:30:35,13000.6,23.6328,3.95508
2026-09-02 13:30:45,13010.7,23.6328,3.95493
2026-09-02 13:30:55,13020.8,23.6484,3.95479
2026-09-02 13:31:05,13030.5,23.6328,3.95466
2026-09-02 13:31:15,13040.6,23.6484,3.95455
2026-09-02 13:31:25,13050.7,23.6484,3.95441
2026-09-02 13:31:35,13060.8,23.6484,3.95426
2026-09-02 13:31:45,13070.8,23.6484,3.95413
2026-09-02 13:31:55,13080.5,23.6484,3.95399
2026-09-02 13:32:05,13090.6,23.6171,3.95385
2026-09-02 13:32:15,13100.7,23.6328,3.95371
2026-09-02 13:32:25,13110.8,23.6250,3.95356
2026-09-02 13:32:35,13120.5,23.6250,3.95348
2026-09-02 13:32:45,13130.6,23.6406,3.95334
2026-09-02 13:32:55,13140.6,23.6406,3.95320
2026-09-02 13:33:05,13150.7,23.6328,3.95304
2026-09-02 13:33:15,13160.4,23.6484,3.95287
2026-09-02 13:33:25,13170.5,23.6406,3.95270
2026-09-02 13:33:35,13180.6,23.6328,3.95258
2026-09-02 13:33:45,13190.7,23.6328,3.95245
2026-09-02 13:33:55,13200.8,23.6484,3.95228
2026-09-02 13:34:05,13210.5,23.6328,3.95216
2026-09-02 13:34:15,13220.5,23.6171,3.95200
2026-09-02 13:34:25,13230.6,23.6406,3.95188
2026-09-02 13:34:35,13240.7,23.6328,3.95174
2026-09-02 13:34:45,13250.4,23.6250,3.95158
2026-09-02 13:34:55,13260.5,23.6484,3.95144
2026-09-02 13:35:05,13270.6,23.6484,3.95127
2026-09-02 13:35:15,13280.7,23.6484,3.95113
2026-09-02 13:35:25,13290.3,23.6484,3.95098
2026-09-02 13:35:35,13300.4,23.6484,3.95082
2026-09-02 13:35:45,13310.5,23.6328,3.95067
2026-09-02 13:35:55,13320.6,23.6328,3.95052
2026-09-02 13:36:05,13330.3,23.6406,3.95038
2026-09-02 13:36:15,13340.4,23.6484,3.95025
2026-09-02 13:36:25,13350.5,23.6406,3.95008
2026-09-02 13:36:35,13360.5,23.6406,3.94991
2026-09-02 13:36:45,13370.6,23.6406,3.94976
2026-09-02 13:36:55,13380.3,23.6484,3.94961
2026-09-02 13:37:05,13390.4,23.6640,3.94949
2026-09-02 13:37:15,13400.5,23.6406,3.94935
2026-09-02 13:37:25,13410.6,23.6484,3.94917
2026-09-02 13:37:35,13420.3,23.6484,3.94899
2026-09-02 13:37:45,13430.4,23.6406,3.94884
2026-09-02 13:37:55,13440.4,23.6406,3.94867
2026-09-02 13:38:05,13450.5,23.6484,3.94850
2026-09-02 13:38:15,13460.2,23.6640,3.94838
2026-09-02 13:38:25,13470.3,23.6640,3.94821
2026-09-02 13:38:35,13480.4,23.6640,3.94805
2026-09-02 13:38:45,13490.5,23.6484,3.94790
2026-09-02 13:38:55,13500.2,23.6484,3.94775
2026-09-02 13:39:05,13510.2,23.6796,3.94759
2026-09-02 13:39:15,13520.3,23.6796,3.94744
2026-09-02 13:39:25,13530.4,23.6718,3.94729
2026-09-02 13:39:35,13540.1,23.6718,3.94710
2026-09-02 13:39:45,13550.2,23.6796,3.94695
2026-09-02 13:39:55,13560.3,23.6718,3.94678
2026-09-02 13:40:05,13570.4,23.6875,3.94664
2026-09-02 13:40:15,13580.5,23.6718,3.94649
2026-09-02 13:40:25,13590.1,23.6796,3.94627
2026-09-02 13:40:35,13600.2,23.6796,3.94612
2026-09-02 13:40:45,13610.3,23.7031,3.94593
2026-09-02 13:40:55,13620.4,23.6796,3.94579
2026-09-02 13:41:05,13630.1,23.6796,3.94561
2026-09-02 13:41:15,13640.2,23.6796,3.94545
2026-09-02 13:41:25,13650.3,23.6953,3.94527
2026-09-02 13:41:35,13660.4,23.6796,3.94511
2026-09-02 13:41:45,13670.0,23.6953,3.94498
2026-09-02 13:41:55,13680.1,23.6875,3.94477
2026-09-02 13:42:05,13690.2,23.6875,3.94458
2026-09-02 13:42:15,13700.3,23.6875,3.94442
2026-09-02 13:42:25,13710.0,23.6875,3.94428
2026-09-02 13:42:35,13720.1,23.6875,3.94414
2026-09-02 13:42:45,13730.2,23.6796,3.94392
2026-09-02 13:42:55,13740.2,23.6953,3.94373
2026-09-02 13:43:04,13749.9,23.7187,3.94359
2026-09-02 13:43:15,13760.0,23.7031,3.94342
2026-09-02 13:43:25,13770.1,23.7031,3.94325
2026-09-02 13:43:35,13780.2,23.6953,3.94306
2026-09-02 13:43:44,13789.9,23.7031,3.94289
2026-09-02 13:43:54,13800.0,23.7187,3.94271
2026-09-02 13:44:05,13810.0,23.7031,3.94256
2026-09-02 13:44:15,13820.1,23.7109,3.94234
2026-09-02 13:44:24,13829.8,23.7031,3.94215
2026-09-02 13:44:34,13839.9,23.7265,3.94199
2026-09-02 13:44:45,13850.0,23.7187,3.94185
2026-09-02 13:44:55,13860.1,23.7421,3.94163
2026-09-02 13:45:04,13869.8,23.7265,3.94145
2026-09-02 13:45:14,13879.9,23.7109,3.94129
2026-09-02 13:45:24,13889.9,23.6953,3.94113
2026-09-02 13:45:35,13900.0,23.7109,3.94093
2026-09-02 13:45:44,13909.7,23.7031,3.94071
2026-09-02 13:45:54,13919.8,23.7187,3.94058
2026-09-02 13:46:04,13929.9,23.7031,3.94037
2026-09-02 13:46:14,13940.0,23.7187,3.94018
2026-09-02 13:46:24,13949.7,23.7109,3.93999
2026-09-02 13:46:34,13959.8,23.7265,3.93985
2026-09-02 13:46:44,13969.8,23.7265,3.93964
2026-09-02 13:46:54,13979.9,23.7265,3.93946
2026-09-02 13:47:04,13989.6,23.7109,3.93928
2026-09-02 13:47:14,13999.7,23.7343,3.93908
2026-09-02 13:47:24,14009.8,23.7187,3.93890
2026-09-02 13:47:34,14019.9,23.7343,3.93872
2026-09-02 13:47:44,14029.5,23.7421,3.93854
2026-09-02 13:47:54,14039.6,23.7500,3.93833
2026-09-02 13:48:04,14049.7,23.7265,3.93813
2026-09-02 13:48:14,14059.8,23.7343,3.93797
2026-09-02 13:48:24,14069.5,23.7109,3.93778
2026-09-02 13:48:34,14079.6,23.7421,3.93759
2026-09-02 13:48:44,14089.7,23.7343,3.93739
2026-09-02 13:48:54,14099.8,23.7265,3.93723
2026-09-02 13:49:04,14109.5,23.7421,3.93703
2026-09-02 13:49:14,14119.5,23.7109,3.93683
2026-09-02 13:49:24,14129.6,23.7421,3.93666
2026-09-02 13:49:34,14139.7,23.7343,3.93644
2026-09-02 13:49:44,14149.4,23.7500,3.93628
2026-09-02 13:49:54,14159.5,23.7421,3.93608
2026-09-02 13:50:04,14169.6,23.7343,3.93587
2026-09-02 13:50:14,14179.7,23.7656,3.93568
2026-09-02 13:50:24,14189.8,23.7656,3.93550
2026-09-02 13:50:34,14199.4,23.7421,3.93531
2026-09-02 13:50:44,14209.5,23.7421,3.93511
2026-09-02 13:50:54,14219.6,23.7500,3.93495
2026-09-02 13:51:04,14229.7,23.7500,3.93472
2026-09-02 13:51:14,14239.4,23.7578,3.93452
2026-09-02 13:51:24,14249.5,23.7421,3.93436
2026-09-02 13:51:34,14259.5,23.7500,3.93414
2026-09-02 13:51:44,14269.6,23.7500,3.93395
2026-09-02 13:51:54,14279.3,23.7578,3.93377
2026-09-02 13:52:04,14289.4,23.7656,3.93358
2026-09-02 13:52:14,14299.5,23.7578,3.93335
2026-09-02 13:52:24,14309.6,23.7500,3.93319
2026-09-02 13:52:34,14319.3,23.7343,3.93296
2026-09-02 13:52:44,14329.4,23.7578,3.93278
2026-09-02 13:52:54,14339.4,23.7578,3.93260
2026-09-02 13:53:04,14349.5,23.7421,3.93240
2026-09-02 13:53:14,14359.6,23.7421,3.93218
2026-09-02 13:53:24,14369.3,23.7265,3.93200
2026-09-02 13:53:34,14379.4,23.7578,3.93179
2026-09-02 13:53:44,14389.5,23.7500,3.93163
2026-09-02 13:53:54,14399.6,23.7500,3.93139
2026-09-02 13:54:04,14409.2,23.7578,3.93123
2026-09-02 13:54:14,14419.3,23.7343,3.93103
2026-09-02 13:54:24,14429.4,23.7500,3.93079
2026-09-02 13:54:34,14439.1,23.7578,3.93062
2026-09-02 13:54:44,14449.2,23.7578,3.93043
2026-09-02 13:54:54,14459.3,23.7578,3.93022
2026-09-02 13:55:04,14469.4,23.7578,3.93003
2026-09-02 13:55:14,14479.5,23.7578,3.92983
2026-09-02 13:55:24,14489.1,23.7500,3.92965
2026-09-02 13:55:34,14499.2,23.7343,3.92942
2026-09-02 13:55:44,14509.3,23.7343,3.92922
2026-09-02 13:55:54,14519.4,23.7421,3.92901
2026-09-02 13:56:04,14529.1,23.7578,3.92882
2026-09-02 13:56:14,14539.2,23.7656,3.92863
2026-09-02 13:56:24,14549.3,23.7578,3.92842
2026-09-02 13:56:33,14558.9,23.7500,3.92824
2026-09-02 13:56:44,14569.0,23.7500,3.92799
2026-09-02 13:56:54,14579.1,23.7500,3.92781
2026-09-02 13:57:04,14589.2,23.7656,3.92761
2026-09-02 13:57:13,14598.9,23.7578,3.92738
2026-09-02 13:57:24,14609.0,23.7656,3.92718
2026-09-02 13:57:34,14619.1,23.7500,3.92699
2026-09-02 13:57:44,14629.2,23.7656,3.92679
2026-09-02 13:57:53,14638.8,23.7734,3.92658
2026-09-02 13:58:03,14648.9,23.7500,3.92640
2026-09-02 13:58:14,14659.0,23.7734,3.92615
2026-09-02 13:58:24,14669.1,23.7734,3.92596
2026-09-02 13:58:33,14678.8,23.7890,3.92576
2026-09-02 13:58:43,14688.9,23.7734,3.92556
2026-09-02 13:58:53,14699.0,23.7578,3.92536
2026-09-02 13:59:04,14709.0,23.7734,3.92515
2026-09-02 13:59:13,14718.7,23.7968,3.92495
2026-09-02 13:59:23,14728.8,23.7734,3.92473
2026-09-02 13:59:33,14738.9,23.7968,3.92456
2026-09-02 13:59:44,14749.0,23.7968,3.92431
2026-09-02 13:59:53,14758.7,23.7968,3.92416
2026-09-02 14:00:03,14768.8,23.7968,3.92392
2026-09-02 14:00:13,14778.9,23.7890,3.92370
2026-09-02 14:00:23,14788.9,23.7890,3.92351
2026-09-02 14:00:34,14799.0,23.8125,3.92330
2026-09-02 14:00:43,14808.7,23.7734,3.92311
2026-09-02 14:00:53,14818.8,23.7890,3.92288
2026-09-02 14:01:03,14828.9,23.7968,3.92272
2026-09-02 14:01:14,14839.0,23.8046,3.92249
2026-09-02 14:01:23,14848.7,23.7734,3.92230
2026-09-02 14:01:33,14858.8,23.7968,3.92209
2026-09-02 14:01:43,14868.8,23.8125,3.92191
2026-09-02 14:01:53,14878.9,23.8046,3.92169
2026-09-02 14:02:03,14888.6,23.7968,3.92148
2026-09-02 14:02:13,14898.7,23.7968,3.92125
2026-09-02 14:02:23,14908.8,23.7734,3.92109
2026-09-02 14:02:33,14918.9,23.8046,3.92084
2026-09-02 14:02:43,14928.5,23.7968,3.92067
2026-09-02 14:02:53,14938.6,23.8046,3.92044
2026-09-02 14:03:03,14948.7,23.8046,3.92027
2026-09-02 14:03:13,14958.8,23.7890,3.92001
2026-09-02 14:03:23,14968.5,23.7656,3.91983
2026-09-02 14:03:33,14978.6,23.7734,3.91960
2026-09-02 14:03:43,14988.7,23.7968,3.91943
2026-09-02 14:03:53,14998.8,23.7968,3.91921
2026-09-02 14:04:03,15008.8,23.7890,3.91901
2026-09-02 14:04:13,15018.5,23.7734,3.91877
2026-09-02 14:04:23,15028.6,23.7968,3.91860
2026-09-02 14:04:33,15038.7,23.7734,3.91837
2026-09-02 14:04:43,15048.8,23.7890,3.91817
2026-09-02 14:04:53,15058.5,23.7734,3.91797
2026-09-02 14:05:03,15068.6,23.7890,3.91776
2026-09-02 14:05:13,15078.7,23.7890,3.91754
2026-09-02 14:05:23,15088.7,23.7734,3.91732
2026-09-02 14:05:33,15098.4,23.7656,3.91716
2026-09-02 14:05:43,15108.5,23.7734,3.91692
2026-09-02 14:05:53,15118.6,23.7734,3.91672
2026-09-02 14:06:03,15128.7,23.7734,3.91649
2026-09-02 14:06:13,15138.4,23.7890,3.91629
2026-09-02 14:06:23,15148.5,23.7890,3.91608
2026-09-02 14:06:33,15158.5,23.7968,3.91587
2026-09-02 14:06:43,15168.6,23.8046,3.91565
2026-09-02 14:06:53,15178.3,23.7890,3.91543
2026-09-02 14:07:03,15188.4,23.8125,3.91525
2026-09-02 14:07:13,15198.5,23.8046,3.91502
2026-09-02 14:07:23,15208.6,23.8046,3.91481
2026-09-02 14:07:33,15218.7,23.8046,3.91458
2026-09-02 14:07:43,15228.3,23.7890,3.91442
2026-09-02 14:07:53,15238.4,23.8125,3.91417
2026-09-02 14:08:03,15248.5,23.7968,3.91400
2026-09-02 14:08:13,15258.6,23.7968,3.91376
2026-09-02 14:08:23,15268.3,23.8046,3.91356
2026-09-02 14:08:33,15278.4,23.7968,3.91336
2026-09-02 14:08:43,15288.5,23.8125,3.91314
2026-09-02 14:08:53,15298.6,23.7890,3.91294
2026-09-02 14:09:03,15308.2,23.7890,3.91272
2026-09-02 14:09:13,15318.3,23.8125,3.91252
2026-09-02 14:09:23,15328.4,23.8125,3.91230
2026-09-02 14:09:33,15338.5,23.7968,3.91209
2026-09-02 14:09:43,15348.2,23.8046,3.91193
2026-09-02 14:09:53,15358.3,23.8125,3.91166
2026-09-02 14:10:03,15368.4,23.8046,3.91150
2026-09-02 14:10:13,15378.5,23.8125,3.91123
2026-09-02 14:10:23,15388.1,23.8125,3.91105
2026-09-02 14:10:33,15398.2,23.8125,3.91085
2026-09-02 14:10:43,15408.3,23.8046,3.91063
2026-09-02 14:10:53,15418.4,23.8125,3.91046
2026-09-02 14:11:03,15428.1,23.8125,3.91022
2026-09-02 14:11:13,15438.2,23.8125,3.90998
2026-09-02 14:11:23,15448.2,23.8046,3.90980
2026-09-02 14:11:33,15458.3,23.8203,3.90959
2026-09-02 14:11:43,15468.0,23.8046,3.90938
2026-09-02 14:11:53,15478.1,23.8203,3.90916
2026-09-02 14:12:03,15488.2,23.8125,3.90896
2026-09-02 14:12:13,15498.3,23.8203,3.90879
2026-09-02 14:12:23,15508.4,23.8046,3.90853
2026-09-02 14:12:33,15518.1,23.8046,3.90834
2026-09-02 14:12:43,15528.2,23.7968,3.90812
2026-09-02 14:12:53,15538.2,23.8046,3.90791
2026-09-02 14:13:03,15548.3,23.7968,3.90774
2026-09-02 14:13:13,15558.0,23.7968,3.90749
2026-09-02 14:13:23,15568.1,23.8125,3.90728
2026-09-02 14:13:33,15578.2,23.7968,3.90711
2026-09-02 14:13:43,15588.3,23.7890,3.90689
2026-09-02 14:13:52,15598.0,23.7968,3.90668
2026-09-02 14:14:03,15608.0,23.7968,3.90650
2026-09-02 14:14:13,15618.1,23.7968,3.90627
2026-09-02 14:14:23,15628.2,23.7968,3.90608
2026-09-02 14:14:32,15637.9,23.8046,3.90588
2026-09-02 14:14:43,15648.0,23.7968,3.90566
2026-09-02 14:14:53,15658.1,23.7890,3.90545
2026-09-02 14:15:03,15668.2,23.7890,3.90523
2026-09-02 14:15:12,15677.8,23.8046,3.90503
2026-09-02 14:15:22,15687.9,23.7890,3.90485
2026-09-02 14:15:33,15698.0,23.7734,3.90461
2026-09-02 14:15:43,15708.1,23.7968,3.90442
2026-09-02 14:15:52,15717.8,23.7734,3.90423
2026-09-02 14:16:02,15727.9,23.8046,3.90398
2026-09-02 14:16:13,15738.0,23.7968,3.90378
2026-09-02 14:16:23,15748.1,23.7968,3.90360
2026-09-02 14:16:33,15758.1,23.7656,3.90336
2026-09-02 14:16:42,15767.8,23.7968,3.90320
2026-09-02 14:16:52,15777.9,23.7968,3.90301
2026-09-02 14:17:03,15788.0,23.7734,3.90277
2026-09-02 14:17:13,15798.1,23.7968,3.90256
2026-09-02 14:17:22,15807.8,23.8046,3.90238
2026-09-02 14:17:32,15817.9,23.7968,3.90218
2026-09-02 14:17:42,15828.0,23.7734,3.90196
2026-09-02 14:17:53,15838.0,23.7968,3.90179
2026-09-02 14:18:02,15847.7,23.7890,3.90159
2026-09-02 14:18:12,15857.8,23.7734,3.90134
2026-09-02 14:18:22,15867.9,23.7968,3.90118
2026-09-02 14:18:33,15878.0,23.7656,3.90095
2026-09-02 14:18:43,15888.1,23.7968,3.90075
2026-09-02 14:18:52,15897.8,23.7734,3.90054
2026-09-02 14:19:02,15907.8,23.7890,3.90035
2026-09-02 14:19:12,15917.9,23.7734,3.90015
2026-09-02 14:19:23,15928.0,23.7734,3.89996
2026-09-02 14:19:32,15937.7,23.7734,3.89980
2026-09-02 14:19:42,15947.8,23.7734,3.89955
2026-09-02 14:19:52,15957.9,23.7734,3.89935
2026-09-02 14:20:03,15968.0,23.7734,3.89916
2026-09-02 14:20:12,15977.7,23.7890,3.89894
2026-09-02 14:20:22,15987.7,23.7890,3.89875
2026-09-02 14:20:32,15997.8,23.7968,3.89857
2026-09-02 14:20:42,16007.9,23.7890,3.89836
2026-09-02 14:20:52,16017.6,23.7734,3.89817
2026-09-02 14:21:02,16027.7,23.7890,3.89797
2026-09-02 14:21:12,16037.8,23.7968,3.89780
2026-09-02 14:21:22,16047.9,23.7734,3.89756
2026-09-02 14:21:32,16058.0,23.7734,3.89738
2026-09-02 14:21:42,16067.6,23.7734,3.89718
2026-09-02 14:21:52,16077.7,23.7734,3.89700
2026-09-02 14:22:02,16087.8,23.7734,3.89679
2026-09-02 14:22:12,16097.9,23.7656,3.89662
2026-09-02 14:22:22,16107.6,23.7656,3.89643
2026-09-02 14:22:32,16117.7,23.7656,3.89619
2026-09-02 14:22:42,16127.8,23.7890,3.89600
2026-09-02 14:22:52,16137.8,23.7734,3.89585
2026-09-02 14:23:02,16147.5,23.7578,3.89567
2026-09-02 14:23:12,16157.6,23.7968,3.89544
2026-09-02 14:23:22,16167.7,23.7890,3.89525
2026-09-02 14:23:32,16177.8,23.7734,3.89508
2026-09-02 14:23:42,16187.9,23.7890,3.89486
2026-09-02 14:23:52,16197.6,23.7734,3.89465
2026-09-02 14:24:02,16207.6,23.7734,3.89448
2026-09-02 14:24:12,16217.7,23.7968,3.89433
2026-09-02 14:24:22,16227.8,23.7734,3.89409
2026-09-02 14:24:32,16237.5,23.7734,3.89390
2026-09-02 14:24:42,16247.6,23.7890,3.89370
2026-09-02 14:24:52,16257.7,23.7890,3.89355
2026-09-02 14:25:02,16267.8,23.7890,3.89332
2026-09-02 14:25:12,16277.5,23.7734,3.89313
2026-09-02 14:25:22,16287.5,23.7734,3.89294
2026-09-02 14:25:32,16297.6,23.7890,3.89280
2026-09-02 14:25:42,16307.7,23.7734,3.89259
2026-09-02 14:25:52,16317.4,23.7734,3.89239
2026-09-02 14:26:02,16327.5,23.8046,3.89222
2026-09-02 14:26:12,16337.6,23.7656,3.89203
2026-09-02 14:26:22,16347.7,23.7890,3.89183
2026-09-02 14:26:32,16357.3,23.7734,3.89166
2026-09-02 14:26:42,16367.4,23.7968,3.89148
2026-09-02 14:26:52,16377.5,23.7890,3.89128
2026-09-02 14:27:02,16387.6,23.7968,3.89109
2026-09-02 14:27:12,16397.7,23.7734,3.89089
2026-09-02 14:27:22,16407.4,23.7968,3.89070
2026-09-02 14:27:32,16417.5,23.7656,3.89052
2026-09-02 14:27:42,16427.5,23.7734,3.89038
2026-09-02 14:27:52,16437.6,23.7734,3.89015
2026-09-02 14:28:02,16447.3,23.7968,3.88998
2026-09-02 14:28:12,16457.4,23.8046,3.88981
2026-09-02 14:28:22,16467.5,23.7890,3.88963
2026-09-02 14:28:32,16477.6,23.7734,3.88946
2026-09-02 14:28:42,16487.3,23.7968,3.88930
2026-09-02 14:28:52,16497.4,23.7734,3.88911
2026-09-02 14:29:02,16507.4,23.7656,3.88892
2026-09-02 14:29:12,16517.5,23.7968,3.88876
2026-09-02 14:29:22,16527.6,23.7890,3.88858
2026-09-02 14:29:32,16537.3,23.7734,3.88838
2026-09-02 14:29:42,16547.4,23.8046,3.88821
2026-09-02 14:29:52,16557.5,23.7890,3.88803
2026-09-02 14:30:02,16567.6,23.7890,3.88789
2026-09-02 14:30:12,16577.2,23.7968,3.88770
2026-09-02 14:30:22,16587.3,23.7968,3.88750
2026-09-02 14:30:32,16597.4,23.7656,3.88731
2026-09-02 14:30:42,16607.5,23.7734,3.88715
2026-09-02 14:30:52,16617.2,23.7890,3.88698
2026-09-02 14:31:02,16627.3,23.7968,3.88682
2026-09-02 14:31:12,16637.4,23.7890,3.88661
2026-09-02 14:31:22,16647.5,23.7890,3.88642
2026-09-02 14:31:32,16657.1,23.7968,3.88625
2026-09-02 14:31:42,16667.2,23.7734,3.88608
2026-09-02 14:31:52,16677.3,23.7968,3.88594
2026-09-02 14:32:02,16687.4,23.7890,3.88574
2026-09-02 14:32:12,16697.5,23.7656,3.88554
2026-09-02 14:32:22,16707.2,23.7656,3.88537
2026-09-02 14:32:32,16717.3,23.7734,3.88521
2026-09-02 14:32:42,16727.4,23.7734,3.88503
2026-09-02 14:32:52,16737.4,23.7968,3.88490
2026-09-02 14:33:02,16747.1,23.7890,3.88472
2026-09-02 14:33:12,16757.2,23.7890,3.88451
2026-09-02 14:33:22,16767.3,23.7890,3.88434
2026-09-02 14:33:32,16777.4,23.7890,3.88415
2026-09-02 14:33:42,16787.1,23.7656,3.88398
2026-09-02 14:33:52,16797.2,23.7734,3.88385
2026-09-02 14:34:02,16807.2,23.7734,3.88366
2026-09-02 14:34:12,16817.3,23.7656,3.88349
2026-09-02 14:34:22,16827.0,23.7656,3.88332
2026-09-02 14:34:32,16837.1,23.7734,3.88312
2026-09-02 14:34:42,16847.2,23.7890,3.88296
2026-09-02 14:34:52,16857.3,23.7656,3.88282
2026-09-02 14:35:02,16867.4,23.7656,3.88266
2026-09-02 14:35:12,16877.0,23.7734,3.88250
2026-09-02 14:35:22,16887.1,23.7890,3.88230
2026-09-02 14:35:32,16897.2,23.7734,3.88211
2026-09-02 14:35:42,16907.3,23.7734,3.88194
2026-09-02 14:35:52,16917.0,23.7734,3.88180
2026-09-02 14:36:02,16927.1,23.7890,3.88162
2026-09-02 14:36:12,16937.2,23.7890,3.88149
2026-09-02 14:36:22,16947.3,23.7656,3.88130
2026-09-02 14:36:31,16956.9,23.7968,3.88113
2026-09-02 14:36:42,16967.0,23.7734,3.88095
2026-09-02 14:36:52,16977.1,23.7578,3.88078
2026-09-02 14:37:02,16987.2,23.7968,3.88061
2026-09-02 14:37:11,16996.9,23.7890,3.88046
2026-09-02 14:37:22,17007.0,23.7890,3.88030
2026-09-02 14:37:32,17017.1,23.7890,3.88015
2026-09-02 14:37:42,17027.2,23.7968,3.87997
2026-09-02 14:37:52,17037.2,23.7734,3.87976
2026-09-02 14:38:01,17046.9,23.7968,3.87961
2026-09-02 14:38:12,17057.0,23.7890,3.87944
2026-09-02 14:38:22,17067.1,23.7656,3.87928
2026-09-02 14:38:32,17077.2,23.7890,3.87914
2026-09-02 14:38:41,17086.9,23.7656,3.87894
2026-09-02 14:38:52,17097.0,23.7890,3.87882
2026-09-02 14:39:02,17107.0,23.7890,3.87868
2026-09-02 14:39:12,17117.1,23.7890,3.87846
2026-09-02 14:39:21,17126.8,23.7734,3.87833
2026-09-02 14:39:31,17136.9,23.7890,3.87814
2026-09-02 14:39:42,17147.0,23.7890,3.87798
2026-09-02 14:39:52,17157.1,23.7734,3.87783
2026-09-02 14:40:02,17167.2,23.7968,3.87767
2026-09-02 14:40:11,17176.8,23.8046,3.87750
2026-09-02 14:40:21,17186.9,23.7890,3.87734
2026-09-02 14:40:32,17197.0,23.8046,3.87720
2026-09-02 14:40:42,17207.1,23.7890,3.87702
2026-09-02 14:40:51,17216.8,23.8125,3.87688
2026-09-02 14:41:01,17226.9,23.7968,3.87672
2026-09-02 14:41:12,17237.0,23.7968,3.87651
2026-09-02 14:41:22,17247.1,23.7890,3.87637
2026-09-02 14:41:31,17256.8,23.7968,3.87622
2026-09-02 14:41:41,17266.8,23.7890,3.87606
2026-09-02 14:41:51,17276.9,23.7968,3.87591
2026-09-02 14:42:02,17287.0,23.7968,3.87574
2026-09-02 14:42:11,17296.7,23.7968,3.87557
2026-09-02 14:42:21,17306.8,23.7734,3.87542
2026-09-02 14:42:31,17316.9,23.7968,3.87527
2026-09-02 14:42:42,17327.0,23.7968,3.87514
2026-09-02 14:42:51,17336.6,23.7890,3.87499
2026-09-02 14:43:01,17346.7,23.7968,3.87482
2026-09-02 14:43:11,17356.8,23.7968,3.87463
2026-09-02 14:43:21,17366.9,23.8046,3.87447
2026-09-02 14:43:32,17377.0,23.7968,3.87431
2026-09-02 14:43:41,17386.7,23.8046,3.87414
2026-09-02 14:43:51,17396.8,23.7890,3.87398
2026-09-02 14:44:01,17406.8,23.8046,3.87386
2026-09-02 14:44:11,17416.9,23.8046,3.87367
2026-09-02 14:44:21,17426.6,23.8125,3.87356
2026-09-02 14:44:31,17436.7,23.7968,3.87339
2026-09-02 14:44:41,17446.8,23.8046,3.87325
2026-09-02 14:44:51,17456.9,23.7890,3.87309
2026-09-02 14:45:01,17466.6,23.8046,3.87292
2026-09-02 14:45:11,17476.7,23.7968,3.87277
2026-09-02 14:45:21,17486.7,23.8125,3.87262
2026-09-02 14:45:31,17496.8,23.8203,3.87250
2026-09-02 14:45:41,17506.5,23.8203,3.87233
2026-09-02 14:45:51,17516.6,23.8125,3.87220
2026-09-02 14:46:01,17526.7,23.8046,3.87202
2026-09-02 14:46:11,17536.8,23.8125,3.87184
2026-09-02 14:46:21,17546.5,23.8281,3.87174
2026-09-02 14:46:31,17556.5,23.8125,3.87155
2026-09-02 14:46:41,17566.6,23.8203,3.87138
2026-09-02 14:46:51,17576.7,23.8125,3.87123
2026-09-02 14:47:01,17586.4,23.8359,3.87109
2026-09-02 14:47:11,17596.5,23.8203,3.87092
2026-09-02 14:47:21,17606.6,23.8203,3.87076
2026-09-02 14:47:31,17616.7,23.8203,3.87061
2026-09-02 14:47:41,17626.3,23.8203,3.87049
2026-09-02 14:47:51,17636.4,23.8203,3.87031
2026-09-02 14:48:01,17646.5,23.8203,3.87018
2026-09-02 14:48:11,17656.6,23.8281,3.87001
2026-09-02 14:48:21,17666.7,23.8359,3.86989
2026-09-02 14:48:31,17676.4,23.8359,3.86971
2026-09-02 14:48:41,17686.5,23.8281,3.86955
2026-09-02 14:48:51,17696.6,23.8125,3.86942
2026-09-02 14:49:01,17706.6,23.8281,3.86926
2026-09-02 14:49:11,17716.3,23.8203,3.86911
2026-09-02 14:49:21,17726.4,23.8437,3.86898
2026-09-02 14:49:31,17736.5,23.8281,3.86882
2026-09-02 14:49:41,17746.6,23.8281,3.86867
2026-09-02 14:49:51,17756.3,23.8359,3.86851
2026-09-02 14:50:01,17766.4,23.8281,3.86839
2026-09-02 14:50:11,17776.5,23.8359,3.86822
2026-09-02 14:50:21,17786.5,23.8437,3.86806
2026-09-02 14:50:31,17796.2,23.8359,3.86793
2026-09-02 14:50:41,17806.3,23.8203,3.86781
2026-09-02 14:50:51,17816.4,23.8359,3.86765
2026-09-02 14:51:01,17826.5,23.8203,3.86750
2026-09-02 14:51:11,17836.2,23.8281,3.86735
2026-09-02 14:51:21,17846.2,23.8359,3.86721
2026-09-02 14:51:31,17856.3,23.8593,3.86707
2026-09-02 14:51:41,17866.4,23.8437,3.86689
2026-09-02 14:51:51,17876.5,23.8359,3.86674
2026-09-02 14:52:01,17886.2,23.8437,3.86660
2026-09-02 14:52:11,17896.3,23.8359,3.86645
2026-09-02 14:52:21,17906.4,23.8437,3.86634
2026-09-02 14:52:31,17916.5,23.8437,3.86618
2026-09-02 14:52:41,17926.2,23.8203,3.86603
2026-09-02 14:52:51,17936.2,23.8281,3.86587
2026-09-02 14:53:01,17946.3,23.8750,3.86575
2026-09-02 14:53:11,17956.4,23.8359,3.86559
2026-09-02 14:53:21,17966.5,23.8359,3.86547
2026-09-02 14:53:31,17976.2,23.8281,3.86531
2026-09-02 14:53:41,17986.3,23.8281,3.86517
2026-09-02 14:53:51,17996.4,23.8437,3.86503
2026-09-02 14:54:01,18006.5,23.8281,3.86487
2026-09-02 14:54:11,18016.1,23.8281,3.86475
2026-09-02 14:54:21,18026.2,23.8281,3.86459
2026-09-02 14:54:31,18036.3,23.8593,3.86447
2026-09-02 14:54:41,18046.4,23.8281,3.86432
2026-09-02 14:54:51,18056.1,23.8359,3.86421
2026-09-02 14:55:01,18066.2,23.8515,3.86406
2026-09-02 14:55:11,18076.2,23.8203,3.86391
2026-09-02 14:55:21,18086.3,23.8203,3.86376
2026-09-02 14:55:31,18096.0,23.8515,3.86361
2026-09-02 14:55:41,18106.1,23.8437,3.86348
2026-09-02 14:55:51,18116.2,23.8281,3.86335
2026-09-02 14:56:01,18126.3,23.8281,3.86319
2026-09-02 14:56:11,18136.0,23.8359,3.86304
2026-09-02 14:56:21,18146.1,23.8437,3.86290
2026-09-02 14:56:31,18156.1,23.8281,3.86274
2026-09-02 14:56:41,18166.2,23.8281,3.86262
2026-09-02 14:56:51,18176.3,23.8437,3.86247
2026-09-02 14:57:01,18186.0,23.8281,3.86231
2026-09-02 14:57:11,18196.1,23.8437,3.86220
2026-09-02 14:57:21,18206.2,23.8281,3.86203
2026-09-02 14:57:31,18216.3,23.8437,3.86190
2026-09-02 14:57:41,18226.0,23.8281,3.86176
2026-09-02 14:57:51,18236.0,23.8437,3.86165
2026-09-02 14:58:01,18246.1,23.8359,3.86151
2026-09-02 14:58:11,18256.2,23.8359,3.86135
2026-09-02 14:58:20,18265.9,23.8437,3.86125
2026-09-02 14:58:31,18276.0,23.8203,3.86110
2026-09-02 14:58:41,18286.1,23.8359,3.86097
2026-09-02 14:58:51,18296.2,23.8437,3.86083
2026-09-02 14:59:00,18305.8,23.8359,3.86065
2026-09-02 14:59:10,18315.9,23.8359,3.86052
2026-09-02 14:59:21,18326.0,23.8359,3.86040
2026-09-02 14:59:31,18336.1,23.8437,3.86024
2026-09-02 14:59:40,18345.8,23.8281,3.86011
2026-09-02 14:59:50,18355.9,23.8437,3.85996
2026-09-02 15:00:01,18366.0,23.8359,3.85985
2026-09-02 15:00:11,18376.0,23.8359,3.85971
2026-09-02 15:00:20,18385.7,23.8437,3.85962
2026-09-02 15:00:30,18395.8,23.8437,3.85948
2026-09-02 15:00:40,18405.9,23.8437,3.85932
2026-09-02 15:00:51,18416.0,23.8359,3.85919
2026-09-02 15:01:00,18425.7,23.8281,3.85901
2026-09-02 15:01:10,18435.8,23.8515,3.85890
2026-09-02 15:01:20,18445.9,23.8359,3.85876
2026-09-02 15:01:31,18455.9,23.8515,3.85863
2026-09-02 15:01:40,18465.6,23.8359,3.85849
2026-09-02 15:01:50,18475.7,23.8281,3.85834
2026-09-02 15:02:00,18485.8,23.8515,3.85822
2026-09-02 15:02:10,18495.9,23.8437,3.85808
2026-09-02 15:02:20,18505.6,23.8515,3.85797
2026-09-02 15:02:30,18515.7,23.8437,3.85783
2026-09-02 15:02:40,18525.8,23.8359,3.85769
2026-09-02 15:02:50,18535.8,23.8515,3.85756
2026-09-02 15:03:00,18545.5,23.8515,3.85740
2026-09-02 15:03:10,18555.6,23.8437,3.85726
2026-09-02 15:03:20,18565.7,23.8515,3.85715
2026-09-02 15:03:30,18575.8,23.8281,3.85700
2026-09-02 15:03:40,18585.5,23.8437,3.85693
2026-09-02 15:03:50,18595.6,23.8281,3.85677
2026-09-02 15:04:00,18605.6,23.8359,3.85664
2026-09-02 15:04:10,18615.7,23.8437,3.85649
2026-09-02 15:04:20,18625.4,23.8593,3.85633
2026-09-02 15:04:30,18635.5,23.8437,3.85620
2026-09-02 15:04:40,18645.6,23.8437,3.85608
2026-09-02 15:04:50,18655.7,23.8671,3.85594
2026-09-02 15:05:00,18665.8,23.8515,3.85580
2026-09-02 15:05:10,18675.5,23.8437,3.85570
2026-09-02 15:05:20,18685.5,23.8515,3.85555
2026-09-02 15:05:30,18695.6,23.8515,3.85543
2026-09-02 15:05:40,18705.7,23.8671,3.85529
2026-09-02 15:05:50,18715.4,23.8515,3.85513
2026-09-02 15:06:00,18725.5,23.8593,3.85501
2026-09-02 15:06:10,18735.6,23.8515,3.85487
2026-09-02 15:06:20,18745.7,23.8593,3.85475
2026-09-02 15:06:30,18755.3,23.8515,3.85466
2026-09-02 15:06:40,18765.4,23.8515,3.85449
2026-09-02 15:06:50,18775.5,23.8515,3.85437
2026-09-02 15:07:00,18785.6,23.8671,3.85422
2026-09-02 15:07:10,18795.3,23.8515,3.85410
2026-09-02 15:07:20,18805.4,23.8515,3.85398
2026-09-02 15:07:30,18815.5,23.8437,3.85383
2026-09-02 15:07:40,18825.5,23.8671,3.85374
2026-09-02 15:07:50,18835.2,23.8515,3.85359
2026-09-02 15:08:00,18845.3,23.8671,3.85343
2026-09-02 15:08:10,18855.4,23.8750,3.85331
2026-09-02 15:08:20,18865.5,23.8593,3.85318
2026-09-02 15:08:30,18875.2,23.8359,3.85308
2026-09-02 15:08:40,18885.3,23.8515,3.85296
2026-09-02 15:08:50,18895.4,23.8593,3.85284
2026-09-02 15:09:00,18905.0,23.8515,3.85268
2026-09-02 15:09:10,18915.1,23.8515,3.85256
2026-09-02 15:09:20,18925.2,23.8437,3.85242
2026-09-02 15:09:30,18935.3,23.8359,3.85227
2026-09-02 15:09:40,18945.4,23.8515,3.85217
2026-09-02 15:09:50,18955.1,23.8671,3.85205
2026-09-02 15:10:00,18965.2,23.8671,3.85191
2026-09-02 15:10:10,18975.2,23.8593,3.85179
2026-09-02 15:10:20,18985.3,23.8593,3.85167
2026-09-02 15:10:30,18995.0,23.8359,3.85153
2026-09-02 15:10:40,19005.1,23.8593,3.85143
2026-09-02 15:10:50,19015.2,23.8671,3.85133
2026-09-02 15:11:00,19025.3,23.8671,3.85116
2026-09-02 15:11:10,19035.0,23.8593,3.85104
2026-09-02 15:11:20,19045.0,23.8515,3.85090
2026-09-02 15:11:30,19055.1,23.8593,3.85080
2026-09-02 15:11:40,19065.2,23.8671,3.85069
2026-09-02 15:11:49,19074.9,23.8593,3.85055
2026-09-02 15:12:00,19085.0,23.8750,3.85039
2026-09-02 15:12:10,19095.1,23.8593,3.85030
2026-09-02 15:12:20,19105.2,23.8515,3.85015
2026-09-02 15:12:29,19114.9,23.8671,3.85006
2026-09-02 15:12:40,19125.0,23.8828,3.84993
2026-09-02 15:12:50,19135.0,23.8750,3.84979
2026-09-02 15:13:00,19145.1,23.8671,3.84965
2026-09-02 15:13:09,19154.8,23.8593,3.84954
2026-09-02 15:13:19,19164.9,23.8671,3.84944
2026-09-02 15:13:30,19175.0,23.8671,3.84934
2026-09-02 15:13:40,19185.1,23.8671,3.84917
2026-09-02 15:13:50,19195.2,23.8671,3.84906
2026-09-02 15:13:59,19204.8,23.8671,3.84890
2026-09-02 15:14:09,19214.9,23.8671,3.84880
2026-09-02 15:14:20,19225.0,23.8593,3.84869
2026-09-02 15:14:30,19235.1,23.8593,3.84858
2026-09-02 15:14:39,19244.8,23.8593,3.84841
2026-09-02 15:14:49,19254.9,23.8437,3.84828
2026-09-02 15:15:00,19265.0,23.8671,3.84818
2026-09-02 15:15:10,19275.0,23.8671,3.84806
2026-09-02 15:15:19,19284.7,23.8906,3.84795
2026-09-02 15:15:29,19294.8,23.8750,3.84781
2026-09-02 15:15:39,19304.9,23.8671,3.84769
2026-09-02 15:15:50,19315.0,23.8828,3.84757
2026-09-02 15:15:59,19324.7,23.8828,3.84748
2026-09-02 15:16:09,19334.8,23.8906,3.84732
2026-09-02 15:16:19,19344.9,23.8906,3.84721
2026-09-02 15:16:30,19354.9,23.8750,3.84707
2026-09-02 15:16:39,19364.6,23.8828,3.84699
2026-09-02 15:16:49,19374.7,23.9062,3.84686
2026-09-02 15:16:59,19384.8,23.8906,3.84675
2026-09-02 15:17:09,19394.9,23.8828,3.84659
2026-09-02 15:17:19,19404.6,23.8750,3.84647
2026-09-02 15:17:29,19414.7,23.8515,3.84640
2026-09-02 15:17:39,19424.8,23.8750,3.84624
2026-09-02 15:17:49,19434.8,23.8828,3.84611
2026-09-02 15:17:59,19444.5,23.8671,3.84601
2026-09-02 15:18:09,19454.6,23.8671,3.84591
2026-09-02 15:18:19,19464.7,23.8750,3.84578
2026-09-02 15:18:29,19474.8,23.8750,3.84563
2026-09-02 15:18:39,19484.5,23.8906,3.84550
2026-09-02 15:18:49,19494.5,23.8750,3.84543
2026-09-02 15:18:59,19504.6,23.8750,3.84531
2026-09-02 15:19:09,19514.7,23.8906,3.84518
2026-09-02 15:19:19,19524.4,23.8750,3.84503
2026-09-02 15:19:29,19534.5,23.8828,3.84493
2026-09-02 15:19:39,19544.6,23.8515,3.84484
2026-09-02 15:19:49,19554.7,23.8593,3.84470
2026-09-02 15:19:59,19564.8,23.8750,3.84457
2026-09-02 15:20:09,19574.4,23.8671,3.84446
2026-09-02 15:20:19,19584.5,23.8906,3.84436
2026-09-02 15:20:29,19594.6,23.8671,3.84421
2026-09-02 15:20:39,19604.3,23.8593,3.84409
2026-09-02 15:20:49,19614.4,23.8671,3.84397
2026-09-02 15:20:59,19624.5,23.8671,3.84389
2026-09-02 15:21:09,19634.6,23.8671,3.84373
2026-09-02 15:21:19,19644.2,23.8750,3.84361
2026-09-02 15:21:29,19654.3,23.8671,3.84350
2026-09-02 15:21:39,19664.4,23.8593,3.84342
2026-09-02 15:21:49,19674.5,23.8671,3.84328
2026-09-02 15:21:59,19684.6,23.8671,3.84314
2026-09-02 15:22:09,19694.3,23.8437,3.84304
2026-09-02 15:22:19,19704.4,23.8593,3.84295
2026-09-02 15:22:29,19714.5,23.8515,3.84280
2026-09-02 15:22:39,19724.5,23.8593,3.84270
2026-09-02 15:22:49,19734.2,23.8671,3.84259
2026-09-02 15:22:59,19744.3,23.8671,3.84247
2026-09-02 15:23:09,19754.4,23.8671,3.84233
2026-09-02 15:23:19,19764.1,23.8593,3.84221
2026-09-02 15:23:29,19774.2,23.8750,3.84214
2026-09-02 15:23:39,19784.3,23.8671,3.84199
2026-09-02 15:23:49,19794.4,23.8671,3.84185
2026-09-02 15:23:59,19804.0,23.8593,3.84178
2026-09-02 15:24:09,19814.1,23.8671,3.84166
2026-09-02 15:24:19,19824.2,23.8750,3.84152
2026-09-02 15:24:29,19834.3,23.8671,3.84140
2026-09-02 15:24:39,19844.4,23.8750,3.84128
2026-09-02 15:24:49,19854.1,23.8671,3.84120
2026-09-02 15:24:59,19864.2,23.8750,3.84105
2026-09-02 15:25:09,19874.2,23.8750,3.84091
2026-09-02 15:25:19,19884.3,23.8671,3.84084
2026-09-02 15:25:29,19894.0,23.8437,3.84068
2026-09-02 15:25:39,19904.1,23.8671,3.84058
2026-09-02 15:25:49,19914.2,23.8437,3.84047
2026-09-02 15:25:59,19924.3,23.8593,3.84037
2026-09-02 15:26:09,19934.0,23.8593,3.84023
2026-09-02 15:26:19,19944.0,23.8750,3.84012
2026-09-02 15:26:29,19954.1,23.8750,3.84005
2026-09-02 15:26:39,19964.2,23.8671,3.83990
2026-09-02 15:26:48,19973.9,23.8515,3.83978
2026-09-02 15:26:59,19984.0,23.8671,3.83971
2026-09-02 15:27:09,19994.1,23.8593,3.83957
2026-09-02 15:27:19,20004.2,23.8593,3.83943
2026-09-02 15:27:28,20013.9,23.8750,3.83936
2026-09-02 15:27:39,20023.9,23.8671,3.83923
2026-09-02 15:27:49,20034.0,23.8593,3.83910
2026-09-02 15:27:59,20044.1,23.8750,3.83900
2026-09-02 15:28:08,20053.8,23.8515,3.83887
2026-09-02 15:28:18,20063.9,23.8515,3.83878
2026-09-02 15:28:29,20074.0,23.8750,3.83865
2026-09-02 15:28:39,20084.1,23.8593,3.83856
2026-09-02 15:28:48,20093.8,23.8593,3.83844
2026-09-02 15:28:58,20103.8,23.8515,3.83831
2026-09-02 15:29:09,20113.9,23.8515,3.83824
2026-09-02 15:29:19,20124.0,23.8750,3.83811
2026-09-02 15:29:28,20133.7,23.8515,3.83799
2026-09-02 15:29:38,20143.8,23.8437,3.83791
2026-09-02 15:29:48,20153.9,23.8593,3.83777
2026-09-02 15:29:59,20164.0,23.8593,3.83766
2026-09-02 15:30:08,20173.6,23.8671,3.83757
2026-09-02 15:30:18,20183.7,23.8515,3.83744
2026-09-02 15:30:28,20193.8,23.8671,3.83732
2026-09-02 15:30:38,20203.9,23.8671,3.83721
2026-09-02 15:30:48,20213.6,23.8671,3.83707
2026-09-02 15:30:58,20223.7,23.8671,3.83696
2026-09-02 15:31:08,20233.8,23.8750,3.83690
2026-09-02 15:31:18,20243.8,23.8671,3.83676
2026-09-02 15:31:28,20253.5,23.8750,3.83664
2026-09-02 15:31:38,20263.6,23.8515,3.83656
2026-09-02 15:31:48,20273.7,23.8515,3.83645
2026-09-02 15:31:58,20283.8,23.8671,3.83634
2026-09-02 15:32:08,20293.9,23.8593,3.83621
2026-09-02 15:32:18,20303.6,23.8593,3.83610
2026-09-02 15:32:28,20313.7,23.8750,3.83598
2026-09-02 15:32:38,20323.8,23.8671,3.83588
2026-09-02 15:32:48,20333.4,23.8671,3.83576
2026-09-02 15:32:58,20343.5,23.8671,3.83565
2026-09-02 15:33:08,20353.6,23.8671,3.83556
2026-09-02 15:33:18,20363.7,23.8593,3.83544
2026-09-02 15:33:28,20373.4,23.8750,3.83534
2026-09-02 15:33:38,20383.5,23.8671,3.83525
2026-09-02 15:33:48,20393.5,23.8593,3.83510
2026-09-02 15:33:58,20403.6,23.8671,3.83499
2026-09-02 15:34:08,20413.3,23.8593,3.83490
2026-09-02 15:34:18,20423.4,23.8671,3.83480
2026-09-02 15:34:28,20433.5,23.8515,3.83466
2026-09-02 15:34:38,20443.6,23.8671,3.83459
2026-09-02 15:34:48,20453.3,23.8750,3.83444
2026-09-02 15:34:58,20463.4,23.8828,3.83438
2026-09-02 15:35:08,20473.4,23.8671,3.83425
2026-09-02 15:35:18,20483.5,23.8515,3.83411
2026-09-02 15:35:28,20493.2,23.8593,3.83403
2026-09-02 15:35:38,20503.3,23.8671,3.83389
2026-09-02 15:35:48,20513.4,23.8671,3.83380
2026-09-02 15:35:58,20523.5,23.8593,3.83372
2026-09-02 15:36:08,20533.2,23.8593,3.83357
2026-09-02 15:36:18,20543.2,23.8437,3.83351
2026-09-02 15:36:28,20553.3,23.8750,3.83337
2026-09-02 15:36:38,20563.4,23.8671,3.83328
2026-09-02 15:36:48,20573.1,23.8828,3.83317
2026-09-02 15:36:58,20583.2,23.8515,3.83304
2026-09-02 15:37:08,20593.3,23.8750,3.83294
2026-09-02 15:37:18,20603.4,23.8671,3.83287
2026-09-02 15:37:28,20613.5,23.8750,3.83271
2026-09-02 15:37:38,20623.1,23.8593,3.83263
2026-09-02 15:37:48,20633.2,23.8593,3.83251
2026-09-02 15:37:58,20643.3,23.8828,3.83239
2026-09-02 15:38:08,20653.0,23.8671,3.83230
2026-09-02 15:38:18,20663.1,23.8828,3.83220
2026-09-02 15:38:28,20673.2,23.8750,3.83209
2026-09-02 15:38:38,20683.3,23.8671,3.83199
2026-09-02 15:38:48,20692.9,23.8828,3.83185
2026-09-02 15:38:58,20703.0,23.8750,3.83180
2026-09-02 15:39:08,20713.1,23.8671,3.83164
2026-09-02 15:39:18,20723.2,23.8593,3.83155
2026-09-02 15:39:27,20732.9,23.8906,3.83146
2026-09-02 15:39:38,20743.0,23.8828,3.83132
2026-09-02 15:39:48,20753.1,23.8671,3.83125
2026-09-02 15:39:58,20763.2,23.8828,3.83115
2026-09-02 15:40:07,20772.8,23.8750,3.83105
2026-09-02 15:40:18,20782.9,23.9140,3.83094
2026-09-02 15:40:28,20793.0,23.8828,3.83083
2026-09-02 15:40:38,20803.1,23.8750,3.83074
2026-09-02 15:40:48,20813.2,23.8828,3.83062
2026-09-02 15:40:57,20822.9,23.8906,3.83051
2026-09-02 15:41:08,20833.0,23.8906,3.83042
2026-09-02 15:41:18,20843.0,23.8828,3.83030
2026-09-02 15:41:28,20853.1,23.9062,3.83017
2026-09-02 15:41:37,20862.8,23.8906,3.83009
2026-09-02 15:41:47,20872.9,23.8906,3.82999
2026-09-02 15:41:58,20883.0,23.8906,3.82989
2026-09-02 15:42:07,20892.7,23.9062,3.82976
2026-09-02 15:42:17,20902.8,23.9062,3.82969
2026-09-02 15:42:27,20912.9,23.9062,3.82955
2026-09-02 15:42:38,20922.9,23.8906,3.82946
2026-09-02 15:42:48,20933.0,23.9062,3.82937
2026-09-02 15:42:57,20942.7,23.9062,3.82925
2026-09-02 15:43:07,20952.8,23.8828,3.82916
2026-09-02 15:43:17,20962.9,23.9062,3.82905
2026-09-02 15:43:27,20972.6,23.8906,3.82896
2026-09-02 15:43:37,20982.7,23.9140,3.82884
2026-09-02 15:43:47,20992.8,23.9062,3.82871
2026-09-02 15:43:57,21002.8,23.8906,3.82864
2026-09-02 15:44:07,21012.5,23.9062,3.82850
2026-09-02 15:44:17,21022.6,23.9062,3.82842
2026-09-02 15:44:27,21032.7,23.9140,3.82830
2026-09-02 15:44:37,21042.8,23.9218,3.82822
2026-09-02 15:44:47,21052.5,23.9140,3.82810
2026-09-02 15:44:57,21062.5,23.9140,3.82802
2026-09-02 15:45:07,21072.6,23.9218,3.82791
2026-09-02 15:45:17,21082.7,23.9062,3.82780
2026-09-02 15:45:27,21092.4,23.8906,3.82769
2026-09-02 15:45:37,21102.5,23.9218,3.82758
2026-09-02 15:45:47,21112.6,23.9140,3.82751
2026-09-02 15:45:57,21122.7,23.9140,3.82740
2026-09-02 15:46:07,21132.4,23.9062,3.82732
2026-09-02 15:46:17,21142.4,23.9140,3.82720
2026-09-02 15:46:27,21152.5,23.9140,3.82706
2026-09-02 15:46:37,21162.6,23.9062,3.82701
2026-09-02 15:46:47,21172.3,23.8828,3.82686
2026-09-02 15:46:57,21182.4,23.9140,3.82682
2026-09-02 15:47:07,21192.5,23.9140,3.82669
2026-09-02 15:47:17,21202.6,23.9062,3.82657
2026-09-02 15:47:27,21212.2,23.8906,3.82648
2026-09-02 15:47:37,21222.3,23.9140,3.82637
2026-09-02 15:47:47,21232.4,23.9140,3.82628
2026-09-02 15:47:57,21242.5,23.9140,3.82617
2026-09-02 15:48:07,21252.2,23.9218,3.82608
2026-09-02 15:48:17,21262.3,23.8906,3.82596
2026-09-02 15:48:27,21272.4,23.9140,3.82590
2026-09-02 15:48:37,21282.5,23.9062,3.82577
2026-09-02 15:48:47,21292.1,23.9218,3.82569
2026-09-02 15:48:57,21302.2,23.9140,3.82555
2026-09-02 15:49:07,21312.3,23.9218,3.82549
2026-09-02 15:49:17,21322.4,23.9140,3.82535
2026-09-02 15:49:27,21332.1,23.9218,3.82527
2026-09-02 15:49:37,21342.2,23.9218,3.82516
2026-09-02 15:49:47,21352.3,23.9062,3.82506
2026-09-02 15:49:57,21362.3,23.9140,3.82498
2026-09-02 15:50:07,21372.0,23.9062,3.82487
2026-09-02 15:50:17,21382.1,23.9062,3.82477
2026-09-02 15:50:27,21392.2,23.9296,3.82466
2026-09-02 15:50:37,21402.3,23.8828,3.82459
2026-09-02 15:50:47,21412.0,23.9218,3.82443
2026-09-02 15:50:57,21422.1,23.9140,3.82438
2026-09-02 15:51:07,21432.2,23.8828,3.82428
2026-09-02 15:51:16,21441.8,23.9140,3.82416
2026-09-02 15:51:27,21451.9,23.9140,3.82406
2026-09-02 15:51:37,21462.0,23.9296,3.82399
2026-09-02 15:51:47,21472.1,23.9140,3.82385
2026-09-02 15:51:57,21482.2,23.9218,3.82375
2026-09-02 15:52:06,21491.9,23.9062,3.82366
2026-09-02 15:52:17,21502.0,23.9062,3.82359
2026-09-02 15:52:27,21512.0,23.9140,3.82344
2026-09-02 15:52:37,21522.1,23.9140,3.82337
2026-09-02 15:52:46,21531.8,23.9062,3.82325
2026-09-02 15:52:56,21541.9,23.9062,3.82316
2026-09-02 15:53:07,21552.0,23.9062,3.82307
2026-09-02 15:53:16,21561.7,23.9062,3.82300
2026-09-02 15:53:26,21571.8,23.9062,3.82287
2026-09-02 15:53:36,21581.9,23.8828,3.82275
2026-09-02 15:53:47,21591.9,23.9062,3.82267
2026-09-02 15:53:56,21601.6,23.8906,3.82257
2026-09-02 15:54:06,21611.7,23.8906,3.82246
2026-09-02 15:54:16,21621.8,23.8906,3.82236
2026-09-02 15:54:26,21631.9,23.8906,3.82227
2026-09-02 15:54:36,21641.6,23.8906,3.82220
2026-09-02 15:54:46,21651.7,23.9140,3.82207
2026-09-02 15:54:56,21661.8,23.9140,3.82199
2026-09-02 15:55:06,21671.8,23.8828,3.82189
2026-09-02 15:55:16,21681.5,23.8828,3.82181
2026-09-02 15:55:26,21691.6,23.9140,3.82168
2026-09-02 15:55:36,21701.7,23.8906,3.82157
2026-09-02 15:55:46,21711.8,23.9062,3.82149
2026-09-02 15:55:56,21721.5,23.9062,3.82142
2026-09-02 15:56:06,21731.5,23.8828,3.82129
2026-09-02 15:56:16,21741.6,23.8906,3.82121
2026-09-02 15:56:26,21751.7,23.8906,3.82107
2026-09-02 15:56:36,21761.4,23.9062,3.82105
2026-09-02 15:56:46,21771.5,23.8906,3.82089
2026-09-02 15:56:56,21781.6,23.9062,3.82083
2026-09-02 15:57:06,21791.7,23.8750,3.82069
2026-09-02 15:57:16,21801.4,23.9062,3.82062
2026-09-02 15:57:26,21811.5,23.8906,3.82049
2026-09-02 15:57:36,21821.5,23.8828,3.82046
2026-09-02 15:57:46,21831.6,23.8906,3.82031
2026-09-02 15:57:56,21841.3,23.9062,3.82021
2026-09-02 15:58:06,21851.4,23.8828,3.82012
2026-09-02 15:58:16,21861.5,23.8828,3.82003
2026-09-02 15:58:26,21871.6,23.8828,3.81993
2026-09-02 15:58:36,21881.2,23.9062,3.81982
2026-09-02 15:58:46,21891.3,23.8906,3.81973
2026-09-02 15:58:56,21901.4,23.9062,3.81963
2026-09-02 15:59:06,21911.5,23.9062,3.81953
2026-09-02 15:59:16,21921.2,23.8906,3.81946
2026-09-02 15:59:26,21931.3,23.9062,3.81938
2026-09-02 15:59:36,21941.4,23.8828,3.81925
2026-09-02 15:59:46,21951.5,23.8671,3.81917
2026-09-02 15:59:56,21961.1,23.8671,3.81905
2026-09-02 16:00:06,21971.2,23.8828,3.81901
2026-09-02 16:00:16,21981.3,23.8750,3.81886
2026-09-02 16:00:26,21991.4,23.8750,3.81880
2026-09-02 16:00:36,22001.1,23.9062,3.81868
2026-09-02 16:00:46,22011.2,23.8750,3.81859
2026-09-02 16:00:56,22021.3,23.8671,3.81850
2026-09-02 16:01:06,22031.4,23.8828,3.81840
2026-09-02 16:01:16,22041.0,23.8750,3.81834
2026-09-02 16:01:26,22051.1,23.8828,3.81822
2026-09-02 16:01:36,22061.2,23.8671,3.81814
2026-09-02 16:01:46,22071.3,23.8750,3.81802
2026-09-02 16:01:56,22081.0,23.8750,3.81794
2026-09-02 16:02:06,22091.1,23.8828,3.81780
2026-09-02 16:02:16,22101.2,23.8828,3.81774
2026-09-02 16:02:26,22111.2,23.8750,3.81761
2026-09-02 16:02:36,22120.9,23.8671,3.81754
2026-09-02 16:02:46,22131.0,23.8750,3.81745
2026-09-02 16:02:56,22141.1,23.8828,3.81733
2026-09-02 16:03:06,22151.2,23.8828,3.81728
2026-09-02 16:03:15,22160.9,23.8828,3.81717
2026-09-02 16:03:26,22171.0,23.8828,3.81708
2026-09-02 16:03:36,22181.0,23.8828,3.81696
2026-09-02 16:03:46,22191.1,23.8828,3.81690
2026-09-02 16:03:55,22200.8,23.8671,3.81680
2026-09-02 16:04:06,22210.9,23.8828,3.81668
2026-09-02 16:04:16,22221.0,23.8671,3.81661
2026-09-02 16:04:26,22231.1,23.8750,3.81650
2026-09-02 16:04:35,22240.8,23.8828,3.81644
2026-09-02 16:04:45,22250.9,23.8593,3.81630
2026-09-02 16:04:56,22260.9,23.8671,3.81624
2026-09-02 16:05:06,22271.0,23.8750,3.81585
2026-09-02 16:05:15,22280.7,23.8593,3.81572
2026-09-02 16:05:25,22290.8,23.8750,3.81586
2026-09-02 16:05:35,22300.9,23.8671,3.81578
2026-09-02 16:05:46,22311.0,23.8828,3.81511
2026-09-02 16:05:55,22320.7,23.8750,3.81490
2026-09-02 16:06:05,22330.8,23.8671,3.81473
2026-09-02 16:06:15,22340.8,23.8671,3.81461
2026-09-02 16:06:26,22350.9,23.8671,3.81447
2026-09-02 16:06:35,22360.6,23.8750,3.81436
2026-09-02 16:06:45,22370.7,23.8828,3.81424
2026-09-02 16:06:55,22380.8,23.8828,3.81412
2026-09-02 16:07:05,22390.9,23.9062,3.81402
2026-09-02 16:07:15,22400.6,23.9062,3.81391
2026-09-02 16:07:25,22410.6,23.8906,3.81379
2026-09-02 16:07:35,22420.7,23.8828,3.81369
2026-09-02 16:07:45,22430.8,23.9140,3.81357
2026-09-02 16:07:55,22440.5,23.9218,3.81346
2026-09-02 16:08:05,22450.6,23.9140,3.81335
2026-09-02 16:08:15,22460.7,23.9296,3.81324
2026-09-02 16:08:25,22470.8,23.9062,3.81312
2026-09-02 16:08:35,22480.5,23.9062,3.81302
2026-09-02 16:08:45,22490.5,23.9296,3.81291
2026-09-02 16:08:55,22500.6,23.9140,3.81280
2026-09-02 16:09:05,22510.7,23.9375,3.81270
2026-09-02 16:09:15,22520.4,23.9062,3.81260
2026-09-02 16:09:25,22530.5,23.9296,3.81249
2026-09-02 16:09:35,22540.6,23.9140,3.81238
2026-09-02 16:09:45,22550.2,23.9296,3.81226
2026-09-02 16:09:55,22560.3,23.9296,3.81216
2026-09-02 16:10:05,22570.4,23.9218,3.81205
2026-09-02 16:10:15,22580.5,23.9296,3.81196
2026-09-02 16:10:25,22590.6,23.9296,3.81185
2026-09-02 16:10:35,22600.3,23.9453,3.81175
2026-09-02 16:10:45,22610.4,23.9375,3.81165
2026-09-02 16:10:55,22620.5,23.9531,3.81153
2026-09-02 16:11:05,22630.5,23.9375,3.81142
2026-09-02 16:11:15,22640.2,23.9531,3.81131
2026-09-02 16:11:25,22650.3,23.9453,3.81121
2026-09-02 16:11:35,22660.4,23.9453,3.81110
2026-09-02 16:11:45,22670.1,23.9375,3.81100
2026-09-02 16:11:55,22680.2,23.9375,3.81090
2026-09-02 16:12:05,22690.3,23.9531,3.81078
2026-09-02 16:12:15,22700.4,23.9453,3.81068
2026-09-02 16:12:25,22710.4,23.9375,3.81057
2026-09-02 16:12:35,22720.1,23.9687,3.81048
2026-09-02 16:12:45,22730.2,23.9531,3.81039
2026-09-02 16:12:55,22740.3,23.9375,3.81027
2026-09-02 16:13:05,22750.4,23.9453,3.81017
2026-09-02 16:13:15,22760.1,23.9375,3.81006
2026-09-02 16:13:25,22770.2,23.9375,3.80996
2026-09-02 16:13:35,22780.2,23.9531,3.80985
2026-09-02 16:13:45,22790.3,23.9453,3.80975
2026-09-02 16:13:55,22800.0,23.9296,3.80965
2026-09-02 16:14:05,22810.1,23.9296,3.80954
2026-09-02 16:14:15,22820.2,23.9375,3.80944
2026-09-02 16:14:25,22830.3,23.9531,3.80933
2026-09-02 16:14:35,22840.0,23.9453,3.80923
2026-09-02 16:14:45,22850.1,23.9453,3.80913
2026-09-02 16:14:55,22860.1,23.9453,3.80901
2026-09-02 16:15:05,22870.2,23.9453,3.80892
2026-09-02 16:15:15,22879.9,23.9375,3.80883
2026-09-02 16:15:25,22890.0,23.9375,3.80872
2026-09-02 16:15:35,22900.1,23.9687,3.80862
2026-09-02 16:15:45,22910.2,23.9375,3.80851
2026-09-02 16:15:54,22919.9,23.9453,3.80842
2026-09-02 16:16:05,22930.0,23.9609,3.80832
2026-09-02 16:16:15,22940.0,23.9531,3.80821
2026-09-02 16:16:25,22950.1,23.9375,3.80811
2026-09-02 16:16:35,22960.2,23.9453,3.80799
2026-09-02 16:16:44,22969.9,23.9531,3.80790
2026-09-02 16:16:55,22980.0,23.9531,3.80780
2026-09-02 16:17:05,22990.1,23.9531,3.80770
2026-09-02 16:17:15,23000.2,23.9531,3.80760
2026-09-02 16:17:24,23009.8,23.9453,3.80749
2026-09-02 16:17:35,23019.9,23.9453,3.80740
2026-09-02 16:17:45,23030.0,23.9531,3.80731
2026-09-02 16:17:55,23040.1,23.9453,3.80718
2026-09-02 16:18:04,23049.8,23.9453,3.80709
2026-09-02 16:18:14,23059.9,23.9531,3.80699
2026-09-02 16:18:25,23070.0,23.9453,3.80689
2026-09-02 16:18:35,23080.0,23.9375,3.80678
2026-09-02 16:18:44,23089.7,23.9765,3.80668
2026-09-02 16:18:54,23099.8,23.9453,3.80658
2026-09-02 16:19:05,23109.9,23.9296,3.80649
2026-09-02 16:19:15,23120.0,23.9687,3.80637
2026-09-02 16:19:24,23129.7,23.9531,3.80628
2026-09-02 16:19:34,23139.8,23.9531,3.80620
2026-09-02 16:19:44,23149.9,23.9531,3.80607
2026-09-02 16:19:55,23159.9,23.9375,3.80597
2026-09-02 16:20:05,23170.0,23.9531,3.80587
2026-09-02 16:20:14,23179.7,23.9453,3.80577
2026-09-02 16:20:24,23189.8,23.9375,3.80567
2026-09-02 16:20:34,23199.9,23.9531,3.80557
2026-09-02 16:20:45,23210.0,23.9531,3.80547
2026-09-02 16:20:54,23219.7,23.9375,3.80537
2026-09-02 16:21:04,23229.8,23.9531,3.80527
2026-09-02 16:21:14,23239.8,23.9453,3.80517
2026-09-02 16:21:25,23249.9,23.9453,3.80508
2026-09-02 16:21:34,23259.6,23.9453,3.80496
2026-09-02 16:21:44,23269.7,23.9531,3.80487
2026-09-02 16:21:54,23279.8,23.9453,3.80477
2026-09-02 16:22:04,23289.9,23.9531,3.80467
2026-09-02 16:22:14,23299.5,23.9609,3.80458
2026-09-02 16:22:24,23309.6,23.9453,3.80447
2026-09-02 16:22:34,23319.7,23.9531,3.80438
2026-09-02 16:22:44,23329.8,23.9375,3.80427
2026-09-02 16:22:55,23339.9,23.9531,3.80417
2026-09-02 16:23:04,23349.6,23.9453,3.80408
2026-09-02 16:23:14,23359.7,23.9609,3.80398
2026-09-02 16:23:24,23369.8,23.9531,3.80387
2026-09-02 16:23:34,23379.8,23.9375,3.80378
2026-09-02 16:23:44,23389.5,23.9453,3.80368
2026-09-02 16:23:54,23399.6,23.9453,3.80358
2026-09-02 16:24:04,23409.7,23.9453,3.80348
2026-09-02 16:24:14,23419.8,23.9687,3.80339
2026-09-02 16:24:24,23429.5,23.9531,3.80329
2026-09-02 16:24:34,23439.6,23.9609,3.80319
2026-09-02 16:24:44,23449.7,23.9453,3.80310
2026-09-02 16:24:54,23459.8,23.9453,3.80298
2026-09-02 16:25:04,23469.4,23.9453,3.80290
2026-09-02 16:25:14,23479.5,23.9453,3.80280
2026-09-02 16:25:24,23489.6,23.9531,3.80269
2026-09-02 16:25:34,23499.7,23.9453,3.80260
2026-09-02 16:25:44,23509.8,23.9375,3.80250
2026-09-02 16:25:54,23519.5,23.9609,3.80242
2026-09-02 16:26:04,23529.5,23.9453,3.80231
2026-09-02 16:26:14,23539.6,23.9453,3.80221
2026-09-02 16:26:24,23549.7,23.9453,3.80210
2026-09-02 16:26:34,23559.4,23.9609,3.80200
2026-09-02 16:26:44,23569.5,23.9453,3.80191
2026-09-02 16:26:54,23579.6,23.9531,3.80180
2026-09-02 16:27:04,23589.7,23.9453,3.80172
2026-09-02 16:27:14,23599.4,23.9531,3.80162
2026-09-02 16:27:24,23609.4,23.9609,3.80153
2026-09-02 16:27:34,23619.5,23.9453,3.80141
2026-09-02 16:27:44,23629.6,23.9609,3.80132
2026-09-02 16:27:54,23639.3,23.9453,3.80123
2026-09-02 16:28:04,23649.4,23.9531,3.80112
2026-09-02 16:28:14,23659.5,23.9453,3.80103
2026-09-02 16:28:24,23669.6,23.9375,3.80094
2026-09-02 16:28:34,23679.2,23.9531,3.80083
2026-09-02 16:28:44,23689.3,23.9531,3.80074
2026-09-02 16:28:54,23699.4,23.9609,3.80064
2026-09-02 16:29:04,23709.5,23.9453,3.80053
2026-09-02 16:29:14,23719.2,23.9531,3.80045
2026-09-02 16:29:24,23729.3,23.9687,3.80035
2026-09-02 16:29:34,23739.4,23.9375,3.80024
2026-09-02 16:29:44,23749.5,23.9609,3.80016
2026-09-02 16:29:54,23759.1,23.9375,3.80006
2026-09-02 16:30:04,23769.2,23.9609,3.79997
2026-09-02 16:30:14,23779.3,23.9375,3.79987
2026-09-02 16:30:24,23789.4,23.9609,3.79977
2026-09-02 16:30:34,23799.1,23.9375,3.79968
2026-09-02 16:30:44,23809.2,23.9531,3.79958
2026-09-02 16:30:54,23819.3,23.9609,3.79948
2026-09-02 16:31:04,23829.3,23.9375,3.79939
2026-09-02 16:31:14,23839.0,23.9453,3.79930
2026-09-02 16:31:24,23849.1,23.9531,3.79920
2026-09-02 16:31:34,23859.2,23.9375,3.79910
2026-09-02 16:31:44,23869.3,23.9531,3.79900
2026-09-02 16:31:54,23879.4,23.9687,3.79892
2026-09-02 16:32:04,23889.1,23.9218,3.79881
2026-09-02 16:32:14,23899.2,23.9453,3.79873
2026-09-02 16:32:24,23909.2,23.9453,3.79861
2026-09-02 16:32:34,23919.3,23.9375,3.79852
2026-09-02 16:32:44,23929.0,23.9531,3.79843
2026-09-02 16:32:54,23939.1,23.9375,3.79832
2026-09-02 16:33:04,23949.2,23.9687,3.79823
2026-09-02 16:33:14,23959.3,23.9375,3.79813
2026-09-02 16:33:24,23969.0,23.9296,3.79806
2026-09-02 16:33:34,23979.0,23.9375,3.79794
2026-09-02 16:33:44,23989.1,23.9453,3.79785
2026-09-02 16:33:54,23999.2,23.9453,3.79777
2026-09-02 16:34:04,24008.9,23.9609,3.79765
2026-09-02 16:34:14,24019.0,23.9453,3.79757
2026-09-02 16:34:24,24029.1,23.9453,3.79747
2026-09-02 16:34:34,24039.2,23.9531,3.79737
2026-09-02 16:34:43,24048.8,23.9375,3.79727
2026-09-02 16:34:54,24058.9,23.9375,3.79719
2026-09-02 16:35:04,24069.0,23.9375,3.79711
2026-09-02 16:35:14,24079.1,23.9453,3.79699
2026-09-02 16:35:23,24088.8,23.9296,3.79690
2026-09-02 16:35:33,24098.9,23.9375,3.79681
2026-09-02 16:35:44,24109.0,23.9375,3.79672
2026-09-02 16:35:54,24119.1,23.9453,3.79661
2026-09-02 16:36:03,24128.8,23.9453,3.79653
2026-09-02 16:36:13,24138.8,23.9375,3.79642
2026-09-02 16:36:24,24148.9,23.9453,3.79633
2026-09-02 16:36:34,24159.0,23.9296,3.79623
2026-09-02 16:36:43,24168.7,23.9296,3.79614
2026-09-02 16:36:53,24178.8,23.9453,3.79605
2026-09-02 16:37:03,24188.9,23.9375,3.79594
2026-09-02 16:37:14,24199.0,23.9531,3.79586
2026-09-02 16:37:23,24208.6,23.9531,3.79576
2026-09-02 16:37:33,24218.7,23.9375,3.79566
2026-09-02 16:37:43,24228.8,23.9375,3.79556
2026-09-02 16:37:54,24238.9,23.9375,3.79548
2026-09-02 16:38:03,24248.6,23.9453,3.79538
2026-09-02 16:38:13,24258.7,23.9296,3.79529
2026-09-02 16:38:23,24268.8,23.9375,3.79519
2026-09-02 16:38:33,24278.8,23.9531,3.79509
2026-09-02 16:38:43,24288.5,23.9531,3.79501
2026-09-02 16:38:53,24298.6,23.9375,3.79491
2026-09-02 16:39:03,24308.7,23.9531,3.79483
2026-09-02 16:39:13,24318.8,23.9453,3.79472
2026-09-02 16:39:23,24328.5,23.9531,3.79463
2026-09-02 16:39:33,24338.6,23.9453,3.79454
2026-09-02 16:39:43,24348.7,23.9375,3.79445
2026-09-02 16:39:53,24358.7,23.9375,3.79435
2026-09-02 16:40:03,24368.4,23.9453,3.79424
2026-09-02 16:40:13,24378.5,23.9453,3.79416
2026-09-02 16:40:23,24388.6,23.9296,3.79407
2026-09-02 16:40:33,24398.7,23.9453,3.79396
2026-09-02 16:40:43,24408.4,23.9453,3.79387
2026-09-02 16:40:53,24418.5,23.9375,3.79378
2026-09-02 16:41:03,24428.5,23.9453,3.79369
2026-09-02 16:41:13,24438.6,23.9453,3.79359
2026-09-02 16:41:23,24448.3,23.9453,3.79351
2026-09-02 16:41:33,24458.4,23.9296,3.79342
2026-09-02 16:41:43,24468.5,23.9531,3.79332
2026-09-02 16:41:53,24478.6,23.9375,3.79323
2026-09-02 16:42:03,24488.3,23.9296,3.79314
2026-09-02 16:42:13,24498.3,23.9453,3.79303
2026-09-02 16:42:23,24508.4,23.9453,3.79294
2026-09-02 16:42:33,24518.5,23.9531,3.79284
2026-09-02 16:42:43,24528.2,23.9296,3.79276
2026-09-02 16:42:53,24538.3,23.9531,3.79266
2026-09-02 16:43:03,24548.4,23.9453,3.79257
2026-09-02 16:43:13,24558.5,23.9453,3.79247
2026-09-02 16:43:23,24568.2,23.9375,3.79238
2026-09-02 16:43:33,24578.2,23.9296,3.79230
2026-09-02 16:43:43,24588.3,23.9609,3.79218
2026-09-02 16:43:53,24598.4,23.9453,3.79210
2026-09-02 16:44:03,24608.1,23.9453,3.79200
2026-09-02 16:44:13,24618.2,23.9453,3.79191
2026-09-02 16:44:23,24628.3,23.9609,3.79183
2026-09-02 16:44:33,24638.4,23.9609,3.79171
2026-09-02 16:44:43,24648.0,23.9375,3.79162
2026-09-02 16:44:53,24658.1,23.9453,3.79153
2026-09-02 16:45:03,24668.2,23.9453,3.79144
2026-09-02 16:45:13,24678.3,23.9609,3.79134
2026-09-02 16:45:23,24688.4,23.9453,3.79125
2026-09-02 16:45:33,24698.1,23.9453,3.79117
2026-09-02 16:45:43,24708.2,23.9531,3.79106
2026-09-02 16:45:53,24718.2,23.9375,3.79097
2026-09-02 16:46:03,24728.3,23.9375,3.79088
2026-09-02 16:46:13,24738.0,23.9453,3.79078
2026-09-02 16:46:23,24748.1,23.9453,3.79069
2026-09-02 16:46:33,24758.2,23.9375,3.79059
2026-09-02 16:46:43,24768.3,23.9375,3.79051
2026-09-02 16:46:53,24778.0,23.9218,3.79042
2026-09-02 16:47:03,24788.1,23.9296,3.79031
2026-09-02 16:47:13,24798.2,23.9375,3.79022
2026-09-02 16:47:23,24808.2,23.9453,3.79013
2026-09-02 16:47:33,24817.9,23.9296,3.79004
2026-09-02 16:47:43,24828.0,23.9375,3.78994
2026-09-02 16:47:53,24838.1,23.9453,3.78986
2026-09-02 16:48:03,24848.2,23.9218,3.78974
2026-09-02 16:48:12,24857.9,23.9453,3.78965
2026-09-02 16:48:23,24868.0,23.9375,3.78957
2026-09-02 16:48:33,24878.0,23.9375,3.78947
2026-09-02 16:48:43,24888.1,23.9375,3.78939
2026-09-02 16:48:52,24897.8,23.9296,3.78930
2026-09-02 16:49:03,24907.9,23.9375,3.78919
2026-09-02 16:49:13,24918.0,23.9375,3.78911
2026-09-02 16:49:23,24928.1,23.9218,3.78901
2026-09-02 16:49:32,24937.8,23.9218,3.78892
2026-09-02 16:49:42,24947.8,23.9296,3.78884
2026-09-02 16:49:53,24957.9,23.9453,3.78873
2026-09-02 16:50:03,24968.0,23.9296,3.78863
2026-09-02 16:50:12,24977.7,23.9296,3.78855
2026-09-02 16:50:22,24987.8,23.9218,3.78845
2026-09-02 16:50:33,24997.9,23.9296,3.78836
2026-09-02 16:50:43,25008.0,23.9296,3.78828
2026-09-02 16:50:52,25017.7,23.9296,3.78818
2026-09-02 16:51:02,25027.7,23.9375,3.78807
2026-09-02 16:51:12,25037.8,23.9375,3.78799
2026-09-02 16:51:23,25047.9,23.9375,3.78789
2026-09-02 16:51:32,25057.6,23.9375,3.78780
2026-09-02 16:51:42,25067.7,23.9453,3.78771
2026-09-02 16:51:52,25077.8,23.9296,3.78762
2026-09-02 16:52:02,25087.9,23.9296,3.78751
2026-09-02 16:52:12,25097.5,23.9375,3.78741
2026-09-02 16:52:22,25107.6,23.9453,3.78734
2026-09-02 16:52:32,25117.7,23.9375,3.78724
2026-09-02 16:52:42,25127.8,23.9453,3.78714
2026-09-02 16:52:52,25137.5,23.9375,3.78706
2026-09-02 16:53:02,25147.6,23.9531,3.78697
2026-09-02 16:53:12,25157.7,23.9453,3.78686
2026-09-02 16:53:22,25167.8,23.9375,3.78677
2026-09-02 16:53:32,25177.4,23.9531,3.78668
2026-09-02 16:53:42,25187.5,23.9531,3.78659
2026-09-02 16:53:52,25197.6,23.9609,3.78649
2026-09-02 16:54:02,25207.7,23.9375,3.78641
2026-09-02 16:54:12,25217.4,23.9453,3.78632
2026-09-02 16:54:22,25227.5,23.9375,3.78621
2026-09-02 16:54:32,25237.6,23.9531,3.78612
2026-09-02 16:54:42,25247.7,23.9453,3.78601
2026-09-02 16:54:52,25257.3,23.9375,3.78593
2026-09-02 16:55:02,25267.4,23.9296,3.78584
2026-09-02 16:55:12,25277.5,23.9453,3.78575
2026-09-02 16:55:22,25287.6,23.9218,3.78564
2026-09-02 16:55:32,25297.3,23.9375,3.78555
2026-09-02 16:55:42,25307.4,23.9296,3.78547
2026-09-02 16:55:52,25317.5,23.9218,3.78538
2026-09-02 16:56:02,25327.5,23.9453,3.78528
2026-09-02 16:56:12,25337.2,23.9296,3.78519
2026-09-02 16:56:22,25347.3,23.9375,3.78508
2026-09-02 16:56:32,25357.4,23.9296,3.78500
2026-09-02 16:56:42,25367.5,23.9218,3.78490
2026-09-02 16:56:52,25377.2,23.9375,3.78481
2026-09-02 16:57:02,25387.3,23.9453,3.78471
2026-09-02 16:57:12,25397.3,23.9453,3.78464
2026-09-02 16:57:22,25407.4,23.9296,3.78452
2026-09-02 16:57:32,25417.1,23.9375,3.78443
2026-09-02 16:57:42,25427.2,23.9296,3.78433
2026-09-02 16:57:52,25437.3,23.9296,3.78425
2026-09-02 16:58:02,25447.4,23.9453,3.78415
2026-09-02 16:58:12,25457.1,23.9375,3.78406
2026-09-02 16:58:22,25467.2,23.9375,3.78397
2026-09-02 16:58:32,25477.2,23.9453,3.78388
2026-09-02 16:58:42,25487.3,23.9453,3.78377
2026-09-02 16:58:52,25497.0,23.9453,3.78367
2026-09-02 16:59:02,25507.1,23.9375,3.78358
2026-09-02 16:59:12,25517.2,23.9453,3.78350
2026-09-02 16:59:21,25526.9,23.9453,3.78341
2026-09-02 16:59:32,25537.0,23.9453,3.78330
2026-09-02 16:59:42,25547.0,23.9531,3.78321
2026-09-02 16:59:52,25557.1,23.9296,3.78313
2026-09-02 17:00:01,25566.8,23.9375,3.78303
2026-09-02 17:00:12,25576.9,23.9218,3.78292
2026-09-02 17:00:22,25587.0,23.9453,3.78282
2026-09-02 17:00:32,25597.1,23.9218,3.78275
2026-09-02 17:00:41,25606.8,23.9453,3.78264
2026-09-02 17:00:51,25616.9,23.9453,3.78255
2026-09-02 17:01:02,25626.9,23.9140,3.78245
2026-09-02 17:01:12,25637.0,23.9375,3.78235
2026-09-02 17:01:21,25646.7,23.9296,3.78227
2026-09-02 17:01:31,25656.8,23.9531,3.78218
2026-09-02 17:01:42,25666.9,23.9296,3.78207
2026-09-02 17:01:52,25677.0,23.9296,3.78197
2026-09-02 17:02:01,25686.7,23.9296,3.78188
2026-09-02 17:02:11,25696.8,23.9375,3.78180
2026-09-02 17:02:21,25706.8,23.9375,3.78169
2026-09-02 17:02:32,25716.9,23.9296,3.78160
2026-09-02 17:02:41,25726.6,23.9453,3.78152
2026-09-02 17:02:51,25736.7,23.9296,3.78140
2026-09-02 17:03:01,25746.8,23.9375,3.78132
2026-09-02 17:03:11,25756.5,23.9296,3.78124
2026-09-02 17:03:21,25766.5,23.9453,3.78112
2026-09-02 17:03:31,25776.6,23.9375,3.78102
2026-09-02 17:03:41,25786.7,23.9375,3.78094
2026-09-02 17:03:51,25796.4,23.9218,3.78084
2026-09-02 17:04:01,25806.5,23.9140,3.78075
2026-09-02 17:04:11,25816.6,23.9453,3.78065
2026-09-02 17:04:21,25826.7,23.9375,3.78055
2026-09-02 17:04:31,25836.4,23.9296,3.78046
2026-09-02 17:04:41,25846.4,23.9375,3.78037
2026-09-02 17:04:51,25856.5,23.9375,3.78028
2026-09-02 17:05:01,25866.6,23.9218,3.78016
2026-09-02 17:05:11,25876.3,23.9296,3.78009
2026-09-02 17:05:21,25886.4,23.9375,3.77998
2026-09-02 17:05:31,25896.5,23.9296,3.77987
2026-09-02 17:05:41,25906.6,23.9531,3.77979
2026-09-02 17:05:51,25916.2,23.9375,3.77969
2026-09-02 17:06:01,25926.3,23.9531,3.77960
2026-09-02 17:06:11,25936.4,23.9453,3.77950
2026-09-02 17:06:21,25946.1,23.9453,3.77941
2026-09-02 17:06:31,25956.2,23.9687,3.77931
2026-09-02 17:06:41,25966.3,23.9609,3.77923
2026-09-02 17:06:51,25976.4,23.9453,3.77911
2026-09-02 17:07:01,25986.0,23.9453,3.77902
2026-09-02 17:07:11,25996.1,23.9531,3.77892
2026-09-02 17:07:21,26006.2,23.9765,3.77883
2026-09-02 17:07:31,26016.3,23.9609,3.77874
2026-09-02 17:07:41,26026.0,23.9765,3.77865
2026-09-02 17:07:51,26036.1,23.9609,3.77854
2026-09-02 17:08:01,26046.2,23.9609,3.77845
2026-09-02 17:08:11,26056.3,23.9609,3.77836
2026-09-02 17:08:21,26066.0,23.9765,3.77826
2026-09-02 17:08:31,26076.0,23.9687,3.77815
2026-09-02 17:08:41,26086.1,23.9765,3.77805
2026-09-02 17:08:51,26096.2,23.9843,3.77796
2026-09-02 17:09:01,26105.9,23.9765,3.77786
2026-09-02 17:09:11,26116.0,23.9765,3.77777
2026-09-02 17:09:21,26126.1,23.9687,3.77767
2026-09-02 17:09:31,26136.2,23.9921,3.77758
2026-09-02 17:09:40,26145.8,23.9765,3.77747
2026-09-02 17:09:51,26155.9,23.9921,3.77739
2026-09-02 17:10:01,26166.0,23.9843,3.77728
2026-09-02 17:10:10,26175.7,24.0000,3.77718
2026-09-02 17:10:20,26185.8,24.0000,3.77708
2026-09-02 17:10:31,26195.9,23.9843,3.77700
2026-09-02 17:10:41,26206.0,24.0078,3.77690
2026-09-02 17:10:50,26215.6,24.0078,3.77680
2026-09-02 17:11:00,26225.7,24.0234,3.77670
2026-09-02 17:11:10,26235.8,24.0000,3.77661
2026-09-02 17:11:21,26245.9,24.0234,3.77652
2026-09-02 17:11:30,26255.6,24.0078,3.77643
2026-09-02 17:11:40,26265.7,24.0078,3.77631
2026-09-02 17:11:50,26275.8,24.0312,3.77621
2026-09-02 17:12:00,26285.9,24.0078,3.77612
2026-09-02 17:12:10,26295.5,24.0234,3.77602
2026-09-02 17:12:20,26305.6,24.0390,3.77593
2026-09-02 17:12:30,26315.7,24.0234,3.77582
2026-09-02 17:12:40,26325.4,24.0234,3.77573
2026-09-02 17:12:50,26335.5,24.0312,3.77563
2026-09-02 17:13:00,26345.6,24.0312,3.77553
2026-09-02 17:13:10,26355.7,24.0078,3.77544
2026-09-02 17:13:20,26365.3,24.0312,3.77536
2026-09-02 17:13:30,26375.4,24.0312,3.77524
2026-09-02 17:13:40,26385.5,24.0312,3.77514
2026-09-02 17:13:50,26395.2,24.0234,3.77505
2026-09-02 17:14:00,26405.3,24.0234,3.77494
2026-09-02 17:14:10,26415.4,24.0078,3.77486
2026-09-02 17:14:20,26425.5,24.0078,3.77475
2026-09-02 17:14:30,26435.2,24.0234,3.77466
2026-09-02 17:14:40,26445.2,24.0000,3.77456
2026-09-02 17:14:50,26455.3,24.0234,3.77446
2026-09-02 17:15:00,26465.4,24.0078,3.77437
2026-09-02 17:15:10,26475.1,23.9921,3.77428
2026-09-02 17:15:20,26485.2,24.0078,3.77416
2026-09-02 17:15:30,26495.3,24.0234,3.77406
2026-09-02 17:15:40,26505.4,23.9921,3.77395
2026-09-02 17:15:50,26515.0,23.9843,3.77386
2026-09-02 17:16:00,26525.1,24.0234,3.77377
2026-09-02 17:16:10,26535.2,23.9921,3.77367
2026-09-02 17:16:20,26544.9,23.9765,3.77356
2026-09-02 17:16:30,26555.0,23.9921,3.77348
2026-09-02 17:16:40,26565.1,23.9765,3.77337
2026-09-02 17:16:50,26575.2,23.9687,3.77327
2026-09-02 17:16:59,26584.8,23.9765,3.77317
2026-09-02 17:17:10,26594.9,23.9765,3.77308
2026-09-02 17:17:20,26605.0,23.9843,3.77297
2026-09-02 17:17:30,26615.1,23.9843,3.77288
2026-09-02 17:17:39,26624.8,23.9843,3.77278
2026-09-02 17:17:50,26634.9,23.9921,3.77268
2026-09-02 17:18:00,26645.0,23.9765,3.77257
2026-09-02 17:18:10,26655.1,23.9609,3.77247
2026-09-02 17:18:19,26664.7,23.9765,3.77238
2026-09-02 17:18:29,26674.8,23.9687,3.77227
2026-09-02 17:18:40,26684.9,23.9765,3.77216
2026-09-02 17:18:50,26695.0,23.9609,3.77207
2026-09-02 17:18:59,26704.7,23.9843,3.77197
2026-09-02 17:19:09,26714.8,23.9687,3.77187
2026-09-02 17:19:19,26724.9,23.9843,3.77178
2026-09-02 17:19:30,26735.0,23.9687,3.77167
2026-09-02 17:19:39,26744.6,23.9921,3.77158
2026-09-02 17:19:49,26754.7,23.9921,3.77148
2026-09-02 17:19:59,26764.8,23.9843,3.77138
2026-09-02 17:20:09,26774.5,23.9921,3.77129
2026-09-02 17:20:19,26784.6,23.9765,3.77118
2026-09-02 17:20:29,26794.7,23.9687,3.77108
2026-09-02 17:20:39,26804.8,23.9765,3.77098
2026-09-02 17:20:49,26814.4,23.9765,3.77089
2026-09-02 17:20:59,26824.5,23.9687,3.77078
2026-09-02 17:21:09,26834.6,23.9687,3.77068
2026-09-02 17:21:19,26844.7,23.9687,3.77058
2026-09-02 17:21:29,26854.4,23.9765,3.77048
2026-09-02 17:21:39,26864.5,23.9687,3.77038
2026-09-02 17:21:49,26874.6,23.9687,3.77028
2026-09-02 17:21:59,26884.6,23.9921,3.77018
2026-09-02 17:22:09,26894.3,23.9765,3.77008
2026-09-02 17:22:19,26904.4,23.9687,3.76998
2026-09-02 17:22:29,26914.5,23.9609,3.76988
2026-09-02 17:22:39,26924.2,23.9609,3.76978
2026-09-02 17:22:49,26934.3,23.9765,3.76968
2026-09-02 17:22:59,26944.4,23.9609,3.76960
2026-09-02 17:23:09,26954.5,23.9531,3.76950
2026-09-02 17:23:19,26964.1,23.9687,3.76940
2026-09-02 17:23:29,26974.2,23.9687,3.76929
2026-09-02 17:23:39,26984.3,23.9843,3.76917
2026-09-02 17:23:49,26994.4,23.9531,3.76908
2026-09-02 17:23:59,27004.1,23.9531,3.76898
2026-09-02 17:24:09,27014.2,23.9531,3.76887
2026-09-02 17:24:19,27024.2,23.9765,3.76877
2026-09-02 17:24:29,27034.3,23.9609,3.76867
2026-09-02 17:24:39,27044.0,23.9609,3.76858
2026-09-02 17:24:49,27054.1,23.9531,3.76846
2026-09-02 17:24:59,27064.2,23.9531,3.76837
2026-09-02 17:25:09,27074.3,23.9453,3.76827
2026-09-02 17:25:19,27084.0,23.9765,3.76816
2026-09-02 17:25:29,27094.1,23.9687,3.76806
2026-09-02 17:25:39,27104.2,23.9531,3.76797
2026-09-02 17:25:48,27113.8,23.9687,3.76787
2026-09-02 17:25:59,27123.9,23.9687,3.76776
2026-09-02 17:26:09,27134.0,23.9531,3.76766
2026-09-02 17:26:19,27144.1,23.9609,3.76756
2026-09-02 17:26:28,27153.8,23.9531,3.76745
2026-09-02 17:26:39,27163.9,23.9765,3.76737
2026-09-02 17:26:49,27174.0,23.9609,3.76726
2026-09-02 17:26:59,27184.0,23.9531,3.76717
2026-09-02 17:27:08,27193.7,23.9687,3.76705
2026-09-02 17:27:18,27203.8,23.9609,3.76696
2026-09-02 17:27:29,27213.9,23.9453,3.76686
2026-09-02 17:27:38,27223.6,23.9453,3.76675
2026-09-02 17:27:48,27233.7,23.9531,3.76665
2026-09-02 17:27:58,27243.8,23.9453,3.76656
2026-09-02 17:28:08,27253.8,23.9453,3.76646
2026-09-02 17:28:18,27263.5,23.9531,3.76635
2026-09-02 17:28:28,27273.6,23.9609,3.76625
2026-09-02 17:28:38,27283.7,23.9531,3.76616
2026-09-02 17:28:48,27293.8,23.9765,3.76605
2026-09-02 17:28:58,27303.5,23.9531,3.76595
2026-09-02 17:29:08,27313.6,23.9687,3.76585
2026-09-02 17:29:18,27323.7,23.9609,3.76575
2026-09-02 17:29:28,27333.3,23.9531,3.76564
2026-09-02 17:29:38,27343.4,23.9609,3.76554
2026-09-02 17:29:48,27353.5,23.9453,3.76545
2026-09-02 17:29:58,27363.6,23.9531,3.76534
2026-09-02 17:30:08,27373.3,23.9609,3.76524
2026-09-02 17:30:18,27383.4,23.9531,3.76515
2026-09-02 17:30:28,27393.5,23.9765,3.76504
2026-09-02 17:30:38,27403.5,23.9531,3.76494
2026-09-02 17:30:48,27413.2,23.9609,3.76484
2026-09-02 17:30:58,27423.3,23.9453,3.76474
2026-09-02 17:31:08,27433.4,23.9687,3.76463
2026-09-02 17:31:18,27443.5,23.9531,3.76453
2026-09-02 17:31:28,27453.2,23.9609,3.76443
2026-09-02 17:31:38,27463.3,23.9609,3.76433
2026-09-02 17:31:48,27473.4,23.9687,3.76422
2026-09-02 17:31:58,27483.4,23.9531,3.76412
2026-09-02 17:32:08,27493.1,23.9609,3.76402
2026-09-02 17:32:18,27503.2,23.9531,3.76392
2026-09-02 17:32:28,27513.3,23.9531,3.76381
2026-09-02 17:32:38,27523.4,23.9531,3.76371
2026-09-02 17:32:48,27533.1,23.9531,3.76360
2026-09-02 17:32:58,27543.2,23.9531,3.76350
2026-09-02 17:33:08,27553.2,23.9531,3.76339
2026-09-02 17:33:18,27563.3,23.9375,3.76329
2026-09-02 17:33:28,27573.0,23.9453,3.76318
2026-09-02 17:33:38,27583.1,23.9609,3.76307
2026-09-02 17:33:48,27593.2,23.9765,3.76297
2026-09-02 17:33:58,27603.3,23.9765,3.76286
2026-09-02 17:34:08,27613.0,23.9609,3.76278
2026-09-02 17:34:18,27623.0,23.9765,3.76267
2026-09-02 17:34:28,27633.1,23.9765,3.76256
2026-09-02 17:34:37,27642.8,23.9765,3.76248
2026-09-02 17:34:48,27652.9,23.9765,3.76237
2026-09-02 17:34:58,27663.0,23.9843,3.76226
2026-09-02 17:35:08,27673.1,23.9687,3.76215
2026-09-02 17:35:17,27682.8,23.9765,3.76206
2026-09-02 17:35:27,27692.9,23.9687,3.76196
2026-09-02 17:35:38,27702.9,23.9687,3.76186
2026-09-02 17:35:48,27713.0,23.9765,3.76176
2026-09-02 17:35:57,27722.7,23.9609,3.76164
2026-09-02 17:36:07,27732.8,23.9687,3.76154
2026-09-02 17:36:18,27742.9,23.9765,3.76143
2026-09-02 17:36:28,27753.0,23.9687,3.76133
2026-09-02 17:36:37,27762.7,23.9687,3.76123
2026-09-02 17:36:47,27772.8,23.9531,3.76112
2026-09-02 17:36:57,27782.8,23.9765,3.76102
2026-09-02 17:37:08,27792.9,23.9687,3.76092
2026-09-02 17:37:17,27802.6,23.9453,3.76082
2026-09-02 17:37:27,27812.7,23.9609,3.76072
