pc_time,elapsed_s,temperature_C,voltage_V
2026-09-01 17:10:29,0.0,23.8671,4.10529
2026-09-01 17:10:39,10.1,23.8750,4.10528
2026-09-01 17:10:49,20.2,23.8671,4.10529
2026-09-01 17:11:00,30.2,23.8671,4.10529
2026-09-01 17:11:09,39.9,23.8750,4.10144
2026-09-01 17:11:19,50.0,23.8671,4.09990
2026-09-01 17:11:29,60.1,23.8828,4.09907
2026-09-01 17:11:40,70.2,23.9218,4.09848
2026-09-01 17:11:50,80.3,23.9218,4.09798
2026-09-01 17:11:59,90.0,23.9531,4.09763
2026-09-01 17:12:09,100.1,23.9765,4.09721
2026-09-01 17:12:19,110.2,23.9921,4.09688
2026-09-01 17:12:30,120.2,24.0312,4.09650
2026-09-01 17:12:39,129.9,24.0546,4.09621
2026-09-01 17:12:49,140.0,24.0625,4.09589
2026-09-01 17:12:59,150.1,24.0781,4.09555
2026-09-01 17:13:10,160.2,24.0859,4.09528
2026-09-01 17:13:19,169.9,24.1171,4.09499
2026-09-01 17:13:29,180.0,24.1328,4.09470
2026-09-01 17:13:39,190.0,24.1640,4.09445
2026-09-01 17:13:49,200.1,24.1640,4.09413
2026-09-01 17:14:00,210.2,24.1875,4.09386
2026-09-01 17:14:09,219.9,24.2031,4.09365
2026-09-01 17:14:19,230.0,24.2031,4.09339
2026-09-01 17:14:29,240.1,24.2031,4.09314
2026-09-01 17:14:39,250.2,24.2421,4.09288
2026-09-01 17:14:49,259.8,24.2343,4.09262
2026-09-01 17:14:59,269.9,24.2265,4.09243
2026-09-01 17:15:09,280.0,24.2500,4.09214
2026-09-01 17:15:19,290.1,24.2734,4.09191
2026-09-01 17:15:29,299.8,24.2734,4.09168
2026-09-01 17:15:39,309.9,24.2656,4.09144
2026-09-01 17:15:49,320.0,24.2968,4.09122
2026-09-01 17:15:59,330.1,24.2812,4.09098
2026-09-01 17:16:09,340.1,24.2890,4.09076
2026-09-01 17:16:19,349.8,24.3046,4.09051
2026-09-01 17:16:29,359.9,24.3281,4.09031
2026-09-01 17:16:39,370.0,24.3281,4.09008
2026-09-01 17:16:49,380.1,24.3125,4.08984
2026-09-01 17:16:59,389.8,24.2968,4.08963
2026-09-01 17:17:09,399.9,24.3125,4.08943
2026-09-01 17:17:19,410.0,24.3281,4.08918
2026-09-01 17:17:29,420.0,24.3437,4.08897
2026-09-01 17:17:39,429.7,24.3125,4.08878
2026-09-01 17:17:49,439.8,24.3281,4.08856
2026-09-01 17:17:59,449.9,24.3359,4.08835
2026-09-01 17:18:09,460.0,24.3281,4.08813
2026-09-01 17:18:19,469.7,24.3125,4.08793
2026-09-01 17:18:29,479.8,24.3281,4.08769
2026-09-01 17:18:39,489.8,24.3203,4.08747
2026-09-01 17:18:49,499.9,24.3515,4.08731
2026-09-01 17:18:59,510.0,24.3359,4.08705
2026-09-01 17:19:09,519.7,24.3515,4.08685
2026-09-01 17:19:19,529.8,24.3281,4.08665
2026-09-01 17:19:29,539.9,24.3437,4.08646
2026-09-01 17:19:39,550.0,24.3437,4.08622
2026-09-01 17:19:49,559.6,24.3281,4.08603
2026-09-01 17:19:59,569.7,24.3437,4.08585
2026-09-01 17:20:09,579.8,24.3359,4.08564
2026-09-01 17:20:19,589.9,24.3359,4.08543
2026-09-01 17:20:29,600.0,24.3281,4.08521
2026-09-01 17:20:39,609.7,24.3281,4.08502
2026-09-01 17:20:49,619.8,24.3281,4.08482
2026-09-01 17:20:59,629.9,24.3359,4.08466
2026-09-01 17:21:09,639.9,24.3359,4.08442
2026-09-01 17:21:19,649.6,24.3515,4.08423
2026-09-01 17:21:29,659.7,24.3281,4.08407
2026-09-01 17:21:39,669.8,24.3203,4.08387
2026-09-01 17:21:49,679.9,24.3281,4.08371
2026-09-01 17:21:59,690.0,24.3359,4.08348
2026-09-01 17:22:09,699.7,24.3359,4.08332
2026-09-01 17:22:19,709.8,24.3281,4.08312
2026-09-01 17:22:29,719.8,24.3281,4.08291
2026-09-01 17:22:39,729.9,24.3203,4.08276
2026-09-01 17:22:49,739.6,24.3359,4.08255
2026-09-01 17:22:59,749.7,24.3359,4.08239
2026-09-01 17:23:09,759.8,24.3281,4.08220
2026-09-01 17:23:19,769.9,24.3359,4.08206
2026-09-01 17:23:29,780.0,24.3203,4.08188
2026-09-01 17:23:39,789.6,24.3281,4.08169
2026-09-01 17:23:49,799.7,24.3359,4.08151
2026-09-01 17:23:59,809.8,24.3281,4.08134
2026-09-01 17:24:09,819.9,24.3203,4.08116
2026-09-01 17:24:19,830.0,24.3359,4.08099
2026-09-01 17:24:29,839.7,24.3281,4.08082
2026-09-01 17:24:39,849.8,24.3203,4.08065
2026-09-01 17:24:49,859.8,24.3281,4.08047
2026-09-01 17:24:59,869.9,24.3437,4.08031
2026-09-01 17:25:09,879.6,24.3281,4.08015
2026-09-01 17:25:19,889.7,24.3203,4.07996
2026-09-01 17:25:29,899.8,24.3359,4.07980
2026-09-01 17:25:39,909.9,24.3281,4.07967
2026-09-01 17:25:49,920.0,24.3359,4.07952
2026-09-01 17:25:59,929.7,24.3203,4.07936
2026-09-01 17:26:09,939.7,24.3359,4.07921
2026-09-01 17:26:19,949.8,24.3359,4.07906
2026-09-01 17:26:29,959.9,24.3359,4.07888
2026-09-01 17:26:39,969.6,24.3203,4.07875
2026-09-01 17:26:49,979.7,24.3281,4.07859
2026-09-01 17:26:59,989.8,24.3125,4.07848
2026-09-01 17:27:09,999.9,24.3203,4.07833
2026-09-01 17:27:19,1010.0,24.3281,4.07817
2026-09-01 17:27:29,1019.6,24.3281,4.07805
2026-09-01 17:27:39,1029.7,24.3203,4.07789
2026-09-01 17:27:49,1039.8,24.2968,4.07778
2026-09-01 17:27:59,1049.9,24.2968,4.07766
2026-09-01 17:28:09,1060.0,24.3125,4.07749
2026-09-01 17:28:19,1069.7,24.3203,4.07739
2026-09-01 17:28:29,1079.8,24.3046,4.07724
2026-09-01 17:28:39,1089.8,24.3125,4.07710
2026-09-01 17:28:49,1099.9,24.2890,4.07698
2026-09-01 17:28:59,1109.6,24.2968,4.07685
2026-09-01 17:29:09,1119.7,24.2812,4.07674
2026-09-01 17:29:19,1129.8,24.3046,4.07666
2026-09-01 17:29:29,1139.9,24.2968,4.07650
2026-09-01 17:29:39,1149.6,24.2890,4.07643
2026-09-01 17:29:49,1159.7,24.2890,4.07627
2026-09-01 17:29:59,1169.7,24.2968,4.07614
2026-09-01 17:30:09,1179.8,24.2890,4.07606
2026-09-01 17:30:19,1189.5,24.2890,4.07594
2026-09-01 17:30:29,1199.6,24.3046,4.07582
2026-09-01 17:30:39,1209.7,24.2812,4.07571
2026-09-01 17:30:49,1219.8,24.2812,4.07561
2026-09-01 17:30:59,1229.9,24.2890,4.07546
2026-09-01 17:31:09,1239.5,24.2734,4.07538
2026-09-01 17:31:19,1249.6,24.2812,4.07524
2026-09-01 17:31:29,1259.7,24.2812,4.07517
2026-09-01 17:31:39,1269.8,24.2812,4.07505
2026-09-01 17:31:49,1279.5,24.2734,4.07492
2026-09-01 17:31:59,1289.6,24.2890,4.07481
2026-09-01 17:32:09,1299.7,24.2656,4.07475
2026-09-01 17:32:19,1309.8,24.2656,4.07464
2026-09-01 17:32:29,1319.4,24.2656,4.07456
2026-09-01 17:32:39,1329.5,24.2812,4.07447
2026-09-01 17:32:49,1339.6,24.2734,4.07432
2026-09-01 17:32:59,1349.7,24.2656,4.07425
2026-09-01 17:33:09,1359.8,24.2500,4.07412
2026-09-01 17:33:19,1369.5,24.2500,4.07403
2026-09-01 17:33:29,1379.6,24.2734,4.07395
2026-09-01 17:33:39,1389.6,24.2421,4.07382
2026-09-01 17:33:49,1399.7,24.2421,4.07371
2026-09-01 17:33:59,1409.4,24.2656,4.07360
2026-09-01 17:34:09,1419.5,24.2421,4.07349
2026-09-01 17:34:19,1429.6,24.2421,4.07337
2026-09-01 17:34:29,1439.7,24.2343,4.07325
2026-09-01 17:34:39,1449.4,24.2343,4.07313
2026-09-01 17:34:49,1459.5,24.2421,4.07302
2026-09-01 17:34:59,1469.5,24.2343,4.07296
2026-09-01 17:35:09,1479.6,24.2343,4.07279
2026-09-01 17:35:19,1489.3,24.2500,4.07268
2026-09-01 17:35:29,1499.4,24.2265,4.07257
2026-09-01 17:35:39,1509.5,24.2343,4.07246
2026-09-01 17:35:49,1519.6,24.2265,4.07233
2026-09-01 17:35:59,1529.7,24.2265,4.07223
2026-09-01 17:36:09,1539.3,24.2187,4.07209
2026-09-01 17:36:19,1549.4,24.2421,4.07197
2026-09-01 17:36:29,1559.5,24.2421,4.07182
2026-09-01 17:36:39,1569.6,24.2031,4.07172
2026-09-01 17:36:49,1579.3,24.2109,4.07157
2026-09-01 17:36:59,1589.4,24.2187,4.07149
2026-09-01 17:37:09,1599.5,24.2109,4.07130
2026-09-01 17:37:19,1609.5,24.2187,4.07115
2026-09-01 17:37:29,1619.2,24.2109,4.07103
2026-09-01 17:37:39,1629.3,24.2109,4.07091
2026-09-01 17:37:49,1639.4,24.2265,4.07081
2026-09-01 17:37:59,1649.5,24.2343,4.07061
2026-09-01 17:38:09,1659.6,24.2187,4.07047
2026-09-01 17:38:19,1669.3,24.2109,4.07031
2026-09-01 17:38:29,1679.4,24.2109,4.07017
2026-09-01 17:38:39,1689.4,24.2421,4.07005
2026-09-01 17:38:49,1699.5,24.2265,4.06989
2026-09-01 17:38:59,1709.2,24.2187,4.06974
2026-09-01 17:39:09,1719.3,24.2109,4.06960
2026-09-01 17:39:19,1729.4,24.2109,4.06937
2026-09-01 17:39:29,1739.5,24.2187,4.06925
2026-09-01 17:39:38,1749.2,24.2109,4.06907
2026-09-01 17:39:49,1759.2,24.2187,4.06892
2026-09-01 17:39:59,1769.3,24.2109,4.06872
2026-09-01 17:40:09,1779.4,24.2187,4.06857
2026-09-01 17:40:18,1789.1,24.2109,4.06841
2026-09-01 17:40:29,1799.2,24.2031,4.06823
2026-09-01 17:40:39,1809.3,24.2265,4.06807
2026-09-01 17:40:49,1819.4,24.2187,4.06791
2026-09-01 17:40:59,1829.5,24.1953,4.06771
2026-09-01 17:41:08,1839.1,24.1953,4.06753
2026-09-01 17:41:19,1849.2,24.2187,4.06736
2026-09-01 17:41:29,1859.3,24.2109,4.06714
2026-09-01 17:41:39,1869.4,24.2109,4.06694
2026-09-01 17:41:48,1879.1,24.2031,4.06676
2026-09-01 17:41:59,1889.2,24.2109,4.06660
2026-09-01 17:42:09,1899.3,24.1718,4.06637
2026-09-01 17:42:19,1909.3,24.1875,4.06616
2026-09-01 17:42:29,1919.4,24.1796,4.06596
2026-09-01 17:42:38,1929.1,24.1875,4.06575
2026-09-01 17:42:49,1939.2,24.2031,4.06557
2026-09-01 17:42:59,1949.3,24.1953,4.06537
2026-09-01 17:43:09,1959.4,24.1875,4.06516
2026-09-01 17:43:18,1969.1,24.1796,4.06491
2026-09-01 17:43:28,1979.2,24.2031,4.06471
2026-09-01 17:43:39,1989.2,24.1640,4.06447
2026-09-01 17:43:49,1999.3,24.1953,4.06425
2026-09-01 17:43:58,2009.0,24.1875,4.06404
2026-09-01 17:44:08,2019.1,24.1953,4.06382
2026-09-01 17:44:19,2029.2,24.1953,4.06360
2026-09-01 17:44:29,2039.3,24.1875,4.06333
2026-09-01 17:44:39,2049.4,24.1875,4.06311
2026-09-01 17:44:48,2059.0,24.1875,4.06292
2026-09-01 17:44:58,2069.1,24.1875,4.06268
2026-09-01 17:45:09,2079.2,24.2031,4.06244
2026-09-01 17:45:19,2089.3,24.1796,4.06219
2026-09-01 17:45:28,2099.0,24.1796,4.06195
2026-09-01 17:45:38,2109.1,24.1875,4.06171
2026-09-01 17:45:48,2119.2,24.1718,4.06146
2026-09-01 17:45:59,2129.3,24.1796,4.06121
2026-09-01 17:46:09,2139.3,24.1875,4.06097
2026-09-01 17:46:18,2149.0,24.1640,4.06074
2026-09-01 17:46:28,2159.1,24.1796,4.06045
2026-09-01 17:46:39,2169.2,24.1796,4.06021
2026-09-01 17:46:49,2179.3,24.1640,4.05996
2026-09-01 17:46:58,2189.0,24.1718,4.05975
2026-09-01 17:47:08,2199.1,24.1640,4.05946
2026-09-01 17:47:18,2209.2,24.1640,4.05919
2026-09-01 17:47:29,2219.2,24.1875,4.05893
2026-09-01 17:47:38,2228.9,24.1718,4.05865
2026-09-01 17:47:48,2239.0,24.1562,4.05841
2026-09-01 17:47:58,2249.1,24.1718,4.05814
2026-09-01 17:48:09,2259.2,24.1718,4.05786
2026-09-01 17:48:19,2269.3,24.1718,4.05758
2026-09-01 17:48:28,2279.0,24.1640,4.05731
2026-09-01 17:48:38,2289.0,24.1640,4.05707
2026-09-01 17:48:48,2299.1,24.1562,4.05675
2026-09-01 17:48:59,2309.2,24.1640,4.05646
2026-09-01 17:49:08,2318.9,24.1718,4.05619
2026-09-01 17:49:18,2329.0,24.1562,4.05594
2026-09-01 17:49:28,2339.1,24.1718,4.05564
2026-09-01 17:49:38,2349.2,24.1484,4.05532
2026-09-01 17:49:48,2358.8,24.1796,4.05505
2026-09-01 17:49:58,2368.9,24.1484,4.05476
2026-09-01 17:50:08,2379.0,24.1562,4.05445
2026-09-01 17:50:18,2389.1,24.1640,4.05418
2026-09-01 17:50:29,2399.2,24.1640,4.05383
2026-09-01 17:50:38,2408.9,24.1562,4.05359
2026-09-01 17:50:48,2419.0,24.1562,4.05328
2026-09-01 17:50:58,2429.1,24.1484,4.05295
2026-09-01 17:51:08,2439.1,24.1640,4.05267
2026-09-01 17:51:18,2448.8,24.1562,4.05234
2026-09-01 17:51:28,2458.9,24.1250,4.05204
2026-09-01 17:51:38,2469.0,24.1484,4.05176
2026-09-01 17:51:48,2479.1,24.1562,4.05141
2026-09-01 17:51:59,2489.2,24.1562,4.05111
2026-09-01 17:52:08,2498.9,24.1328,4.05081
2026-09-01 17:52:18,2509.0,24.1484,4.05049
2026-09-01 17:52:28,2519.0,24.1328,4.05015
2026-09-01 17:52:38,2529.1,24.1484,4.04987
2026-09-01 17:52:48,2538.8,24.1250,4.04954
2026-09-01 17:52:58,2548.9,24.1328,4.04924
2026-09-01 17:53:08,2559.0,24.1484,4.04890
2026-09-01 17:53:18,2569.1,24.1484,4.04855
2026-09-01 17:53:28,2579.2,24.1093,4.04822
2026-09-01 17:53:38,2588.8,24.1250,4.04791
2026-09-01 17:53:48,2598.9,24.1484,4.04757
2026-09-01 17:53:58,2609.0,24.1484,4.04732
2026-09-01 17:54:08,2619.1,24.1171,4.04691
2026-09-01 17:54:18,2628.8,24.1093,4.04665
2026-09-01 17:54:28,2638.9,24.1171,4.04628
2026-09-01 17:54:38,2649.0,24.1328,4.04595
2026-09-01 17:54:48,2659.0,24.1250,4.04566
2026-09-01 17:54:58,2668.7,24.1484,4.04526
2026-09-01 17:55:08,2678.8,24.1093,4.04497
2026-09-01 17:55:18,2688.9,24.1171,4.04460
2026-09-01 17:55:28,2699.0,24.1250,4.04427
2026-09-01 17:55:38,2709.1,24.1171,4.04396
2026-09-01 17:55:48,2718.8,24.1250,4.04362
2026-09-01 17:55:58,2728.9,24.1171,4.04327
2026-09-01 17:56:08,2739.0,24.1250,4.04294
2026-09-01 17:56:18,2749.0,24.1171,4.04264
2026-09-01 17:56:28,2758.7,24.1250,4.04225
2026-09-01 17:56:38,2768.8,24.1250,4.04195
2026-09-01 17:56:48,2778.9,24.1093,4.04158
2026-09-01 17:56:58,2789.0,24.1093,4.04127
2026-09-01 17:57:08,2798.7,24.1250,4.04090
2026-09-01 17:57:18,2808.8,24.1171,4.04058
2026-09-01 17:57:28,2818.8,24.1484,4.04022
2026-09-01 17:57:38,2828.9,24.1328,4.03988
2026-09-01 17:57:48,2839.0,24.1171,4.03952
2026-09-01 17:57:58,2848.7,24.1171,4.03920
2026-09-01 17:58:08,2858.8,24.1250,4.03883
2026-09-01 17:58:18,2868.9,24.1562,4.03850
2026-09-01 17:58:28,2879.0,24.1250,4.03815
2026-09-01 17:58:38,2888.6,24.1328,4.03778
2026-09-01 17:58:48,2898.7,24.1328,4.03744
2026-09-01 17:58:58,2908.8,24.1328,4.03710
2026-09-01 17:59:08,2918.9,24.1250,4.03672
2026-09-01 17:59:18,2928.6,24.1250,4.03642
2026-09-01 17:59:28,2938.7,24.1171,4.03608
2026-09-01 17:59:38,2948.8,24.1250,4.03567
2026-09-01 17:59:48,2958.9,24.1484,4.03535
2026-09-01 17:59:58,2968.5,24.1484,4.03498
2026-09-01 18:00:08,2978.6,24.1250,4.03464
2026-09-01 18:00:18,2988.7,24.1171,4.03428
2026-09-01 18:00:28,2998.8,24.1250,4.03391
2026-09-01 18:00:38,3008.9,24.1250,4.03355
2026-09-01 18:00:48,3018.6,24.1250,4.03323
2026-09-01 18:00:58,3028.7,24.1171,4.03290
2026-09-01 18:01:08,3038.8,24.1093,4.03251
2026-09-01 18:01:18,3048.8,24.1093,4.03215
2026-09-01 18:01:28,3058.5,24.1171,4.03183
2026-09-01 18:01:38,3068.6,24.1171,4.03145
2026-09-01 18:01:48,3078.7,24.1093,4.03111
2026-09-01 18:01:58,3088.8,24.0937,4.03073
2026-09-01 18:02:08,3098.5,24.1093,4.03038
2026-09-01 18:02:18,3108.5,24.1171,4.03004
2026-09-01 18:02:28,3118.6,24.1171,4.02965
2026-09-01 18:02:38,3128.7,24.1093,4.02931
2026-09-01 18:02:48,3138.8,24.1171,4.02890
2026-09-01 18:02:58,3148.5,24.1093,4.02855
2026-09-01 18:03:08,3158.6,24.1093,4.02823
2026-09-01 18:03:18,3168.7,24.1093,4.02783
2026-09-01 18:03:28,3178.8,24.0859,4.02749
2026-09-01 18:03:38,3188.4,24.0937,4.02715
2026-09-01 18:03:48,3198.5,24.0937,4.02675
2026-09-01 18:03:58,3208.6,24.1015,4.02642
2026-09-01 18:04:08,3218.7,24.0859,4.02606
2026-09-01 18:04:18,3228.8,24.0781,4.02570
2026-09-01 18:04:28,3238.5,24.1015,4.02534
2026-09-01 18:04:38,3248.6,24.1015,4.02501
2026-09-01 18:04:48,3258.7,24.1015,4.02461
2026-09-01 18:04:58,3268.7,24.0781,4.02424
2026-09-01 18:05:08,3278.4,24.0859,4.02389
2026-09-01 18:05:18,3288.5,24.0859,4.02356
2026-09-01 18:05:28,3298.6,24.0781,4.02318
2026-09-01 18:05:38,3308.7,24.0859,4.02282
2026-09-01 18:05:48,3318.4,24.1015,4.02249
2026-09-01 18:05:58,3328.5,24.0937,4.02209
2026-09-01 18:06:08,3338.5,24.0859,4.02172
2026-09-01 18:06:18,3348.6,24.0781,4.02141
2026-09-01 18:06:28,3358.7,24.0937,4.02100
2026-09-01 18:06:38,3368.4,24.0703,4.02067
2026-09-01 18:06:48,3378.5,24.0937,4.02033
2026-09-01 18:06:58,3388.6,24.0781,4.01998
2026-09-01 18:07:08,3398.7,24.0859,4.01958
2026-09-01 18:07:18,3408.3,24.0859,4.01925
2026-09-01 18:07:28,3418.4,24.0703,4.01891
2026-09-01 18:07:38,3428.5,24.0781,4.01855
2026-09-01 18:07:48,3438.6,24.0781,4.01816
2026-09-01 18:07:58,3448.3,24.0781,4.01784
2026-09-01 18:08:08,3458.4,24.0625,4.01747
2026-09-01 18:08:18,3468.5,24.0703,4.01715
2026-09-01 18:08:28,3478.6,24.0546,4.01677
2026-09-01 18:08:38,3488.3,24.0625,4.01643
2026-09-01 18:08:48,3498.3,24.0703,4.01607
2026-09-01 18:08:58,3508.4,24.0625,4.01574
2026-09-01 18:09:08,3518.5,24.0546,4.01537
2026-09-01 18:09:18,3528.2,24.0625,4.01503
2026-09-01 18:09:28,3538.3,24.0546,4.01469
2026-09-01 18:09:38,3548.4,24.0546,4.01434
2026-09-01 18:09:48,3558.5,24.0546,4.01400
2026-09-01 18:09:58,3568.5,24.0546,4.01365
2026-09-01 18:10:08,3578.2,24.0703,4.01331
2026-09-01 18:10:18,3588.3,24.0390,4.01296
2026-09-01 18:10:28,3598.4,24.0546,4.01264
2026-09-01 18:10:38,3608.5,24.0468,4.01230
2026-09-01 18:10:47,3618.2,24.0625,4.01198
2026-09-01 18:10:58,3628.3,24.0468,4.01162
2026-09-01 18:11:08,3638.3,24.0390,4.01127
2026-09-01 18:11:18,3648.4,24.0390,4.01093
2026-09-01 18:11:28,3658.5,24.0234,4.01060
2026-09-01 18:11:38,3668.2,24.0390,4.01030
2026-09-01 18:11:48,3678.3,24.0390,4.00994
2026-09-01 18:11:58,3688.4,24.0390,4.00958
2026-09-01 18:12:08,3698.5,24.0234,4.00926
2026-09-01 18:12:17,3708.2,24.0234,4.00895
2026-09-01 18:12:28,3718.2,24.0234,4.00864
2026-09-01 18:12:38,3728.3,24.0390,4.00826
2026-09-01 18:12:48,3738.4,24.0234,4.00795
2026-09-01 18:12:57,3748.1,24.0234,4.00762
2026-09-01 18:13:08,3758.2,24.0312,4.00731
2026-09-01 18:13:18,3768.3,24.0312,4.00698
2026-09-01 18:13:28,3778.4,24.0312,4.00668
2026-09-01 18:13:38,3788.5,24.0000,4.00630
2026-09-01 18:13:47,3798.1,24.0234,4.00602
2026-09-01 18:13:58,3808.2,24.0312,4.00567
2026-09-01 18:14:08,3818.3,24.0234,4.00538
2026-09-01 18:14:18,3828.4,24.0078,4.00504
2026-09-01 18:14:27,3838.1,24.0000,4.00473
2026-09-01 18:14:37,3848.2,23.9921,4.00442
2026-09-01 18:14:48,3858.3,24.0078,4.00414
2026-09-01 18:14:58,3868.3,24.0000,4.00380
2026-09-01 18:15:07,3878.0,23.9921,4.00351
2026-09-01 18:15:17,3888.1,23.9921,4.00315
2026-09-01 18:15:28,3898.2,23.9843,4.00285
2026-09-01 18:15:38,3908.3,24.0234,4.00254
2026-09-01 18:15:48,3918.4,24.0000,4.00222
2026-09-01 18:15:57,3928.1,24.0000,4.00193
2026-09-01 18:16:07,3938.1,23.9921,4.00164
2026-09-01 18:16:18,3948.2,24.0000,4.00135
2026-09-01 18:16:28,3958.3,23.9921,4.00105
2026-09-01 18:16:37,3968.0,24.0000,4.00074
2026-09-01 18:16:47,3978.1,24.0000,4.00046
2026-09-01 18:16:58,3988.2,23.9921,4.00013
2026-09-01 18:17:08,3998.3,24.0000,3.99982
2026-09-01 18:17:17,4008.0,23.9921,3.99953
2026-09-01 18:17:27,4018.0,23.9765,3.99921
2026-09-01 18:17:37,4028.1,23.9921,3.99894
2026-09-01 18:17:48,4038.2,23.9843,3.99864
2026-09-01 18:17:58,4048.3,23.9687,3.99832
2026-09-01 18:18:07,4058.0,23.9765,3.99805
2026-09-01 18:18:17,4068.1,23.9765,3.99777
2026-09-01 18:18:27,4078.2,23.9687,3.99749
2026-09-01 18:18:38,4088.3,23.9843,3.99719
2026-09-01 18:18:47,4097.9,23.9843,3.99690
2026-09-01 18:18:57,4108.0,23.9765,3.99660
2026-09-01 18:19:07,4118.1,23.9843,3.99632
2026-09-01 18:19:18,4128.2,23.9843,3.99604
2026-09-01 18:19:27,4137.9,23.9765,3.99576
2026-09-01 18:19:37,4148.0,23.9765,3.99548
2026-09-01 18:19:47,4158.0,23.9687,3.99520
2026-09-01 18:19:57,4168.1,23.9765,3.99495
2026-09-01 18:20:08,4178.2,23.9843,3.99465
2026-09-01 18:20:17,4187.9,23.9921,3.99437
2026-09-01 18:20:27,4198.0,23.9843,3.99408
2026-09-01 18:20:37,4208.1,23.9765,3.99383
2026-09-01 18:20:47,4218.2,24.0000,3.99355
2026-09-01 18:20:57,4227.9,23.9921,3.99327
2026-09-01 18:21:07,4238.0,23.9843,3.99298
2026-09-01 18:21:17,4248.0,24.0000,3.99270
2026-09-01 18:21:27,4258.1,23.9921,3.99245
2026-09-01 18:21:37,4267.8,23.9609,3.99214
2026-09-01 18:21:47,4277.9,23.9921,3.99187
2026-09-01 18:21:57,4288.0,23.9843,3.99163
2026-09-01 18:22:07,4298.1,23.9765,3.99136
2026-09-01 18:22:17,4307.8,23.9921,3.99109
2026-09-01 18:22:27,4317.8,23.9765,3.99081
2026-09-01 18:22:37,4327.9,23.9765,3.99054
2026-09-01 18:22:47,4338.0,23.9687,3.99030
2026-09-01 18:22:57,4348.1,23.9843,3.99001
2026-09-01 18:23:07,4357.8,23.9609,3.98976
2026-09-01 18:23:17,4367.9,23.9843,3.98947
2026-09-01 18:23:27,4378.0,23.9921,3.98923
2026-09-01 18:23:37,4388.0,23.9765,3.98898
2026-09-01 18:23:47,4397.7,23.9765,3.98877
2026-09-01 18:23:57,4407.8,23.9609,3.98851
2026-09-01 18:24:07,4417.9,23.9765,3.98826
2026-09-01 18:24:17,4428.0,23.9609,3.98798
2026-09-01 18:24:27,4437.7,23.9531,3.98768
2026-09-01 18:24:37,4447.8,23.9531,3.98744
2026-09-01 18:24:47,4457.9,23.9765,3.98719
2026-09-01 18:24:57,4467.9,23.9609,3.98692
2026-09-01 18:25:07,4478.0,23.9609,3.98666
2026-09-01 18:25:17,4487.7,23.9609,3.98643
2026-09-01 18:25:27,4497.8,23.9687,3.98618
2026-09-01 18:25:37,4507.9,23.9531,3.98593
2026-09-01 18:25:47,4518.0,23.9687,3.98568
2026-09-01 18:25:57,4527.7,23.9531,3.98549
2026-09-01 18:26:07,4537.8,23.9453,3.98524
2026-09-01 18:26:17,4547.8,23.9531,3.98498
2026-09-01 18:26:27,4557.9,23.9531,3.98473
2026-09-01 18:26:37,4567.6,23.9453,3.98445
2026-09-01 18:26:47,4577.7,23.9453,3.98424
2026-09-01 18:26:57,4587.8,23.9531,3.98397
2026-09-01 18:27:07,4597.9,23.9531,3.98370
2026-09-01 18:27:17,4608.0,23.9531,3.98347
2026-09-01 18:27:27,4617.6,23.9296,3.98330
2026-09-01 18:27:37,4627.7,23.9453,3.98303
2026-09-01 18:27:47,4637.8,23.9375,3.98278
2026-09-01 18:27:57,4647.9,23.9453,3.98255
2026-09-01 18:28:07,4657.6,23.9531,3.98232
2026-09-01 18:28:17,4667.7,23.9296,3.98206
2026-09-01 18:28:27,4677.8,23.9375,3.98183
2026-09-01 18:28:37,4687.8,23.9218,3.98158
2026-09-01 18:28:47,4697.9,23.9296,3.98133
2026-09-01 18:28:57,4707.6,23.9296,3.98115
2026-09-01 18:29:07,4717.7,23.9375,3.98090
2026-09-01 18:29:17,4727.8,23.9218,3.98068
2026-09-01 18:29:27,4737.9,23.9375,3.98041
2026-09-01 18:29:37,4747.6,23.9375,3.98020
2026-09-01 18:29:47,4757.7,23.9218,3.97996
2026-09-01 18:29:57,4767.7,23.9218,3.97975
2026-09-01 18:30:07,4777.8,23.9140,3.97952
2026-09-01 18:30:17,4787.5,23.9453,3.97927
2026-09-01 18:30:27,4797.6,23.9140,3.97904
2026-09-01 18:30:37,4807.7,23.9375,3.97882
2026-09-01 18:30:47,4817.8,23.8906,3.97861
2026-09-01 18:30:57,4827.9,23.9140,3.97837
2026-09-01 18:31:07,4837.5,23.9140,3.97819
2026-09-01 18:31:17,4847.6,23.9218,3.97792
2026-09-01 18:31:27,4857.7,23.9062,3.97770
2026-09-01 18:31:37,4867.8,23.8828,3.97747
2026-09-01 18:31:47,4877.5,23.9140,3.97727
2026-09-01 18:31:57,4887.6,23.8906,3.97706
2026-09-01 18:32:07,4897.7,23.9062,3.97684
2026-09-01 18:32:17,4907.8,23.9140,3.97662
2026-09-01 18:32:27,4917.8,23.8750,3.97638
2026-09-01 18:32:37,4927.5,23.9062,3.97614
2026-09-01 18:32:47,4937.6,23.8828,3.97592
2026-09-01 18:32:57,4947.7,23.8828,3.97572
2026-09-01 18:33:07,4957.8,23.8750,3.97554
2026-09-01 18:33:17,4967.5,23.8750,3.97529
2026-09-01 18:33:27,4977.6,23.8671,3.97506
2026-09-01 18:33:37,4987.6,23.8750,3.97485
2026-09-01 18:33:47,4997.7,23.9062,3.97465
2026-09-01 18:33:57,5007.8,23.8750,3.97446
2026-09-01 18:34:07,5017.5,23.8750,3.97422
2026-09-01 18:34:17,5027.6,23.8750,3.97400
2026-09-01 18:34:27,5037.7,23.8671,3.97378
2026-09-01 18:34:37,5047.8,23.8906,3.97358
2026-09-01 18:34:47,5057.5,23.8750,3.97337
2026-09-01 18:34:57,5067.5,23.8750,3.97315
2026-09-01 18:35:07,5077.6,23.8515,3.97292
2026-09-01 18:35:17,5087.7,23.9062,3.97273
2026-09-01 18:35:27,5097.4,23.8828,3.97251
2026-09-01 18:35:37,5107.5,23.8828,3.97233
2026-09-01 18:35:47,5117.6,23.8671,3.97212
2026-09-01 18:35:57,5127.7,23.8750,3.97191
2026-09-01 18:36:07,5137.8,23.8671,3.97172
2026-09-01 18:36:17,5147.4,23.8750,3.97151
2026-09-01 18:36:27,5157.5,23.8750,3.97126
2026-09-01 18:36:37,5167.6,23.8828,3.97109
2026-09-01 18:36:47,5177.7,23.8593,3.97091
2026-09-01 18:36:57,5187.8,23.8593,3.97065
2026-09-01 18:37:07,5197.5,23.8828,3.97042
2026-09-01 18:37:17,5207.6,23.8750,3.97028
2026-09-01 18:37:27,5217.6,23.8750,3.97005
2026-09-01 18:37:37,5227.7,23.8750,3.96982
2026-09-01 18:37:47,5237.8,23.8671,3.96966
2026-09-01 18:37:57,5247.5,23.8671,3.96947
2026-09-01 18:38:07,5257.6,23.8593,3.96924
2026-09-01 18:38:17,5267.7,23.8593,3.96902
2026-09-01 18:38:27,5277.8,23.8593,3.96884
2026-09-01 18:38:37,5287.5,23.8671,3.96866
2026-09-01 18:38:47,5297.5,23.8515,3.96842
2026-09-01 18:38:57,5307.6,23.8515,3.96823
2026-09-01 18:39:07,5317.7,23.8671,3.96804
2026-09-01 18:39:17,5327.4,23.8750,3.96782
2026-09-01 18:39:27,5337.5,23.8750,3.96763
2026-09-01 18:39:37,5347.6,23.8515,3.96742
2026-09-01 18:39:47,5357.7,23.8671,3.96729
2026-09-01 18:39:57,5367.8,23.8671,3.96707
2026-09-01 18:40:07,5377.4,23.8828,3.96686
2026-09-01 18:40:17,5387.5,23.8593,3.96669
2026-09-01 18:40:27,5397.6,23.8593,3.96648
2026-09-01 18:40:37,5407.7,23.8359,3.96627
2026-09-01 18:40:47,5417.8,23.8671,3.96607
2026-09-01 18:40:57,5427.5,23.8593,3.96587
2026-09-01 18:41:07,5437.5,23.8515,3.96566
2026-09-01 18:41:17,5447.6,23.8593,3.96547
2026-09-01 18:41:27,5457.7,23.8593,3.96530
2026-09-01 18:41:37,5467.4,23.8671,3.96507
2026-09-01 18:41:47,5477.5,23.8515,3.96492
2026-09-01 18:41:57,5487.6,23.8593,3.96473
2026-09-01 18:42:07,5497.7,23.8515,3.96453
2026-09-01 18:42:17,5507.8,23.8359,3.96429
2026-09-01 18:42:27,5517.4,23.8593,3.96415
2026-09-01 18:42:37,5527.5,23.8515,3.96394
2026-09-01 18:42:47,5537.6,23.8515,3.96376
2026-09-01 18:42:57,5547.7,23.8281,3.96358
2026-09-01 18:43:07,5557.4,23.8515,3.96337
2026-09-01 18:43:17,5567.5,23.8437,3.96322
2026-09-01 18:43:27,5577.6,23.8281,3.96301
2026-09-01 18:43:37,5587.7,23.8125,3.96282
2026-09-01 18:43:47,5597.7,23.8359,3.96260
2026-09-01 18:43:57,5607.4,23.8437,3.96243
2026-09-01 18:44:07,5617.5,23.8437,3.96223
2026-09-01 18:44:17,5627.6,23.8437,3.96207
2026-09-01 18:44:27,5637.7,23.8359,3.96188
2026-09-01 18:44:37,5647.4,23.8359,3.96170
2026-09-01 18:44:47,5657.5,23.8203,3.96153
2026-09-01 18:44:57,5667.5,23.8281,3.96131
2026-09-01 18:45:07,5677.6,23.8281,3.96113
2026-09-01 18:45:17,5687.7,23.8281,3.96096
2026-09-01 18:45:27,5697.4,23.8125,3.96076
2026-09-01 18:45:37,5707.5,23.8281,3.96059
2026-09-01 18:45:47,5717.6,23.8125,3.96040
2026-09-01 18:45:57,5727.7,23.8046,3.96020
2026-09-01 18:46:07,5737.8,23.8125,3.96001
2026-09-01 18:46:17,5747.4,23.7890,3.95986
2026-09-01 18:46:27,5757.5,23.8046,3.95966
2026-09-01 18:46:37,5767.6,23.8203,3.95953
2026-09-01 18:46:47,5777.7,23.8203,3.95932
2026-09-01 18:46:57,5787.4,23.8046,3.95914
2026-09-01 18:47:07,5797.5,23.8125,3.95895
2026-09-01 18:47:17,5807.6,23.7890,3.95876
2026-09-01 18:47:27,5817.6,23.8046,3.95861
2026-09-01 18:47:37,5827.7,23.8203,3.95841
2026-09-01 18:47:47,5837.4,23.8046,3.95823
2026-09-01 18:47:57,5847.5,23.8046,3.95808
2026-09-01 18:48:07,5857.6,23.8125,3.95790
2026-09-01 18:48:17,5867.7,23.8281,3.95771
2026-09-01 18:48:27,5877.4,23.8281,3.95755
2026-09-01 18:48:37,5887.5,23.7968,3.95736
2026-09-01 18:48:47,5897.5,23.8203,3.95720
2026-09-01 18:48:57,5907.6,23.8125,3.95701
2026-09-01 18:49:07,5917.7,23.7968,3.95686
2026-09-01 18:49:17,5927.4,23.8125,3.95666
2026-09-01 18:49:27,5937.5,23.7968,3.95651
2026-09-01 18:49:37,5947.6,23.8046,3.95632
2026-09-01 18:49:47,5957.7,23.8046,3.95613
2026-09-01 18:49:57,5967.8,23.8125,3.95602
2026-09-01 18:50:07,5977.4,23.7734,3.95579
2026-09-01 18:50:17,5987.5,23.7890,3.95565
2026-09-01 18:50:27,5997.6,23.7890,3.95544
2026-09-01 18:50:37,6007.7,23.7890,3.95527
2026-09-01 18:50:47,6017.4,23.7890,3.95511
2026-09-01 18:50:57,6027.5,23.7968,3.95493
2026-09-01 18:51:07,6037.6,23.7890,3.95476
2026-09-01 18:51:17,6047.6,23.7734,3.95459
2026-09-01 18:51:27,6057.7,23.7890,3.95445
2026-09-01 18:51:37,6067.4,23.7734,3.95423
2026-09-01 18:51:47,6077.5,23.7656,3.95410
2026-09-01 18:51:57,6087.6,23.7890,3.95391
2026-09-01 18:52:07,6097.7,23.7890,3.95374
2026-09-01 18:52:17,6107.4,23.7890,3.95356
2026-09-01 18:52:27,6117.5,23.7734,3.95342
2026-09-01 18:52:37,6127.5,23.7734,3.95323
2026-09-01 18:52:47,6137.6,23.7968,3.95304
2026-09-01 18:52:57,6147.7,23.7734,3.95293
2026-09-01 18:53:07,6157.4,23.7734,3.95270
2026-09-01 18:53:17,6167.5,23.7656,3.95258
2026-09-01 18:53:27,6177.6,23.7500,3.95240
2026-09-01 18:53:37,6187.7,23.7968,3.95223
2026-09-01 18:53:47,6197.3,23.7578,3.95204
2026-09-01 18:53:57,6207.4,23.7890,3.95190
2026-09-01 18:54:07,6217.5,23.7421,3.95173
2026-09-01 18:54:17,6227.6,23.7656,3.95158
2026-09-01 18:54:27,6237.3,23.7578,3.95139
2026-09-01 18:54:37,6247.4,23.7500,3.95125
2026-09-01 18:54:47,6257.5,23.7578,3.95104
2026-09-01 18:54:57,6267.5,23.7734,3.95091
2026-09-01 18:55:07,6277.6,23.7421,3.95069
2026-09-01 18:55:17,6287.3,23.7656,3.95058
2026-09-01 18:55:27,6297.4,23.7500,3.95037
2026-09-01 18:55:37,6307.5,23.7578,3.95021
2026-09-01 18:55:47,6317.6,23.7500,3.95006
2026-09-01 18:55:57,6327.7,23.7656,3.94988
2026-09-01 18:56:07,6337.4,23.7421,3.94970
2026-09-01 18:56:17,6347.4,23.7421,3.94953
2026-09-01 18:56:27,6357.5,23.7421,3.94938
2026-09-01 18:56:37,6367.6,23.7500,3.94921
2026-09-01 18:56:47,6377.7,23.7500,3.94906
2026-09-01 18:56:57,6387.4,23.7421,3.94887
2026-09-01 18:57:07,6397.5,23.7421,3.94870
2026-09-01 18:57:17,6407.6,23.7421,3.94850
2026-09-01 18:57:27,6417.7,23.7421,3.94837
2026-09-01 18:57:37,6427.3,23.7187,3.94819
2026-09-01 18:57:47,6437.4,23.7265,3.94802
2026-09-01 18:57:57,6447.5,23.7421,3.94783
2026-09-01 18:58:07,6457.6,23.7343,3.94771
2026-09-01 18:58:17,6467.7,23.7343,3.94749
2026-09-01 18:58:27,6477.4,23.7187,3.94732
2026-09-01 18:58:37,6487.5,23.7031,3.94718
2026-09-01 18:58:47,6497.5,23.7109,3.94699
2026-09-01 18:58:57,6507.6,23.7187,3.94683
2026-09-01 18:59:07,6517.7,23.7109,3.94666
2026-09-01 18:59:17,6527.4,23.7109,3.94648
2026-09-01 18:59:27,6537.5,23.7187,3.94629
2026-09-01 18:59:37,6547.6,23.7031,3.94611
2026-09-01 18:59:47,6557.7,23.7265,3.94597
2026-09-01 18:59:57,6567.8,23.7187,3.94576
2026-09-01 19:00:07,6577.4,23.7187,3.94564
2026-09-01 19:00:17,6587.5,23.7031,3.94548
2026-09-01 19:00:27,6597.6,23.7109,3.94527
2026-09-01 19:00:37,6607.7,23.7109,3.94510
2026-09-01 19:00:47,6617.8,23.7031,3.94491
2026-09-01 19:00:57,6627.5,23.7109,3.94476
2026-09-01 19:01:07,6637.6,23.7109,3.94455
2026-09-01 19:01:17,6647.6,23.7109,3.94441
2026-09-01 19:01:27,6657.7,23.7109,3.94421
2026-09-01 19:01:37,6667.4,23.7187,3.94406
2026-09-01 19:01:47,6677.5,23.7031,3.94390
2026-09-01 19:01:57,6687.6,23.6875,3.94369
2026-09-01 19:02:07,6697.7,23.6875,3.94355
2026-09-01 19:02:17,6707.8,23.7031,3.94332
2026-09-01 19:02:27,6717.5,23.6875,3.94320
2026-09-01 19:02:37,6727.5,23.7031,3.94300
2026-09-01 19:02:47,6737.6,23.7031,3.94283
2026-09-01 19:02:57,6747.7,23.6953,3.94263
2026-09-01 19:03:07,6757.4,23.6796,3.94246
2026-09-01 19:03:17,6767.5,23.6953,3.94233
2026-09-01 19:03:27,6777.6,23.7031,3.94213
2026-09-01 19:03:37,6787.7,23.7031,3.94197
2026-09-01 19:03:47,6797.8,23.7109,3.94177
2026-09-01 19:03:57,6807.4,23.7109,3.94158
2026-09-01 19:04:07,6817.5,23.6875,3.94143
2026-09-01 19:04:17,6827.6,23.6953,3.94122
2026-09-01 19:04:27,6837.7,23.7031,3.94108
2026-09-01 19:04:37,6847.8,23.6953,3.94086
2026-09-01 19:04:47,6857.5,23.6796,3.94070
2026-09-01 19:04:57,6867.5,23.6796,3.94051
2026-09-01 19:05:07,6877.6,23.6953,3.94033
2026-09-01 19:05:17,6887.7,23.6875,3.94017
2026-09-01 19:05:27,6897.8,23.6875,3.93999
2026-09-01 19:05:37,6907.5,23.6875,3.93980
2026-09-01 19:05:47,6917.6,23.6875,3.93963
2026-09-01 19:05:57,6927.7,23.6796,3.93944
2026-09-01 19:06:07,6937.8,23.6718,3.93929
2026-09-01 19:06:17,6947.8,23.6796,3.93907
2026-09-01 19:06:27,6957.5,23.6875,3.93893
2026-09-01 19:06:37,6967.6,23.6718,3.93874
2026-09-01 19:06:47,6977.7,23.6796,3.93854
2026-09-01 19:06:57,6987.8,23.6796,3.93841
2026-09-01 19:07:07,6997.5,23.6875,3.93819
2026-09-01 19:07:17,7007.6,23.6796,3.93802
2026-09-01 19:07:27,7017.7,23.6796,3.93787
2026-09-01 19:07:37,7027.7,23.6875,3.93765
2026-09-01 19:07:47,7037.8,23.6796,3.93753
2026-09-01 19:07:57,7047.5,23.6640,3.93732
2026-09-01 19:08:07,7057.6,23.6875,3.93713
2026-09-01 19:08:17,7067.7,23.6796,3.93699
2026-09-01 19:08:27,7077.8,23.6796,3.93674
2026-09-01 19:08:37,7087.9,23.6796,3.93659
2026-09-01 19:08:47,7097.5,23.6718,3.93646
2026-09-01 19:08:57,7107.6,23.6796,3.93625
2026-09-01 19:09:07,7117.7,23.6796,3.93605
2026-09-01 19:09:17,7127.8,23.6796,3.93587
2026-09-01 19:09:27,7137.5,23.6796,3.93571
2026-09-01 19:09:37,7147.6,23.6875,3.93555
2026-09-01 19:09:47,7157.7,23.6718,3.93535
2026-09-01 19:09:57,7167.8,23.6796,3.93516
2026-09-01 19:10:07,7177.8,23.6640,3.93504
2026-09-01 19:10:17,7187.9,23.6640,3.93479
2026-09-01 19:10:27,7197.6,23.6640,3.93463
2026-09-01 19:10:37,7207.7,23.6640,3.93449
2026-09-01 19:10:47,7217.8,23.6484,3.93428
2026-09-01 19:10:57,7227.9,23.6484,3.93409
2026-09-01 19:11:07,7237.6,23.6484,3.93394
2026-09-01 19:11:17,7247.7,23.6718,3.93375
2026-09-01 19:11:27,7257.7,23.6640,3.93355
2026-09-01 19:11:37,7267.8,23.6718,3.93343
2026-09-01 19:11:47,7277.9,23.6484,3.93320
2026-09-01 19:11:57,7287.6,23.6640,3.93304
2026-09-01 19:12:07,7297.7,23.6406,3.93287
2026-09-01 19:12:17,7307.8,23.6484,3.93266
2026-09-01 19:12:27,7317.9,23.6484,3.93249
2026-09-01 19:12:37,7327.9,23.6484,3.93234
2026-09-01 19:12:47,7337.6,23.6406,3.93216
2026-09-01 19:12:57,7347.7,23.6328,3.93196
2026-09-01 19:13:07,7357.8,23.6406,3.93184
2026-09-01 19:13:17,7367.9,23.6406,3.93162
2026-09-01 19:13:27,7377.6,23.6484,3.93142
2026-09-01 19:13:37,7387.7,23.6718,3.93127
2026-09-01 19:13:47,7397.8,23.6484,3.93109
2026-09-01 19:13:57,7407.8,23.6328,3.93093
2026-09-01 19:14:07,7417.9,23.6640,3.93075
2026-09-01 19:14:17,7427.6,23.6484,3.93060
2026-09-01 19:14:27,7437.7,23.6328,3.93038
2026-09-01 19:14:37,7447.8,23.6328,3.93023
2026-09-01 19:14:47,7457.9,23.6484,3.93008
2026-09-01 19:14:57,7467.6,23.6484,3.92987
2026-09-01 19:15:07,7477.6,23.6328,3.92971
2026-09-01 19:15:17,7487.7,23.6250,3.92954
2026-09-01 19:15:27,7497.8,23.6328,3.92934
2026-09-01 19:15:37,7507.9,23.6406,3.92917
2026-09-01 19:15:47,7517.6,23.6250,3.92901
2026-09-01 19:15:57,7527.7,23.6406,3.92887
2026-09-01 19:16:07,7537.8,23.6328,3.92866
2026-09-01 19:16:17,7547.9,23.6328,3.92850
2026-09-01 19:16:27,7557.5,23.6406,3.92832
2026-09-01 19:16:37,7567.6,23.6250,3.92819
2026-09-01 19:16:47,7577.7,23.6171,3.92796
2026-09-01 19:16:57,7587.8,23.6328,3.92782
2026-09-01 19:17:07,7597.9,23.6328,3.92764
2026-09-01 19:17:17,7607.6,23.6328,3.92748
2026-09-01 19:17:27,7617.7,23.6406,3.92730
2026-09-01 19:17:37,7627.8,23.6406,3.92713
2026-09-01 19:17:47,7637.8,23.6328,3.92698
2026-09-01 19:17:57,7647.9,23.6406,3.92676
2026-09-01 19:18:07,7657.6,23.6484,3.92662
2026-09-01 19:18:17,7667.7,23.6328,3.92645
2026-09-01 19:18:27,7677.8,23.6250,3.92629
2026-09-01 19:18:37,7687.9,23.6406,3.92611
2026-09-01 19:18:47,7698.0,23.6250,3.92595
2026-09-01 19:18:57,7707.6,23.6250,3.92578
2026-09-01 19:19:07,7717.7,23.6328,3.92563
2026-09-01 19:19:17,7727.8,23.6328,3.92543
2026-09-01 19:19:27,7737.9,23.6250,3.92526
2026-09-01 19:19:37,7747.6,23.6328,3.92512
2026-09-01 19:19:47,7757.7,23.5937,3.92495
2026-09-01 19:19:57,7767.8,23.6250,3.92475
2026-09-01 19:20:07,7777.8,23.6171,3.92457
2026-09-01 19:20:17,7787.9,23.6171,3.92448
2026-09-01 19:20:27,7797.6,23.6171,3.92431
2026-09-01 19:20:37,7807.7,23.6015,3.92407
2026-09-01 19:20:47,7817.8,23.6015,3.92394
2026-09-01 19:20:57,7827.9,23.6093,3.92377
2026-09-01 19:21:07,7838.0,23.6093,3.92358
2026-09-01 19:21:17,7847.7,23.6015,3.92345
2026-09-01 19:21:27,7857.7,23.6015,3.92327
2026-09-01 19:21:37,7867.8,23.6093,3.92310
2026-09-01 19:21:47,7877.9,23.6093,3.92297
2026-09-01 19:21:57,7887.6,23.5781,3.92281
2026-09-01 19:22:07,7897.7,23.5937,3.92260
2026-09-01 19:22:17,7907.8,23.5937,3.92242
2026-09-01 19:22:27,7917.9,23.6093,3.92232
2026-09-01 19:22:37,7928.0,23.5937,3.92210
2026-09-01 19:22:47,7937.6,23.5703,3.92194
2026-09-01 19:22:57,7947.7,23.5781,3.92180
2026-09-01 19:23:07,7957.8,23.5859,3.92164
2026-09-01 19:23:17,7967.9,23.5703,3.92147
2026-09-01 19:23:27,7978.0,23.5781,3.92129
2026-09-01 19:23:37,7987.7,23.6015,3.92112
2026-09-01 19:23:47,7997.8,23.5703,3.92097
2026-09-01 19:23:57,8007.8,23.5703,3.92085
2026-09-01 19:24:07,8017.9,23.5937,3.92065
2026-09-01 19:24:17,8028.0,23.5937,3.92048
2026-09-01 19:24:27,8037.7,23.5859,3.92033
2026-09-01 19:24:37,8047.8,23.5859,3.92018
2026-09-01 19:24:47,8057.9,23.5703,3.92001
2026-09-01 19:24:57,8068.0,23.5625,3.91982
2026-09-01 19:25:07,8078.0,23.5546,3.91966
2026-09-01 19:25:17,8087.7,23.5781,3.91950
2026-09-01 19:25:27,8097.8,23.5781,3.91937
2026-09-01 19:25:37,8107.9,23.5703,3.91919
2026-09-01 19:25:47,8118.0,23.5859,3.91903
2026-09-01 19:25:57,8127.7,23.5546,3.91886
2026-09-01 19:26:07,8137.8,23.5468,3.91868
2026-09-01 19:26:17,8147.9,23.5703,3.91859
2026-09-01 19:26:27,8157.9,23.5703,3.91836
2026-09-01 19:26:37,8168.0,23.5546,3.91820
2026-09-01 19:26:47,8177.7,23.5781,3.91804
2026-09-01 19:26:57,8187.8,23.5625,3.91789
2026-09-01 19:27:07,8197.9,23.5703,3.91777
2026-09-01 19:27:17,8208.0,23.5703,3.91756
2026-09-01 19:27:27,8218.1,23.5546,3.91742
2026-09-01 19:27:37,8227.8,23.5625,3.91722
2026-09-01 19:27:47,8237.8,23.5468,3.91708
2026-09-01 19:27:57,8247.9,23.5781,3.91693
2026-09-01 19:28:07,8258.0,23.5546,3.91675
2026-09-01 19:28:17,8267.7,23.5625,3.91661
2026-09-01 19:28:27,8277.8,23.5312,3.91644
2026-09-01 19:28:37,8287.9,23.5546,3.91626
2026-09-01 19:28:47,8298.0,23.5468,3.91611
2026-09-01 19:28:57,8307.6,23.5468,3.91597
2026-09-01 19:29:07,8317.7,23.5546,3.91584
2026-09-01 19:29:17,8327.8,23.5546,3.91563
2026-09-01 19:29:27,8337.9,23.5312,3.91548
2026-09-01 19:29:37,8348.0,23.5156,3.91530
2026-09-01 19:29:47,8357.7,23.5312,3.91515
2026-09-01 19:29:57,8367.8,23.5625,3.91500
2026-09-01 19:30:07,8377.8,23.5312,3.91485
2026-09-01 19:30:17,8387.9,23.5312,3.91465
2026-09-01 19:30:27,8398.0,23.5312,3.91451
2026-09-01 19:30:37,8407.7,23.5312,3.91434
2026-09-01 19:30:47,8417.8,23.5312,3.91418
2026-09-01 19:30:57,8427.9,23.5312,3.91403
2026-09-01 19:31:07,8438.0,23.5468,3.91388
2026-09-01 19:31:17,8447.7,23.5546,3.91373
2026-09-01 19:31:27,8457.8,23.5546,3.91355
2026-09-01 19:31:37,8467.8,23.5468,3.91337
2026-09-01 19:31:47,8477.9,23.5625,3.91322
2026-09-01 19:31:57,8488.0,23.5546,3.91304
2026-09-01 19:32:07,8497.7,23.5312,3.91287
2026-09-01 19:32:17,8507.8,23.5312,3.91272
2026-09-01 19:32:27,8517.9,23.5312,3.91260
2026-09-01 19:32:37,8528.0,23.5312,3.91239
2026-09-01 19:32:47,8537.6,23.5468,3.91228
2026-09-01 19:32:57,8547.7,23.5546,3.91208
2026-09-01 19:33:07,8557.8,23.5468,3.91192
2026-09-01 19:33:17,8567.9,23.5468,3.91176
2026-09-01 19:33:27,8578.0,23.5546,3.91158
2026-09-01 19:33:37,8587.7,23.5156,3.91142
2026-09-01 19:33:47,8597.8,23.5234,3.91130
2026-09-01 19:33:57,8607.8,23.5234,3.91113
2026-09-01 19:34:07,8617.9,23.5468,3.91095
2026-09-01 19:34:17,8627.6,23.5234,3.91082
2026-09-01 19:34:27,8637.7,23.5468,3.91063
2026-09-01 19:34:37,8647.8,23.5468,3.91044
2026-09-01 19:34:47,8657.9,23.5468,3.91031
2026-09-01 19:34:57,8668.0,23.5234,3.91014
2026-09-01 19:35:07,8677.7,23.5546,3.90997
2026-09-01 19:35:17,8687.7,23.5156,3.90982
2026-09-01 19:35:27,8697.8,23.5546,3.90968
2026-09-01 19:35:37,8707.9,23.5156,3.90952
2026-09-01 19:35:47,8717.6,23.5312,3.90936
2026-09-01 19:35:57,8727.7,23.5156,3.90918
2026-09-01 19:36:07,8737.8,23.5156,3.90900
2026-09-01 19:36:17,8747.9,23.5078,3.90882
2026-09-01 19:36:27,8757.5,23.5156,3.90866
2026-09-01 19:36:37,8767.6,23.5234,3.90852
2026-09-01 19:36:47,8777.7,23.5546,3.90835
2026-09-01 19:36:57,8787.8,23.5234,3.90820
2026-09-01 19:37:07,8797.9,23.5312,3.90803
2026-09-01 19:37:17,8807.6,23.5156,3.90787
2026-09-01 19:37:27,8817.7,23.5234,3.90772
2026-09-01 19:37:37,8827.8,23.5234,3.90758
2026-09-01 19:37:47,8837.8,23.5312,3.90742
2026-09-01 19:37:57,8847.5,23.5156,3.90726
2026-09-01 19:38:07,8857.6,23.5156,3.90711
2026-09-01 19:38:17,8867.7,23.5234,3.90692
2026-09-01 19:38:27,8877.8,23.5156,3.90672
2026-09-01 19:38:37,8887.9,23.5468,3.90659
2026-09-01 19:38:47,8897.6,23.5234,3.90643
2026-09-01 19:38:57,8907.6,23.5078,3.90625
2026-09-01 19:39:07,8917.7,23.5156,3.90609
2026-09-01 19:39:17,8927.8,23.5156,3.90595
2026-09-01 19:39:27,8937.5,23.5312,3.90576
2026-09-01 19:39:37,8947.6,23.5312,3.90563
2026-09-01 19:39:47,8957.7,23.5312,3.90544
2026-09-01 19:39:57,8967.8,23.5234,3.90529
2026-09-01 19:40:07,8977.5,23.5312,3.90515
2026-09-01 19:40:17,8987.5,23.5156,3.90496
2026-09-01 19:40:27,8997.6,23.5234,3.90481
2026-09-01 19:40:37,9007.7,23.5156,3.90466
2026-09-01 19:40:47,9017.8,23.5234,3.90451
2026-09-01 19:40:57,9027.5,23.5078,3.90434
2026-09-01 19:41:07,9037.6,23.5078,3.90419
2026-09-01 19:41:17,9047.7,23.5078,3.90405
2026-09-01 19:41:27,9057.8,23.5000,3.90385
2026-09-01 19:41:37,9067.4,23.4921,3.90371
2026-09-01 19:41:47,9077.5,23.5000,3.90355
2026-09-01 19:41:57,9087.6,23.5234,3.90337
2026-09-01 19:42:07,9097.7,23.5156,3.90318
2026-09-01 19:42:17,9107.8,23.4921,3.90301
2026-09-01 19:42:27,9117.5,23.5078,3.90289
2026-09-01 19:42:37,9127.5,23.5000,3.90272
2026-09-01 19:42:47,9137.6,23.5156,3.90255
2026-09-01 19:42:57,9147.7,23.5156,3.90237
2026-09-01 19:43:07,9157.4,23.5078,3.90224
2026-09-01 19:43:17,9167.5,23.5078,3.90205
2026-09-01 19:43:27,9177.6,23.5156,3.90189
2026-09-01 19:43:37,9187.7,23.5000,3.90175
2026-09-01 19:43:47,9197.8,23.5078,3.90158
2026-09-01 19:43:57,9207.4,23.5000,3.90141
2026-09-01 19:44:07,9217.5,23.5000,3.90127
2026-09-01 19:44:17,9227.6,23.5000,3.90112
2026-09-01 19:44:27,9237.7,23.5078,3.90093
2026-09-01 19:44:37,9247.4,23.4921,3.90080
2026-09-01 19:44:47,9257.5,23.5000,3.90062
2026-09-01 19:44:57,9267.6,23.5156,3.90048
2026-09-01 19:45:07,9277.7,23.5078,3.90030
2026-09-01 19:45:17,9287.7,23.5000,3.90016
2026-09-01 19:45:27,9297.4,23.5156,3.89997
2026-09-01 19:45:37,9307.5,23.5156,3.89984
2026-09-01 19:45:47,9317.6,23.5078,3.89969
2026-09-01 19:45:57,9327.7,23.5078,3.89952
2026-09-01 19:46:07,9337.4,23.5000,3.89936
2026-09-01 19:46:17,9347.5,23.5234,3.89920
2026-09-01 19:46:27,9357.5,23.5000,3.89902
2026-09-01 19:46:37,9367.6,23.5312,3.89888
2026-09-01 19:46:47,9377.7,23.5000,3.89872
2026-09-01 19:46:57,9387.4,23.5078,3.89856
2026-09-01 19:47:07,9397.5,23.5078,3.89841
2026-09-01 19:47:17,9407.6,23.4921,3.89821
2026-09-01 19:47:27,9417.7,23.5000,3.89808
2026-09-01 19:47:37,9427.4,23.5000,3.89796
2026-09-01 19:47:47,9437.4,23.5078,3.89780
2026-09-01 19:47:57,9447.5,23.5000,3.89764
2026-09-01 19:48:07,9457.6,23.5234,3.89747
2026-09-01 19:48:17,9467.7,23.5000,3.89729
2026-09-01 19:48:27,9477.4,23.5078,3.89715
2026-09-01 19:48:37,9487.5,23.5234,3.89703
2026-09-01 19:48:47,9497.6,23.5000,3.89686
2026-09-01 19:48:57,9507.6,23.5078,3.89670
2026-09-01 19:49:07,9517.3,23.5000,3.89653
2026-09-01 19:49:17,9527.4,23.5000,3.89636
2026-09-01 19:49:27,9537.5,23.4921,3.89621
2026-09-01 19:49:37,9547.6,23.5156,3.89605
2026-09-01 19:49:47,9557.7,23.4843,3.89588
2026-09-01 19:49:57,9567.4,23.5000,3.89572
2026-09-01 19:50:07,9577.5,23.5000,3.89556
2026-09-01 19:50:17,9587.5,23.5078,3.89542
2026-09-01 19:50:27,9597.6,23.5156,3.89525
2026-09-01 19:50:37,9607.3,23.4921,3.89511
2026-09-01 19:50:47,9617.4,23.4921,3.89495
2026-09-01 19:50:57,9627.5,23.4921,3.89479
2026-09-01 19:51:07,9637.6,23.4921,3.89463
2026-09-01 19:51:17,9647.7,23.5000,3.89448
2026-09-01 19:51:27,9657.3,23.5000,3.89432
2026-09-01 19:51:37,9667.4,23.5000,3.89416
2026-09-01 19:51:47,9677.5,23.4843,3.89402
2026-09-01 19:51:57,9687.6,23.5000,3.89386
2026-09-01 19:52:07,9697.3,23.5000,3.89373
2026-09-01 19:52:17,9707.4,23.5000,3.89356
2026-09-01 19:52:27,9717.5,23.4921,3.89341
2026-09-01 19:52:37,9727.6,23.5000,3.89327
2026-09-01 19:52:47,9737.6,23.4921,3.89310
2026-09-01 19:52:57,9747.3,23.4921,3.89294
2026-09-01 19:53:07,9757.4,23.4843,3.89277
2026-09-01 19:53:17,9767.5,23.4921,3.89263
2026-09-01 19:53:27,9777.6,23.5000,3.89248
2026-09-01 19:53:37,9787.3,23.4921,3.89229
2026-09-01 19:53:47,9797.4,23.4921,3.89216
2026-09-01 19:53:57,9807.5,23.4921,3.89201
2026-09-01 19:54:07,9817.5,23.5000,3.89186
2026-09-01 19:54:17,9827.6,23.5000,3.89170
2026-09-01 19:54:27,9837.3,23.4843,3.89156
2026-09-01 19:54:37,9847.4,23.4921,3.89140
2026-09-01 19:54:47,9857.5,23.4687,3.89125
2026-09-01 19:54:57,9867.6,23.4921,3.89110
2026-09-01 19:55:07,9877.7,23.4921,3.89094
2026-09-01 19:55:17,9887.3,23.4843,3.89078
2026-09-01 19:55:27,9897.4,23.4765,3.89063
2026-09-01 19:55:37,9907.5,23.5000,3.89049
2026-09-01 19:55:47,9917.6,23.4765,3.89032
2026-09-01 19:55:57,9927.3,23.4921,3.89021
2026-09-01 19:56:07,9937.4,23.4843,3.89005
2026-09-01 19:56:17,9947.5,23.5000,3.88991
2026-09-01 19:56:27,9957.5,23.4921,3.88976
2026-09-01 19:56:37,9967.6,23.4843,3.88959
2026-09-01 19:56:47,9977.3,23.4765,3.88940
2026-09-01 19:56:57,9987.4,23.4921,3.88928
2026-09-01 19:57:07,9997.5,23.4921,3.88911
2026-09-01 19:57:17,10007.6,23.4921,3.88898
2026-09-01 19:57:27,10017.3,23.4765,3.88882
2026-09-01 19:57:37,10027.4,23.4765,3.88869
2026-09-01 19:57:47,10037.4,23.4843,3.88853
2026-09-01 19:57:57,10047.5,23.4921,3.88839
2026-09-01 19:58:07,10057.2,23.4687,3.88822
2026-09-01 19:58:17,10067.3,23.4843,3.88807
2026-09-01 19:58:27,10077.4,23.4843,3.88792
2026-09-01 19:58:37,10087.5,23.4687,3.88778
2026-09-01 19:58:47,10097.6,23.4765,3.88762
2026-09-01 19:58:57,10107.2,23.4609,3.88749
2026-09-01 19:59:07,10117.3,23.4687,3.88734
2026-09-01 19:59:17,10127.4,23.4843,3.88722
2026-09-01 19:59:27,10137.5,23.4609,3.88703
2026-09-01 19:59:37,10147.6,23.4765,3.88687
2026-09-01 19:59:47,10157.3,23.4687,3.88674
2026-09-01 19:59:57,10167.4,23.5000,3.88657
2026-09-01 20:00:07,10177.5,23.4765,3.88642
2026-09-01 20:00:17,10187.5,23.4687,3.88627
2026-09-01 20:00:27,10197.2,23.4609,3.88640
2026-09-01 20:00:37,10207.3,23.4765,3.88633
2026-09-01 20:00:47,10217.4,23.4531,3.88622
2026-09-01 20:00:57,10227.5,23.4531,3.88609
2026-09-01 20:01:07,10237.6,23.4609,3.88596
2026-09-01 20:01:17,10247.3,23.4531,3.88584
2026-09-01 20:01:27,10257.3,23.4609,3.88568
2026-09-01 20:01:37,10267.4,23.4375,3.88554
2026-09-01 20:01:47,10277.5,23.4531,3.88542
2026-09-01 20:01:57,10287.6,23.4375,3.88526
2026-09-01 20:02:07,10297.3,23.4531,3.88514
2026-09-01 20:02:17,10307.4,23.4531,3.88500
2026-09-01 20:02:27,10317.5,23.4296,3.88488
2026-09-01 20:02:37,10327.6,23.4296,3.88475
2026-09-01 20:02:47,10337.2,23.4375,3.88459
2026-09-01 20:02:57,10347.3,23.4375,3.88446
2026-09-01 20:03:07,10357.4,23.4296,3.88432
2026-09-01 20:03:17,10367.5,23.4296,3.88421
2026-09-01 20:03:27,10377.6,23.4375,3.88405
2026-09-01 20:03:37,10387.3,23.4375,3.88392
2026-09-01 20:03:47,10397.4,23.4453,3.88380
2026-09-01 20:03:57,10407.5,23.4296,3.88364
2026-09-01 20:04:07,10417.5,23.4375,3.88351
2026-09-01 20:04:17,10427.2,23.4531,3.88340
2026-09-01 20:04:27,10437.3,23.4375,3.88326
2026-09-01 20:04:37,10447.4,23.4140,3.88313
2026-09-01 20:04:47,10457.5,23.4296,3.88299
2026-09-01 20:04:56,10467.2,23.4140,3.88286
2026-09-01 20:05:07,10477.3,23.4296,3.88272
2026-09-01 20:05:17,10487.3,23.4453,3.88256
2026-09-01 20:05:27,10497.4,23.4296,3.88245
2026-09-01 20:05:37,10507.5,23.4375,3.88231
2026-09-01 20:05:47,10517.2,23.4140,3.88217
2026-09-01 20:05:57,10527.3,23.4375,3.88205
2026-09-01 20:06:07,10537.4,23.4140,3.88189
2026-09-01 20:06:17,10547.5,23.4296,3.88178
2026-09-01 20:06:26,10557.2,23.4375,3.88165
2026-09-01 20:06:37,10567.2,23.4296,3.88151
2026-09-01 20:06:47,10577.3,23.4296,3.88135
2026-09-01 20:06:57,10587.4,23.4296,3.88123
2026-09-01 20:07:07,10597.5,23.4375,3.88110
2026-09-01 20:07:17,10607.2,23.4140,3.88098
2026-09-01 20:07:27,10617.3,23.4140,3.88083
2026-09-01 20:07:37,10627.4,23.4062,3.88071
2026-09-01 20:07:47,10637.5,23.4062,3.88056
2026-09-01 20:07:56,10647.1,23.4062,3.88045
2026-09-01 20:08:07,10657.2,23.4140,3.88029
2026-09-01 20:08:17,10667.3,23.4140,3.88019
2026-09-01 20:08:27,10677.4,23.4140,3.88005
2026-09-01 20:08:37,10687.5,23.4062,3.87991
2026-09-01 20:08:46,10697.2,23.4296,3.87978
2026-09-01 20:08:57,10707.2,23.4140,3.87965
2026-09-01 20:09:07,10717.3,23.4140,3.87950
2026-09-01 20:09:17,10727.4,23.4062,3.87937
2026-09-01 20:09:26,10737.1,23.3984,3.87923
2026-09-01 20:09:37,10747.2,23.4296,3.87910
2026-09-01 20:09:47,10757.3,23.4062,3.87897
2026-09-01 20:09:57,10767.4,23.4140,3.87885
2026-09-01 20:10:07,10777.5,23.4296,3.87870
2026-09-01 20:10:16,10787.1,23.4140,3.87858
2026-09-01 20:10:27,10797.2,23.4296,3.87846
2026-09-01 20:10:37,10807.3,23.4140,3.87832
2026-09-01 20:10:47,10817.4,23.4140,3.87818
2026-09-01 20:10:56,10827.1,23.4140,3.87805
2026-09-01 20:11:07,10837.2,23.4140,3.87793
2026-09-01 20:11:17,10847.3,23.4062,3.87779
2026-09-01 20:11:27,10857.4,23.4140,3.87766
2026-09-01 20:11:36,10867.0,23.4062,3.87753
2026-09-01 20:11:46,10877.1,23.4140,3.87742
2026-09-01 20:11:57,10887.2,23.4062,3.87729
2026-09-01 20:12:07,10897.3,23.4140,3.87715
2026-09-01 20:12:17,10907.4,23.4062,3.87703
2026-09-01 20:12:26,10917.1,23.4453,3.87690
2026-09-01 20:12:36,10927.2,23.4062,3.87678
2026-09-01 20:12:47,10937.2,23.4296,3.87664
2026-09-01 20:12:57,10947.3,23.4140,3.87651
2026-09-01 20:13:07,10957.4,23.4062,3.87638
2026-09-01 20:13:16,10967.1,23.4140,3.87626
2026-09-01 20:13:27,10977.2,23.4062,3.87610
2026-09-01 20:13:37,10987.3,23.4062,3.87600
2026-09-01 20:13:47,10997.4,23.4062,3.87587
2026-09-01 20:13:56,11007.0,23.3984,3.87572
2026-09-01 20:14:06,11017.1,23.4062,3.87559
2026-09-01 20:14:17,11027.2,23.4062,3.87548
2026-09-01 20:14:27,11037.3,23.3984,3.87533
2026-09-01 20:14:37,11047.4,23.4140,3.87520
2026-09-01 20:14:46,11057.1,23.4140,3.87508
2026-09-01 20:14:56,11067.2,23.4140,3.87494
2026-09-01 20:15:07,11077.3,23.4140,3.87484
2026-09-01 20:15:17,11087.3,23.4296,3.87469
2026-09-01 20:15:26,11097.0,23.4062,3.87457
2026-09-01 20:15:36,11107.1,23.4062,3.87446
2026-09-01 20:15:47,11117.2,23.4140,3.87433
2026-09-01 20:15:57,11127.3,23.4062,3.87420
2026-09-01 20:16:07,11137.4,23.4296,3.87405
2026-09-01 20:16:16,11147.1,23.4062,3.87393
2026-09-01 20:16:26,11157.2,23.4375,3.87380
2026-09-01 20:16:37,11167.2,23.3984,3.87367
2026-09-01 20:16:47,11177.3,23.3984,3.87357
2026-09-01 20:16:56,11187.0,23.4140,3.87343
2026-09-01 20:17:06,11197.1,23.3984,3.87330
2026-09-01 20:17:17,11207.2,23.4140,3.87319
2026-09-01 20:17:27,11217.3,23.4062,3.87306
2026-09-01 20:17:37,11227.4,23.4062,3.87290
2026-09-01 20:17:46,11237.0,23.4062,3.87278
2026-09-01 20:17:56,11247.1,23.4062,3.87265
2026-09-01 20:18:07,11257.2,23.4140,3.87255
2026-09-01 20:18:17,11267.3,23.3984,3.87243
2026-09-01 20:18:26,11277.0,23.3906,3.87230
2026-09-01 20:18:36,11287.1,23.4375,3.87218
2026-09-01 20:18:46,11297.2,23.3984,3.87203
2026-09-01 20:18:57,11307.2,23.4140,3.87193
2026-09-01 20:19:07,11317.3,23.4062,3.87177
2026-09-01 20:19:16,11327.0,23.4140,3.87165
2026-09-01 20:19:26,11337.1,23.4140,3.87153
2026-09-01 20:19:37,11347.2,23.4296,3.87140
2026-09-01 20:19:47,11357.3,23.4062,3.87130
2026-09-01 20:19:56,11367.0,23.3828,3.87115
2026-09-01 20:20:06,11377.1,23.4140,3.87102
2026-09-01 20:20:16,11387.2,23.4140,3.87092
2026-09-01 20:20:27,11397.2,23.4062,3.87078
2026-09-01 20:20:36,11406.9,23.3984,3.87065
2026-09-01 20:20:46,11417.0,23.4296,3.87055
2026-09-01 20:20:56,11427.1,23.4296,3.87042
2026-09-01 20:21:07,11437.2,23.4062,3.87030
2026-09-01 20:21:17,11447.3,23.3906,3.87015
2026-09-01 20:21:26,11457.0,23.4062,3.87006
2026-09-01 20:21:36,11467.0,23.4062,3.86992
2026-09-01 20:21:46,11477.1,23.3906,3.86981
2026-09-01 20:21:57,11487.2,23.3984,3.86966
2026-09-01 20:22:06,11496.9,23.3828,3.86956
2026-09-01 20:22:16,11507.0,23.3906,3.86942
2026-09-01 20:22:26,11517.1,23.3984,3.86931
2026-09-01 20:22:36,11527.2,23.3984,3.86916
2026-09-01 20:22:47,11537.2,23.3906,3.86906
2026-09-01 20:22:56,11546.9,23.3906,3.86891
2026-09-01 20:23:06,11557.0,23.3750,3.86881
2026-09-01 20:23:16,11567.1,23.3984,3.86869
2026-09-01 20:23:27,11577.2,23.3906,3.86856
2026-09-01 20:23:36,11586.9,23.3906,3.86844
2026-09-01 20:23:46,11597.0,23.3906,3.86831
2026-09-01 20:23:56,11607.1,23.4062,3.86818
2026-09-01 20:24:06,11617.1,23.3828,3.86809
2026-09-01 20:24:17,11627.2,23.3906,3.86794
2026-09-01 20:24:26,11636.9,23.3984,3.86782
2026-09-01 20:24:36,11647.0,23.3984,3.86769
2026-09-01 20:24:46,11657.1,23.4062,3.86759
2026-09-01 20:24:57,11667.2,23.3984,3.86745
2026-09-01 20:25:06,11676.9,23.4140,3.86736
2026-09-01 20:25:16,11687.0,23.3906,3.86723
2026-09-01 20:25:26,11697.0,23.3984,3.86708
2026-09-01 20:25:36,11707.1,23.4062,3.86696
2026-09-01 20:25:47,11717.2,23.4140,3.86684
2026-09-01 20:25:56,11726.9,23.4062,3.86674
2026-09-01 20:26:06,11737.0,23.3906,3.86659
2026-09-01 20:26:16,11747.1,23.3984,3.86649
2026-09-01 20:26:26,11757.2,23.3828,3.86638
2026-09-01 20:26:37,11767.2,23.3750,3.86626
2026-09-01 20:26:46,11776.9,23.4062,3.86614
2026-09-01 20:26:56,11787.0,23.4140,3.86600
2026-09-01 20:27:06,11797.1,23.3984,3.86589
2026-09-01 20:27:17,11807.2,23.3984,3.86575
2026-09-01 20:27:26,11816.9,23.3984,3.86565
2026-09-01 20:27:36,11827.0,23.3750,3.86552
2026-09-01 20:27:46,11837.0,23.3906,3.86541
2026-09-01 20:27:56,11847.1,23.3984,3.86529
2026-09-01 20:28:07,11857.2,23.4062,3.86518
2026-09-01 20:28:16,11866.9,23.3984,3.86503
2026-09-01 20:28:26,11877.0,23.3984,3.86491
2026-09-01 20:28:36,11887.1,23.3906,3.86480
2026-09-01 20:28:46,11897.2,23.3906,3.86469
2026-09-01 20:28:56,11906.9,23.3906,3.86455
2026-09-01 20:29:06,11916.9,23.4062,3.86443
2026-09-01 20:29:16,11927.0,23.3984,3.86431
2026-09-01 20:29:26,11937.1,23.4140,3.86419
2026-09-01 20:29:36,11946.8,23.3906,3.86410
2026-09-01 20:29:46,11956.9,23.3906,3.86398
2026-09-01 20:29:56,11967.0,23.3984,3.86386
2026-09-01 20:30:06,11977.1,23.3906,3.86371
2026-09-01 20:30:16,11987.2,23.3984,3.86360
2026-09-01 20:30:26,11996.8,23.3906,3.86348
2026-09-01 20:30:36,12006.9,23.3828,3.86338
2026-09-01 20:30:46,12017.0,23.3906,3.86325
2026-09-01 20:30:56,12027.1,23.3984,3.86315
2026-09-01 20:31:06,12036.8,23.3906,3.86301
2026-09-01 20:31:16,12046.9,23.3906,3.86291
2026-09-01 20:31:26,12057.0,23.3906,3.86278
2026-09-01 20:31:36,12067.0,23.3906,3.86266
2026-09-01 20:31:46,12076.7,23.3984,3.86256
2026-09-01 20:31:56,12086.8,23.3750,3.86241
2026-09-01 20:32:06,12096.9,23.3906,3.86229
2026-09-01 20:32:16,12107.0,23.3984,3.86217
2026-09-01 20:32:26,12117.1,23.3906,3.86208
2026-09-01 20:32:36,12126.8,23.3750,3.86197
2026-09-01 20:32:46,12136.8,23.3750,3.86185
2026-09-01 20:32:56,12146.9,23.3906,3.86170
2026-09-01 20:33:06,12157.0,23.3828,3.86159
2026-09-01 20:33:16,12166.7,23.3984,3.86148
2026-09-01 20:33:26,12176.8,23.3750,3.86136
2026-09-01 20:33:36,12186.9,23.3906,3.86124
2026-09-01 20:33:46,12197.0,23.3906,3.86112
2026-09-01 20:33:56,12207.1,23.3828,3.86102
2026-09-01 20:34:06,12216.8,23.3828,3.86090
2026-09-01 20:34:16,12226.8,23.3828,3.86078
2026-09-01 20:34:26,12236.9,23.3906,3.86065
2026-09-01 20:34:36,12247.0,23.3828,3.86056
2026-09-01 20:34:46,12256.7,23.3828,3.86045
2026-09-01 20:34:56,12266.8,23.3750,3.86033
2026-09-01 20:35:06,12276.9,23.4062,3.86021
2026-09-01 20:35:16,12287.0,23.3984,3.86009
2026-09-01 20:35:26,12297.0,23.3828,3.85996
2026-09-01 20:35:36,12306.7,23.3828,3.85987
2026-09-01 20:35:46,12316.8,23.3750,3.85974
2026-09-01 20:35:56,12326.9,23.3750,3.85961
2026-09-01 20:36:06,12337.0,23.3828,3.85950
2026-09-01 20:36:16,12346.7,23.3906,3.85941
2026-09-01 20:36:26,12356.8,23.3828,3.85929
2026-09-01 20:36:36,12366.8,23.3828,3.85918
2026-09-01 20:36:46,12376.9,23.3671,3.85904
2026-09-01 20:36:56,12387.0,23.3828,3.85893
2026-09-01 20:37:06,12396.7,23.3828,3.85880
2026-09-01 20:37:16,12406.8,23.3828,3.85869
2026-09-01 20:37:26,12416.9,23.3671,3.85860
2026-09-01 20:37:36,12427.0,23.3750,3.85847
2026-09-01 20:37:46,12436.7,23.3671,3.85837
2026-09-01 20:37:56,12446.7,23.3671,3.85824
2026-09-01 20:38:06,12456.8,23.3828,3.85813
2026-09-01 20:38:16,12466.9,23.3750,3.85800
2026-09-01 20:38:26,12476.6,23.3828,3.85792
2026-09-01 20:38:36,12486.7,23.3750,3.85777
2026-09-01 20:38:46,12496.8,23.3828,3.85767
2026-09-01 20:38:56,12506.9,23.3828,3.85756
2026-09-01 20:39:06,12517.0,23.3828,3.85745
2026-09-01 20:39:16,12526.6,23.3750,3.85731
2026-09-01 20:39:26,12536.7,23.3671,3.85721
2026-09-01 20:39:36,12546.8,23.3828,3.85709
2026-09-01 20:39:46,12556.9,23.3906,3.85697
2026-09-01 20:39:56,12566.6,23.3828,3.85686
2026-09-01 20:40:06,12576.7,23.3671,3.85677
2026-09-01 20:40:16,12586.8,23.3828,3.85665
2026-09-01 20:40:26,12596.8,23.3828,3.85652
2026-09-01 20:40:36,12606.9,23.3671,3.85642
2026-09-01 20:40:46,12616.6,23.3750,3.85630
2026-09-01 20:40:56,12626.7,23.3750,3.85618
2026-09-01 20:41:06,12636.8,23.3828,3.85605
2026-09-01 20:41:16,12646.9,23.3671,3.85598
2026-09-01 20:41:26,12656.6,23.3828,3.85585
2026-09-01 20:41:36,12666.6,23.3750,3.85575
2026-09-01 20:41:46,12676.7,23.3671,3.85564
2026-09-01 20:41:56,12686.8,23.3750,3.85552
2026-09-01 20:42:06,12696.9,23.3671,3.85538
2026-09-01 20:42:16,12706.6,23.3750,3.85528
2026-09-01 20:42:26,12716.7,23.3671,3.85519
2026-09-01 20:42:36,12726.8,23.3750,3.85505
2026-09-01 20:42:46,12736.9,23.3750,3.85496
2026-09-01 20:42:56,12746.5,23.3750,3.85483
2026-09-01 20:43:06,12756.6,23.3671,3.85471
2026-09-01 20:43:16,12766.7,23.3750,3.85462
2026-09-01 20:43:26,12776.8,23.3671,3.85448
2026-09-01 20:43:36,12786.9,23.3828,3.85438
2026-09-01 20:43:46,12796.6,23.3515,3.85426
2026-09-01 20:43:56,12806.7,23.3671,3.85417
2026-09-01 20:44:06,12816.8,23.3750,3.85403
2026-09-01 20:44:16,12826.8,23.3593,3.85392
2026-09-01 20:44:26,12836.9,23.3593,3.85381
2026-09-01 20:44:36,12846.6,23.3515,3.85372
2026-09-01 20:44:46,12856.7,23.3515,3.85361
2026-09-01 20:44:56,12866.8,23.3750,3.85349
2026-09-01 20:45:06,12876.9,23.3593,3.85338
2026-09-01 20:45:16,12886.5,23.3671,3.85327
2026-09-01 20:45:26,12896.6,23.3359,3.85315
2026-09-01 20:45:36,12906.7,23.3593,3.85305
2026-09-01 20:45:46,12916.8,23.3671,3.85294
2026-09-01 20:45:56,12926.5,23.3515,3.85283
2026-09-01 20:46:06,12936.6,23.3515,3.85271
2026-09-01 20:46:16,12946.7,23.3515,3.85260
2026-09-01 20:46:26,12956.8,23.3515,3.85247
2026-09-01 20:46:36,12966.8,23.3593,3.85238
2026-09-01 20:46:46,12976.5,23.3437,3.85226
2026-09-01 20:46:56,12986.6,23.3515,3.85214
2026-09-01 20:47:06,12996.7,23.3515,3.85205
2026-09-01 20:47:16,13006.8,23.3437,3.85194
2026-09-01 20:47:26,13016.9,23.3515,3.85183
2026-09-01 20:47:36,13026.6,23.3515,3.85173
2026-09-01 20:47:46,13036.7,23.3359,3.85159
2026-09-01 20:47:56,13046.8,23.3437,3.85148
2026-09-01 20:48:06,13056.8,23.3515,3.85139
2026-09-01 20:48:16,13066.5,23.3437,3.85128
2026-09-01 20:48:26,13076.6,23.3281,3.85116
2026-09-01 20:48:36,13086.7,23.3515,3.85104
2026-09-01 20:48:46,13096.8,23.3671,3.85095
2026-09-01 20:48:56,13106.9,23.3437,3.85084
2026-09-01 20:49:06,13116.5,23.3281,3.85072
2026-09-01 20:49:16,13126.6,23.3515,3.85060
2026-09-01 20:49:26,13136.7,23.3281,3.85049
2026-09-01 20:49:36,13146.8,23.3515,3.85040
2026-09-01 20:49:46,13156.5,23.3281,3.85029
2026-09-01 20:49:56,13166.6,23.3593,3.85017
2026-09-01 20:50:06,13176.7,23.3359,3.85007
2026-09-01 20:50:16,13186.8,23.3281,3.84997
2026-09-01 20:50:26,13196.8,23.3359,3.84984
2026-09-01 20:50:36,13206.5,23.3281,3.84975
2026-09-01 20:50:46,13216.6,23.3281,3.84964
2026-09-01 20:50:56,13226.7,23.3437,3.84951
2026-09-01 20:51:06,13236.8,23.3437,3.84940
2026-09-01 20:51:16,13246.9,23.3203,3.84931
2026-09-01 20:51:26,13256.6,23.3359,3.84920
2026-09-01 20:51:36,13266.7,23.3203,3.84908
2026-09-01 20:51:46,13276.7,23.3203,3.84899
2026-09-01 20:51:56,13286.8,23.3359,3.84888
2026-09-01 20:52:06,13296.5,23.3515,3.84878
2026-09-01 20:52:16,13306.6,23.3281,3.84865
2026-09-01 20:52:26,13316.7,23.3203,3.84855
2026-09-01 20:52:36,13326.8,23.3281,3.84843
2026-09-01 20:52:46,13336.9,23.3281,3.84835
2026-09-01 20:52:56,13346.5,23.3125,3.84824
2026-09-01 20:53:06,13356.6,23.3359,3.84812
2026-09-01 20:53:16,13366.7,23.3281,3.84802
2026-09-01 20:53:26,13376.8,23.3203,3.84792
2026-09-01 20:53:36,13386.5,23.3203,3.84779
2026-09-01 20:53:46,13396.6,23.3359,3.84768
2026-09-01 20:53:56,13406.7,23.3203,3.84757
2026-09-01 20:54:06,13416.8,23.3203,3.84746
2026-09-01 20:54:16,13426.8,23.3281,3.84738
2026-09-01 20:54:26,13436.5,23.3281,3.84726
2026-09-01 20:54:36,13446.6,23.3281,3.84715
2026-09-01 20:54:46,13456.7,23.3437,3.84706
2026-09-01 20:54:56,13466.8,23.3203,3.84696
2026-09-01 20:55:06,13476.5,23.3203,3.84685
2026-09-01 20:55:16,13486.6,23.3359,3.84672
2026-09-01 20:55:26,13496.6,23.3281,3.84661
2026-09-01 20:55:36,13506.7,23.3281,3.84651
2026-09-01 20:55:46,13516.8,23.3203,3.84640
2026-09-01 20:55:56,13526.5,23.3203,3.84632
2026-09-01 20:56:06,13536.6,23.3515,3.84620
2026-09-01 20:56:16,13546.7,23.3281,3.84610
2026-09-01 20:56:26,13556.8,23.3281,3.84598
2026-09-01 20:56:36,13566.5,23.3281,3.84589
2026-09-01 20:56:46,13576.5,23.3203,3.84579
2026-09-01 20:56:56,13586.6,23.3125,3.84565
2026-09-01 20:57:06,13596.7,23.3359,3.84555
2026-09-01 20:57:16,13606.4,23.3203,3.84547
2026-09-01 20:57:26,13616.5,23.3203,3.84534
2026-09-01 20:57:36,13626.6,23.3203,3.84525
2026-09-01 20:57:46,13636.7,23.3203,3.84515
2026-09-01 20:57:56,13646.8,23.3125,3.84504
2026-09-01 20:58:06,13656.4,23.3281,3.84494
2026-09-01 20:58:16,13666.5,23.3203,3.84483
2026-09-01 20:58:26,13676.6,23.3359,3.84472
2026-09-01 20:58:36,13686.7,23.3359,3.84462
2026-09-01 20:58:46,13696.4,23.3281,3.84450
2026-09-01 20:58:56,13706.5,23.3125,3.84442
2026-09-01 20:59:06,13716.5,23.3203,3.84430
2026-09-01 20:59:16,13726.6,23.3203,3.84418
2026-09-01 20:59:26,13736.7,23.3203,3.84407
2026-09-01 20:59:36,13746.4,23.3125,3.84397
2026-09-01 20:59:46,13756.5,23.3203,3.84387
2026-09-01 20:59:56,13766.6,23.3203,3.84378
2026-09-01 21:00:06,13776.7,23.3125,3.84365
2026-09-01 21:00:16,13786.4,23.3203,3.84358
2026-09-01 21:00:26,13796.4,23.3281,3.84345
2026-09-01 21:00:36,13806.5,23.3281,3.84336
2026-09-01 21:00:46,13816.6,23.3046,3.84326
2026-09-01 21:00:56,13826.7,23.3125,3.84315
2026-09-01 21:01:06,13836.4,23.3046,3.84305
2026-09-01 21:01:16,13846.5,23.3203,3.84295
2026-09-01 21:01:26,13856.6,23.3125,3.84284
2026-09-01 21:01:36,13866.7,23.2890,3.84273
2026-09-01 21:01:46,13876.7,23.3203,3.84263
2026-09-01 21:01:56,13886.4,23.3125,3.84251
2026-09-01 21:02:06,13896.5,23.3281,3.84240
2026-09-01 21:02:16,13906.6,23.3125,3.84232
2026-09-01 21:02:26,13916.7,23.3125,3.84219
2026-09-01 21:02:36,13926.4,23.2890,3.84212
2026-09-01 21:02:46,13936.5,23.3125,3.84202
2026-09-01 21:02:56,13946.5,23.2890,3.84189
2026-09-01 21:03:06,13956.6,23.3203,3.84180
2026-09-01 21:03:16,13966.7,23.2890,3.84170
2026-09-01 21:03:26,13976.4,23.2890,3.84158
2026-09-01 21:03:36,13986.5,23.3203,3.84147
2026-09-01 21:03:46,13996.6,23.3125,3.84139
2026-09-01 21:03:56,14006.7,23.3046,3.84126
2026-09-01 21:04:06,14016.8,23.2734,3.84118
2026-09-01 21:04:16,14026.4,23.2890,3.84108
2026-09-01 21:04:26,14036.5,23.3046,3.84098
2026-09-01 21:04:36,14046.6,23.2890,3.84085
2026-09-01 21:04:46,14056.7,23.2890,3.84076
2026-09-01 21:04:56,14066.8,23.2890,3.84066
2026-09-01 21:05:06,14076.5,23.2812,3.84053
2026-09-01 21:05:16,14086.6,23.2890,3.84046
2026-09-01 21:05:26,14096.6,23.2812,3.84034
2026-09-01 21:05:36,14106.7,23.2812,3.84025
2026-09-01 21:05:46,14116.8,23.2890,3.84013
2026-09-01 21:05:56,14126.5,23.2734,3.84004
2026-09-01 21:06:06,14136.6,23.2890,3.83995
2026-09-01 21:06:16,14146.7,23.2734,3.83982
2026-09-01 21:06:26,14156.8,23.2812,3.83974
2026-09-01 21:06:36,14166.5,23.2890,3.83964
2026-09-01 21:06:46,14176.5,23.2812,3.83953
2026-09-01 21:06:56,14186.6,23.2734,3.83941
2026-09-01 21:07:06,14196.7,23.2812,3.83931
2026-09-01 21:07:16,14206.8,23.2656,3.83921
2026-09-01 21:07:26,14216.5,23.2656,3.83911
2026-09-01 21:07:36,14226.6,23.2812,3.83900
2026-09-01 21:07:46,14236.7,23.2734,3.83892
2026-09-01 21:07:56,14246.8,23.2890,3.83882
2026-09-01 21:08:06,14256.4,23.2812,3.83871
2026-09-01 21:08:16,14266.5,23.3046,3.83860
2026-09-01 21:08:26,14276.6,23.2656,3.83852
2026-09-01 21:08:36,14286.7,23.2812,3.83842
2026-09-01 21:08:46,14296.8,23.2890,3.83831
2026-09-01 21:08:56,14306.5,23.2734,3.83821
2026-09-01 21:09:06,14316.6,23.2890,3.83811
2026-09-01 21:09:16,14326.6,23.2812,3.83800
2026-09-01 21:09:26,14336.7,23.2812,3.83789
2026-09-01 21:09:36,14346.8,23.2656,3.83780
2026-09-01 21:09:46,14356.5,23.2734,3.83769
2026-09-01 21:09:56,14366.6,23.2734,3.83762
2026-09-01 21:10:06,14376.7,23.2500,3.83751
2026-09-01 21:10:16,14386.8,23.2421,3.83740
2026-09-01 21:10:26,14396.8,23.2734,3.83728
2026-09-01 21:10:36,14406.5,23.2656,3.83721
2026-09-01 21:10:46,14416.6,23.2656,3.83709
2026-09-01 21:10:56,14426.7,23.2734,3.83700
2026-09-01 21:11:06,14436.8,23.2656,3.83688
2026-09-01 21:11:16,14446.5,23.2656,3.83680
2026-09-01 21:11:26,14456.6,23.2500,3.83668
2026-09-01 21:11:36,14466.7,23.2500,3.83658
2026-09-01 21:11:46,14476.8,23.2656,3.83650
2026-09-01 21:11:56,14486.8,23.2812,3.83640
2026-09-01 21:12:06,14496.5,23.2656,3.83629
2026-09-01 21:12:16,14506.6,23.2500,3.83617
2026-09-01 21:12:26,14516.7,23.2656,3.83610
2026-09-01 21:12:36,14526.8,23.2578,3.83598
2026-09-01 21:12:46,14536.5,23.2500,3.83590
2026-09-01 21:12:56,14546.5,23.2578,3.83580
2026-09-01 21:13:06,14556.6,23.2734,3.83568
2026-09-01 21:13:16,14566.7,23.2421,3.83560
2026-09-01 21:13:26,14576.8,23.2500,3.83549
2026-09-01 21:13:36,14586.5,23.2500,3.83538
2026-09-01 21:13:46,14596.6,23.2578,3.83528
2026-09-01 21:13:56,14606.7,23.2656,3.83518
2026-09-01 21:14:06,14616.8,23.2656,3.83508
2026-09-01 21:14:16,14626.4,23.2656,3.83501
2026-09-01 21:14:26,14636.5,23.2656,3.83491
2026-09-01 21:14:36,14646.6,23.2578,3.83479
2026-09-01 21:14:46,14656.7,23.2812,3.83471
2026-09-01 21:14:56,14666.8,23.2578,3.83460
2026-09-01 21:15:06,14676.5,23.2578,3.83451
2026-09-01 21:15:16,14686.6,23.2812,3.83441
2026-09-01 21:15:26,14696.7,23.2578,3.83431
2026-09-01 21:15:36,14706.7,23.2656,3.83420
2026-09-01 21:15:46,14716.4,23.2656,3.83411
2026-09-01 21:15:56,14726.5,23.2578,3.83399
2026-09-01 21:16:06,14736.6,23.2734,3.83391
2026-09-01 21:16:16,14746.7,23.2812,3.83381
2026-09-01 21:16:26,14756.4,23.2578,3.83370
2026-09-01 21:16:36,14766.5,23.2656,3.83360
2026-09-01 21:16:46,14776.5,23.2656,3.83350
2026-09-01 21:16:56,14786.6,23.2578,3.83341
2026-09-01 21:17:06,14796.7,23.2500,3.83331
2026-09-01 21:17:16,14806.4,23.2578,3.83320
2026-09-01 21:17:26,14816.5,23.2656,3.83312
2026-09-01 21:17:36,14826.6,23.2656,3.83303
2026-09-01 21:17:46,14836.7,23.2734,3.83291
2026-09-01 21:17:56,14846.3,23.2812,3.83283
2026-09-01 21:18:06,14856.4,23.2500,3.83273
2026-09-01 21:18:16,14866.5,23.2578,3.83263
2026-09-01 21:18:26,14876.6,23.2656,3.83253
2026-09-01 21:18:36,14886.7,23.2656,3.83243
2026-09-01 21:18:46,14896.4,23.2578,3.83234
2026-09-01 21:18:56,14906.5,23.2500,3.83224
2026-09-01 21:19:06,14916.6,23.2734,3.83212
2026-09-01 21:19:16,14926.6,23.2656,3.83204
2026-09-01 21:19:26,14936.3,23.2578,3.83194
2026-09-01 21:19:36,14946.4,23.2578,3.83185
2026-09-01 21:19:46,14956.5,23.2656,3.83172
2026-09-01 21:19:56,14966.6,23.2656,3.83163
2026-09-01 21:20:06,14976.7,23.2578,3.83155
2026-09-01 21:20:16,14986.4,23.2656,3.83146
2026-09-01 21:20:26,14996.5,23.2578,3.83137
2026-09-01 21:20:36,15006.5,23.2500,3.83126
2026-09-01 21:20:46,15016.6,23.2421,3.83114
2026-09-01 21:20:56,15026.3,23.2343,3.83105
2026-09-01 21:21:06,15036.4,23.2421,3.83097
2026-09-01 21:21:16,15046.5,23.2421,3.83085
2026-09-01 21:21:26,15056.6,23.2578,3.83078
2026-09-01 21:21:36,15066.2,23.2421,3.83066
2026-09-01 21:21:46,15076.3,23.2500,3.83056
2026-09-01 21:21:56,15086.4,23.2578,3.83048
2026-09-01 21:22:06,15096.5,23.2500,3.83039
2026-09-01 21:22:16,15106.2,23.2421,3.83027
2026-09-01 21:22:26,15116.3,23.2656,3.83020
2026-09-01 21:22:36,15126.4,23.2500,3.83008
2026-09-01 21:22:46,15136.5,23.2578,3.82998
2026-09-01 21:22:56,15146.5,23.2343,3.82988
2026-09-01 21:23:06,15156.2,23.2500,3.82980
2026-09-01 21:23:16,15166.3,23.2656,3.82971
2026-09-01 21:23:26,15176.4,23.2578,3.82959
2026-09-01 21:23:36,15186.5,23.2656,3.82952
2026-09-01 21:23:46,15196.2,23.2500,3.82941
2026-09-01 21:23:56,15206.3,23.2734,3.82933
2026-09-01 21:24:06,15216.4,23.2500,3.82921
2026-09-01 21:24:16,15226.5,23.2656,3.82913
2026-09-01 21:24:25,15236.1,23.2578,3.82904
2026-09-01 21:24:36,15246.2,23.2578,3.82893
2026-09-01 21:24:46,15256.3,23.2500,3.82884
2026-09-01 21:24:56,15266.4,23.2734,3.82872
2026-09-01 21:25:06,15276.5,23.2265,3.82863
2026-09-01 21:25:15,15286.2,23.2578,3.82854
2026-09-01 21:25:26,15296.2,23.2578,3.82844
2026-09-01 21:25:36,15306.3,23.2500,3.82835
2026-09-01 21:25:46,15316.4,23.2500,3.82827
2026-09-01 21:25:55,15326.1,23.2500,3.82815
2026-09-01 21:26:06,15336.2,23.2500,3.82807
2026-09-01 21:26:16,15346.3,23.2578,3.82799
2026-09-01 21:26:26,15356.4,23.2656,3.82786
2026-09-01 21:26:35,15366.1,23.2500,3.82778
2026-09-01 21:26:45,15376.1,23.2500,3.82767
2026-09-01 21:26:56,15386.2,23.2734,3.82757
2026-09-01 21:27:06,15396.3,23.2500,3.82748
2026-09-01 21:27:15,15406.0,23.2500,3.82741
2026-09-01 21:27:25,15416.1,23.2500,3.82731
2026-09-01 21:27:36,15426.2,23.2500,3.82720
2026-09-01 21:27:46,15436.3,23.2656,3.82710
2026-09-01 21:27:56,15446.4,23.2500,3.82703
2026-09-01 21:28:05,15456.0,23.2656,3.82693
2026-09-01 21:28:15,15466.1,23.2421,3.82684
2026-09-01 21:28:26,15476.2,23.2421,3.82672
2026-09-01 21:28:36,15486.3,23.2656,3.82663
2026-09-01 21:28:45,15496.0,23.2578,3.82656
2026-09-01 21:28:55,15506.1,23.2421,3.82644
2026-09-01 21:29:05,15516.2,23.2343,3.82636
2026-09-01 21:29:16,15526.2,23.2500,3.82625
2026-09-01 21:29:25,15535.9,23.2500,3.82618
2026-09-01 21:29:35,15546.0,23.2500,3.82609
2026-09-01 21:29:45,15556.1,23.2500,3.82599
2026-09-01 21:29:56,15566.2,23.2578,3.82589
2026-09-01 21:30:06,15576.3,23.2578,3.82580
2026-09-01 21:30:15,15586.0,23.2578,3.82569
2026-09-01 21:30:25,15596.0,23.2500,3.82561
2026-09-01 21:30:35,15606.1,23.2500,3.82550
2026-09-01 21:30:46,15616.2,23.2500,3.82540
2026-09-01 21:30:55,15625.9,23.2578,3.82533
2026-09-01 21:31:05,15636.0,23.2421,3.82524
2026-09-01 21:31:15,15646.1,23.2656,3.82514
2026-09-01 21:31:25,15656.2,23.2578,3.82504
2026-09-01 21:31:35,15665.9,23.2421,3.82496
2026-09-01 21:31:45,15675.9,23.2421,3.82487
2026-09-01 21:31:55,15686.0,23.2656,3.82474
2026-09-01 21:32:05,15696.1,23.2500,3.82466
2026-09-01 21:32:16,15706.2,23.2500,3.82458
2026-09-01 21:32:25,15715.9,23.2500,3.82446
2026-09-01 21:32:35,15726.0,23.2343,3.82439
2026-09-01 21:32:45,15736.1,23.2500,3.82429
2026-09-01 21:32:55,15746.2,23.2343,3.82420
2026-09-01 21:33:05,15755.8,23.2500,3.82409
2026-09-01 21:33:15,15765.9,23.2421,3.82399
2026-09-01 21:33:25,15776.0,23.2421,3.82390
2026-09-01 21:33:35,15786.1,23.2500,3.82382
2026-09-01 21:33:45,15795.8,23.2656,3.82374
2026-09-01 21:33:55,15805.9,23.2421,3.82362
2026-09-01 21:34:05,15816.0,23.2500,3.82355
2026-09-01 21:34:15,15826.0,23.2421,3.82343
2026-09-01 21:34:25,15836.1,23.2500,3.82336
2026-09-01 21:34:35,15845.8,23.2343,3.82325
2026-09-01 21:34:45,15855.9,23.2578,3.82318
2026-09-01 21:34:55,15866.0,23.2421,3.82306
2026-09-01 21:35:05,15876.1,23.2578,3.82297
2026-09-01 21:35:15,15885.8,23.2578,3.82287
2026-09-01 21:35:25,15895.9,23.2421,3.82278
2026-09-01 21:35:35,15905.9,23.2578,3.82271
2026-09-01 21:35:45,15916.0,23.2265,3.82260
2026-09-01 21:35:55,15926.1,23.2578,3.82252
2026-09-01 21:36:05,15935.8,23.2343,3.82241
2026-09-01 21:36:15,15945.9,23.2421,3.82232
2026-09-01 21:36:25,15956.0,23.2343,3.82222
2026-09-01 21:36:35,15966.1,23.2343,3.82215
2026-09-01 21:36:45,15975.8,23.2343,3.82206
2026-09-01 21:36:55,15985.8,23.2500,3.82196
2026-09-01 21:37:05,15995.9,23.2421,3.82185
2026-09-01 21:37:15,16006.0,23.2500,3.82176
2026-09-01 21:37:25,16016.1,23.2421,3.82167
2026-09-01 21:37:35,16025.8,23.2343,3.82160
2026-09-01 21:37:45,16035.9,23.2265,3.82148
2026-09-01 21:37:55,16046.0,23.2343,3.82141
2026-09-01 21:38:05,16056.0,23.2421,3.82130
2026-09-01 21:38:15,16065.7,23.2500,3.82120
2026-09-01 21:38:25,16075.8,23.2578,3.82113
2026-09-01 21:38:35,16085.9,23.2265,3.82104
2026-09-01 21:38:45,16096.0,23.2500,3.82092
2026-09-01 21:38:55,16105.7,23.2421,3.82086
2026-09-01 21:39:05,16115.8,23.2265,3.82074
2026-09-01 21:39:15,16125.8,23.2656,3.82067
2026-09-01 21:39:25,16135.9,23.2421,3.82056
2026-09-01 21:39:35,16146.0,23.2265,3.82049
2026-09-01 21:39:45,16155.7,23.2500,3.82038
2026-09-01 21:39:55,16165.8,23.2343,3.82028
2026-09-01 21:40:05,16175.9,23.2343,3.82019
2026-09-01 21:40:15,16186.0,23.2578,3.82012
2026-09-01 21:40:25,16195.7,23.2500,3.82003
2026-09-01 21:40:35,16205.7,23.2343,3.81992
2026-09-01 21:40:45,16215.8,23.2500,3.81983
2026-09-01 21:40:55,16225.9,23.2343,3.81973
2026-09-01 21:41:05,16235.6,23.2187,3.81966
2026-09-01 21:41:15,16245.7,23.2343,3.81958
2026-09-01 21:41:25,16255.8,23.2421,3.81948
2026-09-01 21:41:35,16265.9,23.2500,3.81939
2026-09-01 21:41:45,16276.0,23.2421,3.81927
2026-09-01 21:41:55,16285.6,23.2500,3.81921
2026-09-01 21:42:05,16295.7,23.2421,3.81912
2026-09-01 21:42:15,16305.8,23.2265,3.81903
2026-09-01 21:42:25,16315.9,23.2265,3.81893
2026-09-01 21:42:35,16325.6,23.2265,3.81884
2026-09-01 21:42:45,16335.7,23.2421,3.81876
2026-09-01 21:42:55,16345.8,23.2265,3.81866
2026-09-01 21:43:05,16355.8,23.2265,3.81855
2026-09-01 21:43:15,16365.5,23.2343,3.81848
2026-09-01 21:43:25,16375.6,23.2421,3.81837
2026-09-01 21:43:35,16385.7,23.2421,3.81830
2026-09-01 21:43:45,16395.8,23.2343,3.81818
2026-09-01 21:43:55,16405.9,23.2265,3.81811
2026-09-01 21:44:05,16415.6,23.2578,3.81802
2026-09-01 21:44:15,16425.6,23.2187,3.81793
2026-09-01 21:44:25,16435.7,23.2343,3.81782
2026-09-01 21:44:35,16445.8,23.2343,3.81772
2026-09-01 21:44:45,16455.5,23.2265,3.81764
2026-09-01 21:44:55,16465.6,23.2343,3.81758
2026-09-01 21:45:05,16475.7,23.2421,3.81748
2026-09-01 21:45:15,16485.8,23.2265,3.81737
2026-09-01 21:45:25,16495.9,23.2187,3.81729
2026-09-01 21:45:35,16505.5,23.2343,3.81719
2026-09-01 21:45:45,16515.6,23.2265,3.81712
2026-09-01 21:45:55,16525.7,23.2265,3.81703
2026-09-01 21:46:05,16535.8,23.2187,3.81691
2026-09-01 21:46:15,16545.5,23.2109,3.81683
2026-09-01 21:46:25,16555.6,23.2265,3.81676
2026-09-01 21:46:35,16565.7,23.2343,3.81667
2026-09-01 21:46:45,16575.8,23.2265,3.81658
2026-09-01 21:46:55,16585.4,23.2343,3.81649
2026-09-01 21:47:05,16595.5,23.2265,3.81639
2026-09-01 21:47:15,16605.6,23.2109,3.81630
2026-09-01 21:47:25,16615.7,23.2187,3.81619
2026-09-01 21:47:35,16625.8,23.2265,3.81611
2026-09-01 21:47:45,16635.5,23.2343,3.81602
2026-09-01 21:47:55,16645.6,23.2265,3.81593
2026-09-01 21:48:05,16655.6,23.2109,3.81585
2026-09-01 21:48:15,16665.7,23.2343,3.81577
2026-09-01 21:48:25,16675.4,23.2343,3.81568
2026-09-01 21:48:35,16685.5,23.2187,3.81556
2026-09-01 21:48:45,16695.6,23.2265,3.81550
2026-09-01 21:48:55,16705.7,23.2187,3.81540
2026-09-01 21:49:05,16715.8,23.2265,3.81530
2026-09-01 21:49:15,16725.5,23.2421,3.81521
2026-09-01 21:49:25,16735.5,23.2265,3.81513
2026-09-01 21:49:35,16745.6,23.2343,3.81504
2026-09-01 21:49:45,16755.7,23.2187,3.81494
2026-09-01 21:49:55,16765.4,23.2109,3.81485
2026-09-01 21:50:05,16775.5,23.2421,3.81478
2026-09-01 21:50:15,16785.6,23.2421,3.81466
2026-09-01 21:50:25,16795.7,23.2265,3.81458
2026-09-01 21:50:35,16805.3,23.2187,3.81449
2026-09-01 21:50:45,16815.4,23.2343,3.81442
2026-09-01 21:50:55,16825.5,23.2265,3.81433
2026-09-01 21:51:05,16835.6,23.2187,3.81422
2026-09-01 21:51:15,16845.3,23.2343,3.81413
2026-09-01 21:51:25,16855.4,23.2343,3.81404
2026-09-01 21:51:35,16865.5,23.2265,3.81395
2026-09-01 21:51:45,16875.5,23.2187,3.81389
2026-09-01 21:51:55,16885.6,23.2265,3.81377
2026-09-01 21:52:05,16895.3,23.2343,3.81371
2026-09-01 21:52:15,16905.4,23.2265,3.81359
2026-09-01 21:52:25,16915.5,23.2421,3.81353
2026-09-01 21:52:35,16925.6,23.2187,3.81342
2026-09-01 21:52:45,16935.3,23.2265,3.81336
2026-09-01 21:52:55,16945.4,23.2265,3.81326
2026-09-01 21:53:05,16955.4,23.2265,3.81317
2026-09-01 21:53:15,16965.5,23.2500,3.81307
2026-09-01 21:53:25,16975.6,23.2421,3.81299
2026-09-01 21:53:35,16985.3,23.2343,3.81290
2026-09-01 21:53:45,16995.4,23.2343,3.81281
2026-09-01 21:53:55,17005.5,23.2265,3.81271
2026-09-01 21:54:05,17015.6,23.2421,3.81262
2026-09-01 21:54:15,17025.2,23.2343,3.81255
2026-09-01 21:54:25,17035.3,23.2421,3.81244
2026-09-01 21:54:35,17045.4,23.2421,3.81236
2026-09-01 21:54:45,17055.5,23.2343,3.81229
2026-09-01 21:54:55,17065.6,23.2421,3.81219
2026-09-01 21:55:05,17075.3,23.2343,3.81211
2026-09-01 21:55:15,17085.4,23.2265,3.81202
2026-09-01 21:55:25,17095.5,23.2421,3.81193
2026-09-01 21:55:35,17105.5,23.2265,3.81184
2026-09-01 21:55:45,17115.2,23.2421,3.81173
2026-09-01 21:55:55,17125.3,23.2421,3.81164
2026-09-01 21:56:05,17135.4,23.2265,3.81156
2026-09-01 21:56:15,17145.5,23.2187,3.81147
2026-09-01 21:56:24,17155.2,23.2343,3.81137
2026-09-01 21:56:35,17165.3,23.2187,3.81131
2026-09-01 21:56:45,17175.3,23.2187,3.81120
2026-09-01 21:56:55,17185.4,23.2421,3.81112
2026-09-01 21:57:05,17195.5,23.2343,3.81104
2026-09-01 21:57:15,17205.2,23.2421,3.81095
2026-09-01 21:57:25,17215.3,23.2187,3.81087
2026-09-01 21:57:35,17225.4,23.2343,3.81076
2026-09-01 21:57:45,17235.5,23.2265,3.81070
2026-09-01 21:57:54,17245.2,23.2265,3.81061
2026-09-01 21:58:05,17255.2,23.2343,3.81050
2026-09-01 21:58:15,17265.3,23.2265,3.81043
2026-09-01 21:58:25,17275.4,23.2265,3.81031
2026-09-01 21:58:34,17285.1,23.2265,3.81025
2026-09-01 21:58:45,17295.2,23.2265,3.81017
2026-09-01 21:58:55,17305.3,23.2187,3.81008
2026-09-01 21:59:05,17315.4,23.2343,3.80997
2026-09-01 21:59:15,17325.5,23.2265,3.80988
2026-09-01 21:59:24,17335.1,23.2421,3.80979
2026-09-01 21:59:35,17345.2,23.2265,3.80973
2026-09-01 21:59:45,17355.3,23.2109,3.80964
2026-09-01 21:59:55,17365.4,23.2265,3.80954
2026-09-01 22:00:04,17375.1,23.2187,3.80944
2026-09-01 22:00:14,17385.2,23.2187,3.80938
2026-09-01 22:00:25,17395.2,23.2265,3.80926
2026-09-01 22:00:35,17405.3,23.2343,3.80920
2026-09-01 22:00:44,17415.0,23.2265,3.80911
2026-09-01 22:00:54,17425.1,23.2343,3.80901
2026-09-01 22:01:05,17435.2,23.2343,3.80894
2026-09-01 22:01:15,17445.3,23.2187,3.80883
2026-09-01 22:01:25,17455.4,23.2187,3.80876
2026-09-01 22:01:34,17465.1,23.2187,3.80865
2026-09-01 22:01:44,17475.2,23.2109,3.80858
2026-09-01 22:01:55,17485.2,23.2343,3.80848
2026-09-01 22:02:05,17495.3,23.2265,3.80841
2026-09-01 22:02:14,17505.0,23.2109,3.80833
2026-09-01 22:02:24,17515.1,23.2187,3.80822
2026-09-01 22:02:35,17525.2,23.2109,3.80813
2026-09-01 22:02:45,17535.3,23.2265,3.80806
2026-09-01 22:02:55,17545.4,23.2187,3.80797
2026-09-01 22:03:04,17555.0,23.2109,3.80786
2026-09-01 22:03:14,17565.1,23.2187,3.80778
2026-09-01 22:03:25,17575.2,23.2187,3.80771
2026-09-01 22:03:35,17585.3,23.2265,3.80762
2026-09-01 22:03:44,17595.0,23.2343,3.80752
2026-09-01 22:03:54,17605.1,23.2265,3.80745
2026-09-01 22:04:04,17615.2,23.2187,3.80734
2026-09-01 22:04:15,17625.2,23.2187,3.80726
2026-09-01 22:04:24,17634.9,23.2421,3.80719
2026-09-01 22:04:34,17645.0,23.2343,3.80711
2026-09-01 22:04:44,17655.1,23.2187,3.80702
2026-09-01 22:04:55,17665.2,23.2265,3.80691
2026-09-01 22:05:05,17675.3,23.2265,3.80682
2026-09-01 22:05:14,17685.0,23.2421,3.80674
2026-09-01 22:05:24,17695.1,23.2265,3.80665
2026-09-01 22:05:34,17705.1,23.2265,3.80656
2026-09-01 22:05:45,17715.2,23.2109,3.80650
2026-09-01 22:05:54,17724.9,23.2187,3.80639
2026-09-01 22:06:04,17735.0,23.2343,3.80631
2026-09-01 22:06:14,17745.1,23.2343,3.80621
2026-09-01 22:06:25,17755.2,23.2421,3.80612
2026-09-01 22:06:34,17764.9,23.2109,3.80604
2026-09-01 22:06:44,17775.0,23.2187,3.80596
2026-09-01 22:06:54,17785.0,23.2187,3.80587
2026-09-01 22:07:04,17795.1,23.2109,3.80579
2026-09-01 22:07:15,17805.2,23.2109,3.80572
2026-09-01 22:07:24,17814.9,23.2265,3.80563
2026-09-01 22:07:34,17825.0,23.2265,3.80554
2026-09-01 22:07:44,17835.1,23.2109,3.80544
2026-09-01 22:07:54,17845.2,23.2265,3.80535
2026-09-01 22:08:04,17854.8,23.2187,3.80528
2026-09-01 22:08:14,17864.9,23.2187,3.80519
2026-09-01 22:08:24,17875.0,23.2031,3.80507
2026-09-01 22:08:34,17885.1,23.2187,3.80500
2026-09-01 22:08:45,17895.2,23.2109,3.80494
2026-09-01 22:08:54,17904.9,23.2187,3.80483
2026-09-01 22:09:04,17915.0,23.2187,3.80476
2026-09-01 22:09:14,17925.0,23.1953,3.80467
2026-09-01 22:09:24,17935.1,23.2031,3.80459
2026-09-01 22:09:34,17944.8,23.2109,3.80448
2026-09-01 22:09:44,17954.9,23.2031,3.80442
2026-09-01 22:09:54,17965.0,23.2187,3.80433
2026-09-01 22:10:04,17975.1,23.2187,3.80422
2026-09-01 22:10:14,17984.8,23.2109,3.80414
2026-09-01 22:10:24,17994.9,23.2265,3.80406
2026-09-01 22:10:34,18004.9,23.2109,3.80398
2026-09-01 22:10:44,18015.0,23.2187,3.80389
2026-09-01 22:10:54,18024.7,23.2109,3.80382
2026-09-01 22:11:04,18034.8,23.2109,3.80373
2026-09-01 22:11:14,18044.9,23.2265,3.80362
2026-09-01 22:11:24,18055.0,23.2187,3.80353
2026-09-01 22:11:34,18064.7,23.2187,3.80344
2026-09-01 22:11:44,18074.8,23.2343,3.80338
2026-09-01 22:11:54,18084.8,23.2109,3.80329
2026-09-01 22:12:04,18094.9,23.2031,3.80318
2026-09-01 22:12:14,18105.0,23.2031,3.80311
2026-09-01 22:12:24,18114.7,23.2343,3.80304
2026-09-01 22:12:34,18124.8,23.2031,3.80295
2026-09-01 22:12:44,18134.9,23.2421,3.80287
2026-09-01 22:12:54,18145.0,23.2343,3.80278
2026-09-01 22:13:04,18154.6,23.2109,3.80269
2026-09-01 22:13:14,18164.7,23.2187,3.80259
2026-09-01 22:13:24,18174.8,23.2187,3.80252
2026-09-01 22:13:34,18184.9,23.2109,3.80243
2026-09-01 22:13:44,18194.6,23.2343,3.80233
2026-09-01 22:13:54,18204.7,23.2109,3.80226
2026-09-01 22:14:04,18214.8,23.2109,3.80215
2026-09-01 22:14:14,18224.9,23.2109,3.80206
2026-09-01 22:14:24,18234.5,23.2109,3.80200
2026-09-01 22:14:34,18244.6,23.2031,3.80190
2026-09-01 22:14:44,18254.7,23.2109,3.80181
2026-09-01 22:14:54,18264.8,23.1953,3.80172
2026-09-01 22:15:04,18274.5,23.2031,3.80166
2026-09-01 22:15:14,18284.6,23.2031,3.80157
2026-09-01 22:15:24,18294.7,23.2109,3.80146
2026-09-01 22:15:34,18304.8,23.1953,3.80138
2026-09-01 22:15:44,18314.4,23.1953,3.80130
2026-09-01 22:15:54,18324.5,23.2031,3.80122
2026-09-01 22:16:04,18334.6,23.2109,3.80113
2026-09-01 22:16:14,18344.7,23.1953,3.80106
2026-09-01 22:16:24,18354.4,23.2031,3.80097
2026-09-01 22:16:34,18364.5,23.2109,3.80088
2026-09-01 22:16:44,18374.5,23.2187,3.80080
2026-09-01 22:16:54,18384.6,23.2031,3.80068
2026-09-01 22:17:04,18394.3,23.2109,3.80063
2026-09-01 22:17:14,18404.4,23.2265,3.80054
2026-09-01 22:17:24,18414.5,23.2109,3.80043
2026-09-01 22:17:34,18424.6,23.2187,3.80034
2026-09-01 22:17:44,18434.3,23.2031,3.80028
2026-09-01 22:17:54,18444.4,23.2109,3.80019
2026-09-01 22:18:04,18454.4,23.2031,3.80011
2026-09-01 22:18:14,18464.5,23.2187,3.80000
2026-09-01 22:18:24,18474.2,23.2109,3.79991
2026-09-01 22:18:34,18484.3,23.2031,3.79983
2026-09-01 22:18:44,18494.4,23.2031,3.79974
2026-09-01 22:18:54,18504.5,23.2031,3.79966
2026-09-01 22:19:03,18514.2,23.2031,3.79957
2026-09-01 22:19:14,18524.2,23.1953,3.79948
2026-09-01 22:19:24,18534.3,23.2109,3.79939
2026-09-01 22:19:34,18544.4,23.2109,3.79934
2026-09-01 22:19:44,18554.5,23.1953,3.79925
2026-09-01 22:19:54,18564.2,23.2109,3.79916
2026-09-01 22:20:04,18574.3,23.1875,3.79906
2026-09-01 22:20:14,18584.4,23.2031,3.79897
2026-09-01 22:20:24,18594.5,23.1953,3.79890
2026-09-01 22:20:33,18604.1,23.2109,3.79880
2026-09-01 22:20:44,18614.2,23.1875,3.79873
2026-09-01 22:20:54,18624.3,23.1875,3.79864
2026-09-01 22:21:04,18634.4,23.1953,3.79856
2026-09-01 22:21:13,18644.1,23.1875,3.79845
2026-09-01 22:21:23,18654.2,23.2187,3.79837
2026-09-01 22:21:34,18664.3,23.2031,3.79830
2026-09-01 22:21:44,18674.3,23.2187,3.79819
2026-09-01 22:21:53,18684.0,23.2109,3.79811
2026-09-01 22:22:03,18694.1,23.2031,3.79803
2026-09-01 22:22:14,18704.2,23.2031,3.79796
2026-09-01 22:22:24,18714.3,23.2187,3.79786
2026-09-01 22:22:34,18724.4,23.2031,3.79776
2026-09-01 22:22:43,18734.1,23.2031,3.79767
2026-09-01 22:22:53,18744.2,23.2187,3.79761
2026-09-01 22:23:04,18754.2,23.2187,3.79752
2026-09-01 22:23:14,18764.3,23.1953,3.79744
2026-09-01 22:23:23,18774.0,23.2031,3.79735
2026-09-01 22:23:33,18784.1,23.2187,3.79727
2026-09-01 22:23:44,18794.2,23.2187,3.79716
2026-09-01 22:23:54,18804.3,23.2031,3.79707
2026-09-01 22:24:03,18814.0,23.2031,3.79700
2026-09-01 22:24:13,18824.0,23.1953,3.79690
2026-09-01 22:24:23,18834.1,23.2109,3.79681
2026-09-01 22:24:34,18844.2,23.2187,3.79675
2026-09-01 22:24:43,18853.9,23.2109,3.79664
2026-09-01 22:24:53,18864.0,23.2265,3.79658
2026-09-01 22:25:03,18874.1,23.2031,3.79649
2026-09-01 22:25:13,18884.2,23.1953,3.79641
2026-09-01 22:25:24,18894.2,23.2031,3.79629
2026-09-01 22:25:33,18903.9,23.2109,3.79623
2026-09-01 22:25:43,18914.0,23.2187,3.79612
2026-09-01 22:25:53,18924.1,23.2109,3.79606
2026-09-01 22:26:04,18934.2,23.2187,3.79597
2026-09-01 22:26:13,18943.9,23.2031,3.79587
2026-09-01 22:26:23,18954.0,23.2187,3.79580
2026-09-01 22:26:33,18964.1,23.2109,3.79571
2026-09-01 22:26:43,18974.2,23.2031,3.79561
2026-09-01 22:26:53,18983.8,23.2187,3.79552
2026-09-01 22:27:03,18993.9,23.2031,3.79543
2026-09-01 22:27:13,19004.0,23.1953,3.79537
2026-09-01 22:27:23,19014.1,23.1953,3.79528
2026-09-01 22:27:34,19024.2,23.1953,3.79517
2026-09-01 22:27:43,19033.9,23.2031,3.79510
2026-09-01 22:27:53,19044.0,23.1953,3.79501
2026-09-01 22:28:03,19054.0,23.2109,3.79494
2026-09-01 22:28:13,19064.1,23.2031,3.79484
2026-09-01 22:28:23,19073.8,23.2187,3.79476
2026-09-01 22:28:33,19083.9,23.2187,3.79468
2026-09-01 22:28:43,19094.0,23.2187,3.79457
2026-09-01 22:28:53,19104.1,23.2031,3.79449
2026-09-01 22:29:03,19114.2,23.2109,3.79439
2026-09-01 22:29:13,19123.8,23.2031,3.79431
2026-09-01 22:29:23,19133.9,23.2265,3.79424
2026-09-01 22:29:33,19144.0,23.2109,3.79413
2026-09-01 22:29:43,19154.1,23.2109,3.79406
2026-09-01 22:29:53,19163.8,23.2187,3.79397
2026-09-01 22:30:03,19173.9,23.2343,3.79388
2026-09-01 22:30:13,19184.0,23.2265,3.79381
2026-09-01 22:30:23,19194.1,23.2109,3.79372
2026-09-01 22:30:33,19203.7,23.2109,3.79362
2026-09-01 22:30:43,19213.8,23.2109,3.79355
2026-09-01 22:30:53,19223.9,23.2187,3.79345
2026-09-01 22:31:03,19234.0,23.2109,3.79336
2026-09-01 22:31:13,19244.1,23.2109,3.79328
2026-09-01 22:31:23,19253.8,23.2187,3.79320
2026-09-01 22:31:33,19263.9,23.2187,3.79312
2026-09-01 22:31:43,19274.0,23.2109,3.79303
2026-09-01 22:31:53,19284.0,23.2265,3.79293
2026-09-01 22:32:03,19293.7,23.2109,3.79283
2026-09-01 22:32:13,19303.8,23.2109,3.79275
2026-09-01 22:32:23,19313.9,23.2187,3.79266
2026-09-01 22:32:33,19324.0,23.2265,3.79258
2026-09-01 22:32:43,19333.7,23.2265,3.79249
2026-09-01 22:32:53,19343.8,23.2265,3.79240
2026-09-01 22:33:03,19353.8,23.2187,3.79231
2026-09-01 22:33:13,19363.9,23.2343,3.79225
2026-09-01 22:33:23,19374.0,23.2265,3.79214
2026-09-01 22:33:33,19383.7,23.2109,3.79205
2026-09-01 22:33:43,19393.8,23.2187,3.79198
2026-09-01 22:33:53,19403.9,23.2265,3.79190
2026-09-01 22:34:03,19414.0,23.2187,3.79180
2026-09-01 22:34:13,19423.6,23.2343,3.79172
2026-09-01 22:34:23,19433.7,23.2187,3.79163
2026-09-01 22:34:33,19443.8,23.2187,3.79154
2026-09-01 22:34:43,19453.9,23.2187,3.79143
2026-09-01 22:34:53,19464.0,23.2343,3.79137
2026-09-01 22:35:03,19473.7,23.2187,3.79128
2026-09-01 22:35:13,19483.8,23.2265,3.79118
2026-09-01 22:35:23,19493.9,23.2343,3.79111
2026-09-01 22:35:33,19503.9,23.2187,3.79100
2026-09-01 22:35:43,19513.6,23.2343,3.79094
2026-09-01 22:35:53,19523.7,23.2109,3.79082
2026-09-01 22:36:03,19533.8,23.2187,3.79076
2026-09-01 22:36:13,19543.9,23.2187,3.79065
2026-09-01 22:36:23,19553.6,23.2187,3.79058
2026-09-01 22:36:33,19563.7,23.2187,3.79047
2026-09-01 22:36:43,19573.8,23.2109,3.79039
2026-09-01 22:36:53,19583.8,23.2109,3.79031
2026-09-01 22:37:03,19593.9,23.2343,3.79023
2026-09-01 22:37:13,19603.6,23.2031,3.79012
2026-09-01 22:37:23,19613.7,23.2187,3.79006
2026-09-01 22:37:33,19623.8,23.2187,3.78995
2026-09-01 22:37:43,19633.9,23.2343,3.78988
2026-09-01 22:37:53,19643.6,23.2265,3.78979
2026-09-01 22:38:03,19653.6,23.2265,3.78969
2026-09-01 22:38:13,19663.7,23.2187,3.78962
2026-09-01 22:38:23,19673.8,23.2421,3.78950
2026-09-01 22:38:33,19683.5,23.2265,3.78944
2026-09-01 22:38:43,19693.6,23.2265,3.78934
2026-09-01 22:38:53,19703.7,23.2187,3.78926
2026-09-01 22:39:03,19713.8,23.2343,3.78917
2026-09-01 22:39:13,19723.8,23.2265,3.78909
2026-09-01 22:39:23,19733.9,23.2187,3.78897
2026-09-01 22:39:33,19743.6,23.2265,3.78891
2026-09-01 22:39:43,19753.7,23.2265,3.78882
2026-09-01 22:39:53,19763.8,23.2343,3.78873
2026-09-01 22:40:03,19773.5,23.2265,3.78865
2026-09-01 22:40:13,19783.6,23.2265,3.78853
2026-09-01 22:40:23,19793.7,23.2265,3.78847
2026-09-01 22:40:33,19803.8,23.2265,3.78835
2026-09-01 22:40:43,19813.8,23.2187,3.78829
2026-09-01 22:40:53,19823.5,23.2500,3.78818
2026-09-01 22:41:03,19833.6,23.2421,3.78809
2026-09-01 22:41:13,19843.7,23.2187,3.78803
2026-09-01 22:41:23,19853.8,23.2187,3.78791
2026-09-01 22:41:33,19863.5,23.2343,3.78782
2026-09-01 22:41:43,19873.5,23.2265,3.78775
2026-09-01 22:41:53,19883.6,23.2421,3.78767
2026-09-01 22:42:03,19893.7,23.2187,3.78758
2026-09-01 22:42:13,19903.8,23.2265,3.78749
2026-09-01 22:42:23,19913.5,23.2343,3.78738
2026-09-01 22:42:33,19923.6,23.2187,3.78729
2026-09-01 22:42:43,19933.7,23.2265,3.78722
2026-09-01 22:42:53,19943.8,23.2187,3.78710
2026-09-01 22:43:03,19953.4,23.2421,3.78704
2026-09-01 22:43:13,19963.5,23.2265,3.78695
2026-09-01 22:43:23,19973.6,23.2265,3.78686
2026-09-01 22:43:33,19983.7,23.2187,3.78675
2026-09-01 22:43:43,19993.8,23.2343,3.78668
2026-09-01 22:43:53,20003.5,23.2187,3.78658
2026-09-01 22:44:03,20013.6,23.2343,3.78650
2026-09-01 22:44:13,20023.7,23.2187,3.78642
2026-09-01 22:44:23,20033.7,23.2343,3.78630
2026-09-01 22:44:33,20043.4,23.2265,3.78623
2026-09-01 22:44:43,20053.5,23.2187,3.78614
2026-09-01 22:44:53,20063.6,23.2421,3.78606
2026-09-01 22:45:03,20073.7,23.2343,3.78594
2026-09-01 22:45:13,20083.4,23.2343,3.78586
2026-09-01 22:45:23,20093.5,23.2421,3.78579
2026-09-01 22:45:33,20103.5,23.2421,3.78567
2026-09-01 22:45:43,20113.6,23.2343,3.78561
2026-09-01 22:45:53,20123.3,23.2109,3.78550
2026-09-01 22:46:03,20133.4,23.2421,3.78540
2026-09-01 22:46:13,20143.5,23.2265,3.78532
2026-09-01 22:46:23,20153.6,23.2265,3.78525
2026-09-01 22:46:33,20163.7,23.2187,3.78514
2026-09-01 22:46:43,20173.3,23.2421,3.78507
2026-09-01 22:46:53,20183.4,23.2343,3.78495
2026-09-01 22:47:03,20193.5,23.2265,3.78487
2026-09-01 22:47:13,20203.6,23.2421,3.78477
2026-09-01 22:47:23,20213.3,23.2421,3.78468
2026-09-01 22:47:33,20223.4,23.2343,3.78459
2026-09-01 22:47:43,20233.5,23.2187,3.78452
2026-09-01 22:47:53,20243.6,23.2265,3.78441
2026-09-01 22:48:03,20253.6,23.2421,3.78434
2026-09-01 22:48:13,20263.3,23.2421,3.78425
2026-09-01 22:48:23,20273.4,23.2265,3.78414
2026-09-01 22:48:33,20283.5,23.2343,3.78407
2026-09-01 22:48:43,20293.6,23.2421,3.78395
2026-09-01 22:48:53,20303.7,23.2187,3.78388
2026-09-01 22:49:03,20313.4,23.2343,3.78379
2026-09-01 22:49:13,20323.5,23.2343,3.78368
2026-09-01 22:49:23,20333.5,23.2265,3.78360
2026-09-01 22:49:33,20343.6,23.2187,3.78350
2026-09-01 22:49:43,20353.3,23.2343,3.78341
2026-09-01 22:49:53,20363.4,23.2421,3.78334
2026-09-01 22:50:03,20373.5,23.2421,3.78325
2026-09-01 22:50:13,20383.6,23.2265,3.78315
2026-09-01 22:50:23,20393.3,23.2265,3.78305
2026-09-01 22:50:33,20403.3,23.2187,3.78297
2026-09-01 22:50:43,20413.4,23.2265,3.78288
2026-09-01 22:50:53,20423.5,23.2265,3.78277
2026-09-01 22:51:03,20433.6,23.2421,3.78270
2026-09-01 22:51:13,20443.3,23.2265,3.78258
2026-09-01 22:51:23,20453.4,23.2500,3.78249
2026-09-01 22:51:33,20463.5,23.2343,3.78242
2026-09-01 22:51:43,20473.5,23.2343,3.78233
2026-09-01 22:51:53,20483.2,23.2500,3.78222
2026-09-01 22:52:03,20493.3,23.2343,3.78213
2026-09-01 22:52:13,20503.4,23.2343,3.78203
2026-09-01 22:52:23,20513.5,23.2343,3.78194
2026-09-01 22:52:33,20523.6,23.2265,3.78187
2026-09-01 22:52:43,20533.3,23.2265,3.78176
2026-09-01 22:52:53,20543.4,23.2343,3.78169
2026-09-01 22:53:03,20553.5,23.2265,3.78159
2026-09-01 22:53:13,20563.5,23.2343,3.78148
2026-09-01 22:53:23,20573.6,23.2343,3.78138
2026-09-01 22:53:33,20583.3,23.2421,3.78130
2026-09-01 22:53:43,20593.4,23.2343,3.78121
2026-09-01 22:53:53,20603.5,23.2265,3.78113
2026-09-01 22:54:03,20613.6,23.2265,3.78104
2026-09-01 22:54:13,20623.2,23.2187,3.78095
2026-09-01 22:54:23,20633.3,23.2343,3.78083
2026-09-01 22:54:33,20643.4,23.2109,3.78074
2026-09-01 22:54:43,20653.5,23.2265,3.78067
2026-09-01 22:54:53,20663.6,23.2265,3.78056
2026-09-01 22:55:03,20673.3,23.2421,3.78047
2026-09-01 22:55:13,20683.4,23.2343,3.78038
2026-09-01 22:55:23,20693.5,23.2343,3.78031
2026-09-01 22:55:33,20703.5,23.2187,3.78019
2026-09-01 22:55:43,20713.2,23.2421,3.78012
2026-09-01 22:55:53,20723.3,23.2500,3.78000
2026-09-01 22:56:03,20733.4,23.2265,3.77993
2026-09-01 22:56:13,20743.5,23.2500,3.77981
2026-09-01 22:56:23,20753.6,23.2421,3.77974
2026-09-01 22:56:33,20763.3,23.2187,3.77963
2026-09-01 22:56:43,20773.4,23.2421,3.77954
2026-09-01 22:56:53,20783.4,23.2343,3.77945
2026-09-01 22:57:03,20793.5,23.2265,3.77937
2026-09-01 22:57:13,20803.2,23.2343,3.77929
2026-09-01 22:57:23,20813.3,23.2656,3.77917
2026-09-01 22:57:33,20823.4,23.2343,3.77910
2026-09-01 22:57:43,20833.5,23.2421,3.77900
2026-09-01 22:57:52,20843.2,23.2421,3.77889
2026-09-01 22:58:03,20853.2,23.2343,3.77881
2026-09-01 22:58:13,20863.3,23.2421,3.77872
2026-09-01 22:58:23,20873.4,23.2500,3.77862
2026-09-01 22:58:33,20883.5,23.2500,3.77853
2026-09-01 22:58:43,20893.2,23.2578,3.77844
2026-09-01 22:58:53,20903.3,23.2500,3.77833
2026-09-01 22:59:03,20913.4,23.2421,3.77823
2026-09-01 22:59:13,20923.5,23.2500,3.77816
2026-09-01 22:59:22,20933.1,23.2343,3.77807
2026-09-01 22:59:33,20943.2,23.2421,3.77796
2026-09-01 22:59:43,20953.3,23.2187,3.77786
2026-09-01 22:59:53,20963.4,23.2265,3.77779
2026-09-01 23:00:03,20973.5,23.2578,3.77767
2026-09-01 23:00:12,20983.2,23.2656,3.77761
2026-09-01 23:00:23,20993.3,23.2578,3.77749
2026-09-01 23:00:33,21003.3,23.2421,3.77741
2026-09-01 23:00:43,21013.4,23.2421,3.77732
2026-09-01 23:00:52,21023.1,23.2500,3.77723
2026-09-01 23:01:03,21033.2,23.2421,3.77713
2026-09-01 23:01:13,21043.3,23.2500,3.77702
2026-09-01 23:01:23,21053.4,23.2500,3.77694
2026-09-01 23:01:32,21063.1,23.2500,3.77682
2026-09-01 23:01:42,21073.2,23.2343,3.77676
2026-09-01 23:01:53,21083.2,23.2421,3.77664
2026-09-01 23:02:03,21093.3,23.2500,3.77657
2026-09-01 23:02:13,21103.4,23.2500,3.77647
2026-09-01 23:02:22,21113.1,23.2500,3.77636
2026-09-01 23:02:33,21123.2,23.2421,3.77628
2026-09-01 23:02:43,21133.3,23.2578,3.77619
2026-09-01 23:02:53,21143.4,23.2500,3.77610
2026-09-01 23:03:02,21153.0,23.2421,3.77601
2026-09-01 23:03:12,21163.1,23.2421,3.77588
2026-09-01 23:03:23,21173.2,23.2578,3.77582
2026-09-01 23:03:33,21183.3,23.2578,3.77572
2026-09-01 23:03:42,21193.0,23.2343,3.77563
2026-09-01 23:03:52,21203.1,23.2343,3.77553
2026-09-01 23:04:02,21213.2,23.2421,3.77544
2026-09-01 23:04:13,21223.2,23.2265,3.77535
2026-09-01 23:04:23,21233.3,23.2500,3.77523
2026-09-01 23:04:32,21243.0,23.2421,3.77516
2026-09-01 23:04:42,21253.1,23.2265,3.77504
2026-09-01 23:04:53,21263.2,23.2421,3.77497
2026-09-01 23:05:03,21273.3,23.2421,3.77488
2026-09-01 23:05:12,21283.0,23.2421,3.77477
2026-09-01 23:05:22,21293.1,23.2343,3.77469
2026-09-01 23:05:32,21303.2,23.2578,3.77459
2026-09-01 23:05:43,21313.2,23.2500,3.77450
2026-09-01 23:05:53,21323.3,23.2578,3.77440
2026-09-01 23:06:02,21333.0,23.2500,3.77430
2026-09-01 23:06:12,21343.1,23.2421,3.77421
2026-09-01 23:06:23,21353.2,23.2421,3.77413
2026-09-01 23:06:33,21363.3,23.2500,3.77401
2026-09-01 23:06:42,21373.0,23.2421,3.77392
2026-09-01 23:06:52,21383.0,23.2421,3.77384
2026-09-01 23:07:02,21393.1,23.2265,3.77374
2026-09-01 23:07:13,21403.2,23.2500,3.77365
2026-09-01 23:07:22,21412.9,23.2578,3.77356
2026-09-01 23:07:32,21423.0,23.2500,3.77344
2026-09-01 23:07:42,21433.1,23.2421,3.77337
2026-09-01 23:07:52,21443.2,23.2421,3.77326
2026-09-01 23:08:03,21453.2,23.2421,3.77316
2026-09-01 23:08:12,21462.9,23.2343,3.77309
2026-09-01 23:08:22,21473.0,23.2578,3.77299
2026-09-01 23:08:32,21483.1,23.2421,3.77287
2026-09-01 23:08:43,21493.2,23.2500,3.77280
2026-09-01 23:08:52,21502.9,23.2578,3.77268
2026-09-01 23:09:02,21513.0,23.2343,3.77261
2026-09-01 23:09:12,21523.1,23.2421,3.77251
2026-09-01 23:09:22,21533.1,23.2421,3.77240
2026-09-01 23:09:33,21543.2,23.2343,3.77231
2026-09-01 23:09:42,21552.9,23.2421,3.77223
2026-09-01 23:09:52,21563.0,23.2500,3.77212
2026-09-01 23:10:02,21573.1,23.2343,3.77204
2026-09-01 23:10:13,21583.2,23.2500,3.77190
2026-09-01 23:10:22,21592.9,23.2578,3.77183
2026-09-01 23:10:32,21603.0,23.2421,3.77175
2026-09-01 23:10:42,21613.0,23.2265,3.77165
2026-09-01 23:10:52,21623.1,23.2500,3.77153
2026-09-01 23:11:02,21632.8,23.2500,3.77146
2026-09-01 23:11:12,21642.9,23.2500,3.77134
2026-09-01 23:11:22,21653.0,23.2500,3.77125
2026-09-01 23:11:32,21663.1,23.2578,3.77117
2026-09-01 23:11:42,21673.2,23.2500,3.77108
2026-09-01 23:11:52,21682.8,23.2500,3.77099
2026-09-01 23:12:02,21692.9,23.2578,3.77089
2026-09-01 23:12:12,21703.0,23.2656,3.77080
2026-09-01 23:12:22,21713.1,23.2812,3.77070
2026-09-01 23:12:32,21722.8,23.2500,3.77060
2026-09-01 23:12:42,21732.9,23.2500,3.77051
2026-09-01 23:12:52,21743.0,23.2656,3.77039
2026-09-01 23:13:02,21753.0,23.2578,3.77029
2026-09-01 23:13:12,21762.7,23.2421,3.77022
2026-09-01 23:13:22,21772.8,23.2578,3.77010
2026-09-01 23:13:32,21782.9,23.2656,3.77002
2026-09-01 23:13:42,21793.0,23.2500,3.76993
2026-09-01 23:13:52,21803.1,23.2421,3.76980
2026-09-01 23:14:02,21812.8,23.2578,3.76972
2026-09-01 23:14:12,21822.9,23.2578,3.76961
2026-09-01 23:14:22,21832.9,23.2500,3.76955
2026-09-01 23:14:32,21843.0,23.2578,3.76942
2026-09-01 23:14:42,21852.7,23.2421,3.76933
2026-09-01 23:14:52,21862.8,23.2421,3.76925
2026-09-01 23:15:02,21872.9,23.2500,3.76913
2026-09-01 23:15:12,21883.0,23.2656,3.76906
2026-09-01 23:15:22,21892.7,23.2500,3.76896
2026-09-01 23:15:32,21902.8,23.2500,3.76886
2026-09-01 23:15:42,21912.8,23.2500,3.76874
2026-09-01 23:15:52,21922.9,23.2421,3.76867
2026-09-01 23:16:02,21933.0,23.2578,3.76857
2026-09-01 23:16:12,21942.7,23.2578,3.76845
2026-09-01 23:16:22,21952.8,23.2500,3.76838
2026-09-01 23:16:32,21962.9,23.2500,3.76827
2026-09-01 23:16:42,21973.0,23.2421,3.76818
2026-09-01 23:16:52,21982.6,23.2656,3.76807
2026-09-01 23:17:02,21992.7,23.2656,3.76797
2026-09-01 23:17:12,22002.8,23.2421,3.76789
2026-09-01 23:17:22,22012.9,23.2500,3.76779
2026-09-01 23:17:32,22023.0,23.2578,3.76769
2026-09-01 23:17:42,22032.7,23.2421,3.76760
2026-09-01 23:17:52,22042.8,23.2656,3.76747
2026-09-01 23:18:02,22052.8,23.2656,3.76738
2026-09-01 23:18:12,22062.9,23.2656,3.76729
2026-09-01 23:18:22,22072.6,23.2656,3.76718
2026-09-01 23:18:32,22082.7,23.2578,3.76708
2026-09-01 23:18:42,22092.8,23.2578,3.76699
2026-09-01 23:18:52,22102.9,23.2500,3.76691
2026-09-01 23:19:02,22113.0,23.2578,3.76681
2026-09-01 23:19:12,22122.7,23.2500,3.76672
2026-09-01 23:19:22,22132.8,23.2500,3.76662
2026-09-01 23:19:32,22142.8,23.2578,3.76652
2026-09-01 23:19:42,22152.9,23.2656,3.76642
2026-09-01 23:19:52,22162.6,23.2421,3.76630
2026-09-01 23:20:02,22172.7,23.2656,3.76620
2026-09-01 23:20:12,22182.8,23.2656,3.76610
2026-09-01 23:20:22,22192.9,23.2500,3.76603
2026-09-01 23:20:32,22203.0,23.2500,3.76590
2026-09-01 23:20:42,22212.6,23.2421,3.76583
2026-09-01 23:20:52,22222.7,23.2656,3.76573
2026-09-01 23:21:02,22232.8,23.2500,3.76563
2026-09-01 23:21:12,22242.9,23.2500,3.76552
2026-09-01 23:21:22,22252.6,23.2734,3.76541
2026-09-01 23:21:32,22262.7,23.2421,3.76533
2026-09-01 23:21:42,22272.8,23.2500,3.76521
2026-09-01 23:21:52,22282.8,23.2343,3.76513
2026-09-01 23:22:02,22292.9,23.2421,3.76504
2026-09-01 23:22:12,22302.6,23.2500,3.76492
2026-09-01 23:22:22,22312.7,23.2500,3.76482
2026-09-01 23:22:32,22322.8,23.2656,3.76473
2026-09-01 23:22:42,22332.9,23.2421,3.76462
2026-09-01 23:22:52,22342.6,23.2656,3.76454
2026-09-01 23:23:02,22352.7,23.2500,3.76441
2026-09-01 23:23:12,22362.7,23.2421,3.76434
2026-09-01 23:23:22,22372.8,23.2500,3.76424
2026-09-01 23:23:32,22382.5,23.2578,3.76413
2026-09-01 23:23:42,22392.6,23.2656,3.76404
2026-09-01 23:23:52,22402.7,23.2656,3.76392
2026-09-01 23:24:02,22412.8,23.2578,3.76384
2026-09-01 23:24:12,22422.9,23.2578,3.76372
2026-09-01 23:24:22,22432.5,23.2578,3.76364
2026-09-01 23:24:32,22442.6,23.2656,3.76355
2026-09-01 23:24:42,22452.7,23.2578,3.76342
2026-09-01 23:24:52,22462.8,23.2656,3.76331
2026-09-01 23:25:02,22472.5,23.2500,3.76324
2026-09-01 23:25:12,22482.6,23.2500,3.76314
2026-09-01 23:25:22,22492.7,23.2656,3.76303
2026-09-01 23:25:32,22502.8,23.2656,3.76294
2026-09-01 23:25:42,22512.4,23.2734,3.76284
2026-09-01 23:25:52,22522.5,23.2500,3.76274
2026-09-01 23:26:02,22532.6,23.2578,3.76263
2026-09-01 23:26:12,22542.7,23.2578,3.76253
2026-09-01 23:26:22,22552.4,23.2734,3.76243
2026-09-01 23:26:32,22562.5,23.2578,3.76233
2026-09-01 23:26:42,22572.6,23.2578,3.76221
2026-09-01 23:26:52,22582.6,23.2578,3.76211
2026-09-01 23:27:02,22592.3,23.2656,3.76203
2026-09-01 23:27:12,22602.4,23.2500,3.76193
2026-09-01 23:27:22,22612.5,23.2656,3.76183
2026-09-01 23:27:32,22622.6,23.2656,3.76170
2026-09-01 23:27:42,22632.7,23.2890,3.76161
2026-09-01 23:27:52,22642.4,23.2812,3.76153
2026-09-01 23:28:02,22652.5,23.2578,3.76142
2026-09-01 23:28:12,22662.5,23.2421,3.76130
2026-09-01 23:28:22,22672.6,23.2578,3.76123
2026-09-01 23:28:32,22682.3,23.2734,3.76110
2026-09-01 23:28:42,22692.4,23.2578,3.76100
2026-09-01 23:28:52,22702.5,23.2656,3.76092
2026-09-01 23:29:02,22712.6,23.2656,3.76080
2026-09-01 23:29:12,22722.2,23.2578,3.76071
2026-09-01 23:29:22,22732.3,23.2578,3.76061
2026-09-01 23:29:32,22742.4,23.2578,3.76049
2026-09-01 23:29:42,22752.5,23.2734,3.76042
2026-09-01 23:29:52,22762.2,23.2500,3.76029
2026-09-01 23:30:02,22772.3,23.2812,3.76019
2026-09-01 23:30:12,22782.4,23.2890,3.76011
2026-09-01 23:30:22,22792.5,23.2656,3.75998
2026-09-01 23:30:32,22802.5,23.2500,3.75988
2026-09-01 23:30:42,22812.2,23.2734,3.75980
2026-09-01 23:30:52,22822.3,23.2578,3.75970
2026-09-01 23:31:02,22832.4,23.2656,3.75960
2026-09-01 23:31:12,22842.5,23.2578,3.75947
2026-09-01 23:31:22,22852.2,23.2734,3.75940
2026-09-01 23:31:32,22862.3,23.2500,3.75930
2026-09-01 23:31:42,22872.4,23.2500,3.75919
2026-09-01 23:31:52,22882.5,23.2734,3.75906
2026-09-01 23:32:01,22892.1,23.2500,3.75898
2026-09-01 23:32:12,22902.2,23.2578,3.75889
2026-09-01 23:32:22,22912.3,23.2890,3.75876
2026-09-01 23:32:32,22922.4,23.2578,3.75866
2026-09-01 23:32:42,22932.5,23.2578,3.75858
2026-09-01 23:32:51,22942.2,23.2734,3.75846
2026-09-01 23:33:02,22952.2,23.2578,3.75836
2026-09-01 23:33:12,22962.3,23.2812,3.75828
2026-09-01 23:33:21,22972.0,23.2500,3.75815
2026-09-01 23:33:31,22982.1,23.2656,3.75805
2026-09-01 23:33:42,22992.2,23.2734,3.75797
2026-09-01 23:33:52,23002.3,23.2734,3.75785
2026-09-01 23:34:02,23012.4,23.2656,3.75776
2026-09-01 23:34:11,23022.1,23.2812,3.75766
2026-09-01 23:34:21,23032.1,23.2812,3.75756
2026-09-01 23:34:32,23042.2,23.2734,3.75744
2026-09-01 23:34:42,23052.3,23.2578,3.75733
2026-09-01 23:34:51,23062.0,23.2656,3.75723
2026-09-01 23:35:01,23072.1,23.2578,3.75713
2026-09-01 23:35:12,23082.2,23.2656,3.75702
2026-09-01 23:35:22,23092.3,23.2734,3.75694
2026-09-01 23:35:31,23102.0,23.2734,3.75685
2026-09-01 23:35:41,23112.0,23.2812,3.75675
2026-09-01 23:35:51,23122.1,23.2734,3.75664
2026-09-01 23:36:02,23132.2,23.2734,3.75652
2026-09-01 23:36:12,23142.3,23.2812,3.75641
2026-09-01 23:36:21,23152.0,23.2890,3.75633
2026-09-01 23:36:31,23162.1,23.2656,3.75623
2026-09-01 23:36:41,23172.2,23.2890,3.75611
2026-09-01 23:36:52,23182.2,23.2812,3.75603
2026-09-01 23:37:02,23192.3,23.2890,3.75593
2026-09-01 23:37:11,23202.0,23.2656,3.75583
2026-09-01 23:37:21,23212.1,23.2812,3.75573
2026-09-01 23:37:32,23222.2,23.2734,3.75560
2026-09-01 23:37:42,23232.3,23.2578,3.75549
2026-09-01 23:37:51,23242.0,23.2734,3.75542
2026-09-01 23:38:01,23252.0,23.2812,3.75529
2026-09-01 23:38:11,23262.1,23.2812,3.75521
2026-09-01 23:38:22,23272.2,23.2812,3.75511
2026-09-01 23:38:31,23281.9,23.2890,3.75499
2026-09-01 23:38:41,23292.0,23.2656,3.75489
2026-09-01 23:38:51,23302.1,23.2734,3.75481
2026-09-01 23:39:01,23312.2,23.2812,3.75469
2026-09-01 23:39:12,23322.3,23.2812,3.75458
2026-09-01 23:39:21,23331.9,23.2656,3.75449
2026-09-01 23:39:31,23342.0,23.2734,3.75440
2026-09-01 23:39:41,23352.1,23.2812,3.75430
2026-09-01 23:39:52,23362.2,23.2734,3.75420
2026-09-01 23:40:01,23371.9,23.2890,3.75408
2026-09-01 23:40:11,23382.0,23.2734,3.75400
2026-09-01 23:40:21,23392.1,23.2890,3.75390
2026-09-01 23:40:31,23402.2,23.2812,3.75377
2026-09-01 23:40:41,23411.8,23.2734,3.75368
2026-09-01 23:40:51,23421.9,23.2890,3.75360
2026-09-01 23:41:01,23432.0,23.2656,3.75350
2026-09-01 23:41:11,23442.1,23.2890,3.75338
2026-09-01 23:41:21,23451.8,23.2812,3.75327
2026-09-01 23:41:31,23461.9,23.2734,3.75317
2026-09-01 23:41:41,23472.0,23.3046,3.75308
2026-09-01 23:41:51,23482.0,23.2656,3.75300
2026-09-01 23:42:01,23491.7,23.2890,3.75288
2026-09-01 23:42:11,23501.8,23.2890,3.75277
2026-09-01 23:42:21,23511.9,23.2890,3.75270
2026-09-01 23:42:31,23522.0,23.2812,3.75260
2026-09-01 23:42:41,23531.7,23.2734,3.75250
2026-09-01 23:42:51,23541.8,23.3046,3.75238
2026-09-01 23:43:01,23551.9,23.2890,3.75228
2026-09-01 23:43:11,23561.9,23.2890,3.75220
2026-09-01 23:43:21,23572.0,23.2734,3.75208
2026-09-01 23:43:31,23581.7,23.2812,3.75198
2026-09-01 23:43:41,23591.8,23.2734,3.75189
2026-09-01 23:43:51,23601.9,23.2734,3.75178
2026-09-01 23:44:01,23612.0,23.2656,3.75168
2026-09-01 23:44:11,23621.7,23.2890,3.75159
2026-09-01 23:44:21,23631.8,23.3125,3.75150
2026-09-01 23:44:31,23641.8,23.2734,3.75141
2026-09-01 23:44:41,23651.9,23.3046,3.75130
2026-09-01 23:44:51,23661.6,23.2890,3.75122
2026-09-01 23:45:01,23671.7,23.2812,3.75112
2026-09-01 23:45:11,23681.8,23.2890,3.75103
2026-09-01 23:45:21,23691.9,23.2890,3.75093
2026-09-01 23:45:31,23702.0,23.2734,3.75083
2026-09-01 23:45:41,23711.6,23.2812,3.75071
2026-09-01 23:45:51,23721.7,23.2812,3.75064
2026-09-01 23:46:01,23731.8,23.2890,3.75054
2026-09-01 23:46:11,23741.9,23.2812,3.75042
2026-09-01 23:46:21,23751.6,23.2890,3.75036
2026-09-01 23:46:31,23761.7,23.2734,3.75026
2026-09-01 23:46:41,23771.8,23.2890,3.75016
2026-09-01 23:46:51,23781.8,23.2890,3.75004
2026-09-01 23:47:01,23791.9,23.2812,3.74994
2026-09-01 23:47:11,23801.6,23.2890,3.74985
2026-09-01 23:47:21,23811.7,23.2812,3.74978
2026-09-01 23:47:31,23821.8,23.2890,3.74968
2026-09-01 23:47:41,23831.9,23.2812,3.74957
2026-09-01 23:47:51,23841.6,23.3046,3.74948
2026-09-01 23:48:01,23851.7,23.2812,3.74938
2026-09-01 23:48:11,23861.7,23.2812,3.74931
2026-09-01 23:48:21,23871.8,23.2812,3.74919
2026-09-01 23:48:31,23881.5,23.3046,3.74912
2026-09-01 23:48:41,23891.6,23.2890,3.74901
2026-09-01 23:48:51,23901.7,23.2812,3.74894
2026-09-01 23:49:01,23911.8,23.2890,3.74884
2026-09-01 23:49:11,23921.5,23.2890,3.74876
2026-09-01 23:49:21,23931.5,23.2578,3.74864
2026-09-01 23:49:31,23941.6,23.2734,3.74857
2026-09-01 23:49:41,23951.7,23.2890,3.74847
2026-09-01 23:49:51,23961.8,23.2890,3.74839
2026-09-01 23:50:01,23971.5,23.2812,3.74830
2026-09-01 23:50:11,23981.6,23.2890,3.74822
2026-09-01 23:50:21,23991.7,23.2734,3.74813
2026-09-01 23:50:31,24001.8,23.2890,3.74801
2026-09-01 23:50:41,24011.4,23.3046,3.74795
2026-09-01 23:50:51,24021.5,23.2890,3.74783
2026-09-01 23:51:01,24031.6,23.3046,3.74774
2026-09-01 23:51:11,24041.7,23.2734,3.74766
2026-09-01 23:51:21,24051.4,23.3046,3.74759
2026-09-01 23:51:31,24061.5,23.2890,3.74750
2026-09-01 23:51:41,24071.6,23.2812,3.74739
2026-09-01 23:51:51,24081.6,23.2890,3.74733
2026-09-01 23:52:01,24091.7,23.3046,3.74722
2026-09-01 23:52:11,24101.4,23.3046,3.74715
2026-09-01 23:52:21,24111.5,23.2890,3.74704
2026-09-01 23:52:31,24121.6,23.2734,3.74696
2026-09-01 23:52:41,24131.7,23.3046,3.74689
2026-09-01 23:52:51,24141.4,23.2734,3.74681
2026-09-01 23:53:01,24151.5,23.2734,3.74670
2026-09-01 23:53:11,24161.5,23.2734,3.74664
2026-09-01 23:53:21,24171.6,23.2812,3.74653
2026-09-01 23:53:31,24181.7,23.2812,3.74646
2026-09-01 23:53:41,24191.4,23.2812,3.74636
2026-09-01 23:53:51,24201.5,23.2812,3.74628
2026-09-01 23:54:01,24211.6,23.2734,3.74619
2026-09-01 23:54:11,24221.7,23.2812,3.74613
2026-09-01 23:54:21,24231.3,23.2812,3.74603
2026-09-01 23:54:31,24241.4,23.2578,3.74597
2026-09-01 23:54:41,24251.5,23.2812,3.74588
2026-09-01 23:54:51,24261.6,23.2812,3.74578
2026-09-01 23:55:01,24271.3,23.2812,3.74572
2026-09-01 23:55:11,24281.4,23.2812,3.74562
2026-09-01 23:55:21,24291.5,23.2812,3.74554
2026-09-01 23:55:31,24301.5,23.2812,3.74545
2026-09-01 23:55:41,24311.6,23.2734,3.74539
2026-09-01 23:55:51,24321.3,23.2656,3.74530
2026-09-01 23:56:01,24331.4,23.2734,3.74521
2026-09-01 23:56:11,24341.5,23.2656,3.74516
2026-09-01 23:56:21,24351.6,23.2812,3.74505
2026-09-01 23:56:31,24361.3,23.2890,3.74497
2026-09-01 23:56:41,24371.4,23.2812,3.74491
2026-09-01 23:56:51,24381.5,23.2812,3.74482
2026-09-01 23:57:01,24391.5,23.2656,3.74476
2026-09-01 23:57:11,24401.6,23.2734,3.74465
2026-09-01 23:57:21,24411.3,23.2656,3.74457
2026-09-01 23:57:31,24421.4,23.2890,3.74450
2026-09-01 23:57:41,24431.5,23.2890,3.74444
2026-09-01 23:57:51,24441.6,23.2890,3.74435
2026-09-01 23:58:01,24451.7,23.2656,3.74426
2026-09-01 23:58:11,24461.3,23.2890,3.74419
2026-09-01 23:58:21,24471.4,23.2812,3.74413
2026-09-01 23:58:31,24481.5,23.2734,3.74404
2026-09-01 23:58:41,24491.6,23.2656,3.74398
2026-09-01 23:58:51,24501.3,23.2812,3.74391
2026-09-01 23:59:01,24511.4,23.2812,3.74380
2026-09-01 23:59:11,24521.5,23.2734,3.74373
2026-09-01 23:59:21,24531.5,23.2812,3.74365
2026-09-01 23:59:31,24541.6,23.2734,3.74358
2026-09-01 23:59:41,24551.3,23.2812,3.74351
2026-09-01 23:59:51,24561.4,23.2812,3.74345
2026-09-02 00:00:01,24571.5,23.2656,3.74337
2026-09-02 00:00:11,24581.6,23.2734,3.74330
2026-09-02 00:00:21,24591.3,23.2578,3.74321
2026-09-02 00:00:31,24601.4,23.2734,3.74315
2026-09-02 00:00:41,24611.4,23.2656,3.74306
2026-09-02 00:00:51,24621.5,23.2656,3.74300
2026-09-02 00:01:01,24631.2,23.2734,3.74290
2026-09-02 00:01:11,24641.3,23.2656,3.74286
2026-09-02 00:01:21,24651.4,23.2812,3.74276
2026-09-02 00:01:31,24661.5,23.2656,3.74272
2026-09-02 00:01:41,24671.6,23.2734,3.74262
2026-09-02 00:01:51,24681.2,23.2656,3.74257
2026-09-02 00:02:01,24691.3,23.2734,3.74247
2026-09-02 00:02:11,24701.4,23.2734,3.74243
2026-09-02 00:02:21,24711.5,23.2656,3.74233
2026-09-02 00:02:31,24721.2,23.2812,3.74228
2026-09-02 00:02:41,24731.3,23.2812,3.74219
2026-09-02 00:02:51,24741.4,23.2890,3.74211
2026-09-02 00:03:01,24751.5,23.2734,3.74205
2026-09-02 00:03:11,24761.5,23.2734,3.74197
2026-09-02 00:03:21,24771.2,23.2656,3.74192
2026-09-02 00:03:31,24781.3,23.2656,3.74185
2026-09-02 00:03:41,24791.4,23.2812,3.74175
2026-09-02 00:03:51,24801.5,23.2890,3.74171
2026-09-02 00:04:00,24811.2,23.2734,3.74163
2026-09-02 00:04:11,24821.3,23.3046,3.74154
2026-09-02 00:04:21,24831.3,23.2734,3.74147
2026-09-02 00:04:31,24841.4,23.2734,3.74140
2026-09-02 00:04:41,24851.5,23.2812,3.74135
2026-09-02 00:04:51,24861.2,23.2500,3.74128
2026-09-02 00:05:01,24871.3,23.2656,3.74120
2026-09-02 00:05:11,24881.4,23.2421,3.74112
2026-09-02 00:05:21,24891.5,23.2578,3.74107
2026-09-02 00:05:30,24901.2,23.2578,3.74100
2026-09-02 00:05:41,24911.2,23.2500,3.74092
2026-09-02 00:05:51,24921.3,23.2812,3.74084
2026-09-02 00:06:01,24931.4,23.2734,3.74079
2026-09-02 00:06:10,24941.1,23.2734,3.74073
2026-09-02 00:06:21,24951.2,23.2578,3.74064
2026-09-02 00:06:31,24961.3,23.2734,3.74056
2026-09-02 00:06:41,24971.4,23.2656,3.74049
2026-09-02 00:06:51,24981.5,23.2578,3.74042
2026-09-02 00:07:00,24991.1,23.2734,3.74038
2026-09-02 00:07:11,25001.2,23.2734,3.74030
2026-09-02 00:07:21,25011.3,23.2656,3.74020
2026-09-02 00:07:31,25021.4,23.2734,3.74013
2026-09-02 00:07:40,25031.1,23.2656,3.74007
2026-09-02 00:07:50,25041.2,23.2734,3.74000
2026-09-02 00:08:01,25051.2,23.2890,3.73993
2026-09-02 00:08:11,25061.3,23.2578,3.73986
2026-09-02 00:08:20,25071.0,23.2656,3.73982
2026-09-02 00:08:30,25081.1,23.2734,3.73975
2026-09-02 00:08:41,25091.2,23.2656,3.73966
2026-09-02 00:08:51,25101.3,23.2734,3.73958
2026-09-02 00:09:01,25111.4,23.2812,3.73951
2026-09-02 00:09:10,25121.1,23.2656,3.73947
2026-09-02 00:09:20,25131.2,23.2734,3.73940
2026-09-02 00:09:31,25141.2,23.2734,3.73930
2026-09-02 00:09:41,25151.3,23.2656,3.73922
2026-09-02 00:09:50,25161.0,23.2734,3.73919
2026-09-02 00:10:00,25171.1,23.2890,3.73909
2026-09-02 00:10:11,25181.2,23.2656,3.73903
2026-09-02 00:10:21,25191.3,23.2656,3.73897
2026-09-02 00:10:30,25201.0,23.2656,3.73891
2026-09-02 00:10:40,25211.0,23.2734,3.73883
2026-09-02 00:10:50,25221.1,23.2578,3.73877
2026-09-02 00:11:01,25231.2,23.2734,3.73867
2026-09-02 00:11:11,25241.3,23.2578,3.73863
2026-09-02 00:11:20,25251.0,23.2656,3.73854
2026-09-02 00:11:30,25261.1,23.2578,3.73847
2026-09-02 00:11:40,25271.2,23.2734,3.73840
2026-09-02 00:11:51,25281.2,23.2812,3.73833
2026-09-02 00:12:01,25291.3,23.2500,3.73828
2026-09-02 00:12:10,25301.0,23.2578,3.73820
2026-09-02 00:12:20,25311.1,23.2421,3.73813
2026-09-02 00:12:31,25321.2,23.2578,3.73804
2026-09-02 00:12:41,25331.3,23.2656,3.73799
2026-09-02 00:12:50,25341.0,23.2734,3.73793
2026-09-02 00:13:00,25351.1,23.2734,3.73785
2026-09-02 00:13:10,25361.1,23.2656,3.73778
2026-09-02 00:13:21,25371.2,23.2890,3.73768
2026-09-02 00:13:30,25380.9,23.2578,3.73762
2026-09-02 00:13:40,25391.0,23.2656,3.73756
2026-09-02 00:13:50,25401.1,23.2578,3.73748
2026-09-02 00:14:01,25411.2,23.2734,3.73739
2026-09-02 00:14:10,25420.9,23.2578,3.73733
2026-09-02 00:14:20,25431.0,23.2734,3.73729
2026-09-02 00:14:30,25441.0,23.2578,3.73722
2026-09-02 00:14:40,25451.1,23.2656,3.73714
2026-09-02 00:14:51,25461.2,23.2578,3.73707
2026-09-02 00:15:00,25470.9,23.2656,3.73700
2026-09-02 00:15:10,25481.0,23.2500,3.73692
2026-09-02 00:15:20,25491.1,23.2500,3.73685
2026-09-02 00:15:30,25501.2,23.2656,3.73675
2026-09-02 00:15:40,25510.8,23.2500,3.73669
2026-09-02 00:15:50,25520.9,23.2500,3.73661
2026-09-02 00:16:00,25531.0,23.2578,3.73656
2026-09-02 00:16:10,25541.1,23.2656,3.73648
2026-09-02 00:16:20,25550.8,23.2734,3.73639
2026-09-02 00:16:30,25560.9,23.2812,3.73634
2026-09-02 00:16:40,25571.0,23.2656,3.73627
2026-09-02 00:16:50,25581.0,23.2734,3.73617
2026-09-02 00:17:00,25591.1,23.2734,3.73610
2026-09-02 00:17:10,25600.8,23.2578,3.73604
2026-09-02 00:17:20,25610.9,23.2578,3.73595
2026-09-02 00:17:30,25621.0,23.2656,3.73589
2026-09-02 00:17:40,25631.1,23.2812,3.73582
2026-09-02 00:17:50,25640.8,23.2812,3.73572
2026-09-02 00:18:00,25650.9,23.2656,3.73567
2026-09-02 00:18:10,25660.9,23.2656,3.73557
2026-09-02 00:18:20,25671.0,23.2656,3.73551
2026-09-02 00:18:30,25680.7,23.2578,3.73544
2026-09-02 00:18:40,25690.8,23.2812,3.73534
2026-09-02 00:18:50,25700.9,23.2734,3.73526
2026-09-02 00:19:00,25711.0,23.2656,3.73520
2026-09-02 00:19:10,25720.7,23.2656,3.73512
2026-09-02 00:19:20,25730.8,23.2734,3.73505
2026-09-02 00:19:30,25740.8,23.2656,3.73497
2026-09-02 00:19:40,25750.9,23.2812,3.73489
2026-09-02 00:19:50,25761.0,23.2656,3.73481
2026-09-02 00:20:00,25770.7,23.2578,3.73473
2026-09-02 00:20:10,25780.8,23.2656,3.73466
2026-09-02 00:20:20,25790.9,23.2500,3.73455
2026-09-02 00:20:30,25801.0,23.2656,3.73447
2026-09-02 00:20:40,25810.6,23.2734,3.73440
2026-09-02 00:20:50,25820.7,23.2656,3.73432
2026-09-02 00:21:00,25830.8,23.2812,3.73424
2026-09-02 00:21:10,25840.9,23.2656,3.73416
2026-09-02 00:21:20,25850.6,23.2656,3.73407
2026-09-02 00:21:30,25860.7,23.2578,3.73400
2026-09-02 00:21:40,25870.8,23.2734,3.73392
2026-09-02 00:21:50,25880.8,23.2656,3.73385
2026-09-02 00:22:00,25890.5,23.2734,3.73377
2026-09-02 00:22:10,25900.6,23.2734,3.73369
2026-09-02 00:22:20,25910.7,23.2734,3.73361
2026-09-02 00:22:30,25920.8,23.2656,3.73351
2026-09-02 00:22:40,25930.5,23.2578,3.73345
2026-09-02 00:22:50,25940.6,23.2656,3.73336
2026-09-02 00:23:00,25950.7,23.2656,3.73328
2026-09-02 00:23:10,25960.8,23.2578,3.73319
2026-09-02 00:23:20,25970.8,23.2734,3.73310
2026-09-02 00:23:30,25980.5,23.2656,3.73301
2026-09-02 00:23:40,25990.6,23.2656,3.73292
2026-09-02 00:23:50,26000.7,23.2656,3.73285
2026-09-02 00:24:00,26010.8,23.2890,3.73277
2026-09-02 00:24:10,26020.5,23.2656,3.73266
2026-09-02 00:24:20,26030.5,23.2656,3.73258
2026-09-02 00:24:30,26040.6,23.2734,3.73251
2026-09-02 00:24:40,26050.7,23.2734,3.73242
2026-09-02 00:24:50,26060.4,23.2812,3.73234
2026-09-02 00:25:00,26070.5,23.2656,3.73223
2026-09-02 00:25:10,26080.6,23.2734,3.73214
2026-09-02 00:25:20,26090.7,23.2734,3.73208
2026-09-02 00:25:30,26100.4,23.2500,3.73200
2026-09-02 00:25:40,26110.4,23.2734,3.73189
2026-09-02 00:25:50,26120.5,23.2734,3.73181
2026-09-02 00:26:00,26130.6,23.2734,3.73173
2026-09-02 00:26:10,26140.7,23.2890,3.73162
2026-09-02 00:26:20,26150.4,23.2734,3.73156
2026-09-02 00:26:30,26160.5,23.2656,3.73145
2026-09-02 00:26:40,26170.6,23.2812,3.73135
2026-09-02 00:26:50,26180.7,23.2812,3.73128
2026-09-02 00:27:00,26190.3,23.2812,3.73120
2026-09-02 00:27:10,26200.4,23.2812,3.73108
2026-09-02 00:27:20,26210.5,23.2656,3.73101
2026-09-02 00:27:30,26220.6,23.2812,3.73090
2026-09-02 00:27:40,26230.7,23.2812,3.73081
2026-09-02 00:27:50,26240.4,23.2890,3.73072
2026-09-02 00:28:00,26250.5,23.2656,3.73063
2026-09-02 00:28:10,26260.5,23.2890,3.73054
2026-09-02 00:28:20,26270.6,23.2734,3.73046
2026-09-02 00:28:30,26280.3,23.2890,3.73036
2026-09-02 00:28:40,26290.4,23.2656,3.73026
2026-09-02 00:28:50,26300.5,23.2734,3.73019
2026-09-02 00:29:00,26310.6,23.2812,3.73010
2026-09-02 00:29:10,26320.3,23.2812,3.72998
2026-09-02 00:29:20,26330.3,23.3125,3.72991
2026-09-02 00:29:30,26340.4,23.2890,3.72982
2026-09-02 00:29:40,26350.5,23.3046,3.72972
2026-09-02 00:29:50,26360.2,23.2890,3.72961
2026-09-02 00:30:00,26370.3,23.2890,3.72954
2026-09-02 00:30:10,26380.4,23.2734,3.72944
2026-09-02 00:30:20,26390.5,23.2890,3.72932
2026-09-02 00:30:30,26400.6,23.2812,3.72925
2026-09-02 00:30:40,26410.2,23.2890,3.72913
2026-09-02 00:30:50,26420.3,23.2890,3.72904
2026-09-02 00:31:00,26430.4,23.2812,3.72894
2026-09-02 00:31:10,26440.5,23.2890,3.72886
2026-09-02 00:31:20,26450.2,23.2890,3.72875
2026-09-02 00:31:30,26460.3,23.2734,3.72865
2026-09-02 00:31:40,26470.4,23.2578,3.72858
2026-09-02 00:31:50,26480.5,23.2734,3.72849
2026-09-02 00:31:59,26490.1,23.2890,3.72836
2026-09-02 00:32:10,26500.2,23.2578,3.72827
2026-09-02 00:32:20,26510.3,23.2734,3.72819
2026-09-02 00:32:30,26520.4,23.2812,3.72809
2026-09-02 00:32:40,26530.5,23.2812,3.72799
2026-09-02 00:32:50,26540.2,23.2734,3.72788
2026-09-02 00:33:00,26550.2,23.2734,3.72780
2026-09-02 00:33:10,26560.3,23.2890,3.72769
2026-09-02 00:33:20,26570.4,23.2812,3.72760
2026-09-02 00:33:29,26580.1,23.2890,3.72748
2026-09-02 00:33:40,26590.2,23.3046,3.72738
2026-09-02 00:33:50,26600.3,23.2890,3.72728
2026-09-02 00:34:00,26610.4,23.2890,3.72718
2026-09-02 00:34:09,26620.1,23.2734,3.72710
2026-09-02 00:34:20,26630.2,23.2656,3.72701
2026-09-02 00:34:30,26640.2,23.2734,3.72689
2026-09-02 00:34:40,26650.3,23.3046,3.72678
2026-09-02 00:34:49,26660.0,23.2812,3.72670
2026-09-02 00:35:00,26670.1,23.2734,3.72660
2026-09-02 00:35:10,26680.2,23.2734,3.72648
2026-09-02 00:35:20,26690.3,23.2812,3.72638
2026-09-02 00:35:30,26700.4,23.2812,3.72627
2026-09-02 00:35:39,26710.0,23.2812,3.72620
2026-09-02 00:35:50,26720.1,23.2890,3.72609
2026-09-02 00:36:00,26730.2,23.3046,3.72597
2026-09-02 00:36:10,26740.3,23.2734,3.72589
2026-09-02 00:36:19,26750.0,23.2578,3.72577
2026-09-02 00:36:30,26760.1,23.2812,3.72569
2026-09-02 00:36:40,26770.2,23.2890,3.72559
2026-09-02 00:36:50,26780.2,23.2734,3.72546
2026-09-02 00:36:59,26789.9,23.2812,3.72536
2026-09-02 00:37:09,26800.0,23.3125,3.72526
2026-09-02 00:37:20,26810.1,23.3046,3.72517
2026-09-02 00:37:30,26820.2,23.2890,3.72507
2026-09-02 00:37:40,26830.3,23.2890,3.72496
2026-09-02 00:37:49,26840.0,23.2890,3.72484
2026-09-02 00:38:00,26850.1,23.2734,3.72476
2026-09-02 00:38:10,26860.1,23.2734,3.72463
2026-09-02 00:38:20,26870.2,23.2812,3.72453
2026-09-02 00:38:29,26879.9,23.2890,3.72443
2026-09-02 00:38:39,26890.0,23.2734,3.72432
2026-09-02 00:38:50,26900.1,23.2890,3.72423
2026-09-02 00:39:00,26910.2,23.2812,3.72411
2026-09-02 00:39:10,26920.3,23.2812,3.72401
2026-09-02 00:39:19,26930.0,23.2812,3.72393
2026-09-02 00:39:30,26940.0,23.2656,3.72382
2026-09-02 00:39:40,26950.1,23.3046,3.72370
2026-09-02 00:39:50,26960.2,23.2812,3.72359
2026-09-02 00:39:59,26969.9,23.2812,3.72349
2026-09-02 00:40:09,26980.0,23.2734,3.72338
2026-09-02 00:40:20,26990.1,23.2890,3.72329
2026-09-02 00:40:30,27000.2,23.2890,3.72316
2026-09-02 00:40:39,27009.8,23.2656,3.72306
2026-09-02 00:40:49,27019.9,23.2812,3.72297
2026-09-02 00:41:00,27030.0,23.2812,3.72286
2026-09-02 00:41:10,27040.1,23.2812,3.72274
2026-09-02 00:41:19,27049.8,23.2812,3.72263
2026-09-02 00:41:29,27059.9,23.2812,3.72255
2026-09-02 00:41:39,27070.0,23.3046,3.72244
2026-09-02 00:41:50,27080.0,23.2812,3.72231
2026-09-02 00:42:00,27090.1,23.2812,3.72220
2026-09-02 00:42:09,27099.8,23.2812,3.72212
2026-09-02 00:42:19,27109.9,23.2890,3.72200
2026-09-02 00:42:30,27120.0,23.2812,3.72192
2026-09-02 00:42:40,27130.1,23.3046,3.72181
2026-09-02 00:42:49,27139.8,23.2734,3.72170
2026-09-02 00:42:59,27149.9,23.2890,3.72160
2026-09-02 00:43:09,27159.9,23.3046,3.72149
2026-09-02 00:43:20,27170.0,23.3046,3.72138
2026-09-02 00:43:30,27180.1,23.2890,3.72128
2026-09-02 00:43:39,27189.8,23.2890,3.72118
2026-09-02 00:43:49,27199.9,23.2812,3.72105
2026-09-02 00:44:00,27210.0,23.2656,3.72094
2026-09-02 00:44:09,27219.7,23.2734,3.72084
2026-09-02 00:44:19,27229.8,23.2812,3.72074
2026-09-02 00:44:29,27239.8,23.3125,3.72063
2026-09-02 00:44:39,27249.9,23.3046,3.72055
2026-09-02 00:44:50,27260.0,23.2890,3.72043
2026-09-02 00:44:59,27269.7,23.2812,3.72034
2026-09-02 00:45:09,27279.8,23.2890,3.72023
2026-09-02 00:45:19,27289.9,23.3203,3.72010
2026-09-02 00:45:30,27300.0,23.3046,3.72002
2026-09-02 00:45:39,27309.6,23.2734,3.71991
2026-09-02 00:45:49,27319.7,23.3046,3.71979
2026-09-02 00:45:59,27329.8,23.2734,3.71971
2026-09-02 00:46:09,27339.9,23.2890,3.71959
2026-09-02 00:46:20,27350.0,23.2812,3.71950
2026-09-02 00:46:29,27359.7,23.3203,3.71940
2026-09-02 00:46:39,27369.8,23.3046,3.71928
2026-09-02 00:46:49,27379.9,23.3046,3.71918
2026-09-02 00:47:00,27389.9,23.3046,3.71910
2026-09-02 00:47:09,27399.6,23.3046,3.71900
2026-09-02 00:47:19,27409.7,23.3046,3.71889
2026-09-02 00:47:29,27419.8,23.3046,3.71879
2026-09-02 00:47:39,27429.9,23.2890,3.71868
2026-09-02 00:47:49,27439.6,23.3046,3.71857
2026-09-02 00:47:59,27449.7,23.3046,3.71849
2026-09-02 00:48:09,27459.8,23.3046,3.71838
2026-09-02 00:48:19,27469.8,23.2812,3.71828
2026-09-02 00:48:30,27479.9,23.2812,3.71818
2026-09-02 00:48:39,27489.6,23.2890,3.71806
2026-09-02 00:48:49,27499.7,23.3125,3.71796
2026-09-02 00:48:59,27509.8,23.3125,3.71788
2026-09-02 00:49:09,27519.9,23.3046,3.71776
2026-09-02 00:49:19,27529.5,23.3046,3.71769
2026-09-02 00:49:29,27539.6,23.2890,3.71756
2026-09-02 00:49:39,27549.7,23.3046,3.71748
2026-09-02 00:49:49,27559.8,23.3203,3.71737
2026-09-02 00:49:59,27569.5,23.3046,3.71727
2026-09-02 00:50:09,27579.6,23.3125,3.71718
2026-09-02 00:50:19,27589.7,23.3125,3.71707
2026-09-02 00:50:29,27599.8,23.2812,3.71697
2026-09-02 00:50:39,27609.8,23.2890,3.71688
2026-09-02 00:50:49,27619.5,23.3125,3.71679
2026-09-02 00:50:59,27629.6,23.2812,3.71671
2026-09-02 00:51:09,27639.7,23.3125,3.71661
2026-09-02 00:51:19,27649.8,23.2812,3.71651
2026-09-02 00:51:29,27659.5,23.2734,3.71640
2026-09-02 00:51:39,27669.6,23.3046,3.71633
2026-09-02 00:51:49,27679.7,23.2812,3.71623
2026-09-02 00:51:59,27689.7,23.2812,3.71614
2026-09-02 00:52:09,27699.8,23.3046,3.71602
2026-09-02 00:52:19,27709.5,23.2812,3.71593
2026-09-02 00:52:29,27719.6,23.2812,3.71585
2026-09-02 00:52:39,27729.7,23.2734,3.71576
2026-09-02 00:52:49,27739.8,23.2812,3.71564
2026-09-02 00:52:59,27749.5,23.3125,3.71555
2026-09-02 00:53:09,27759.5,23.2890,3.71548
2026-09-02 00:53:19,27769.6,23.2890,3.71536
2026-09-02 00:53:29,27779.7,23.2734,3.71526
2026-09-02 00:53:39,27789.8,23.2890,3.71519
2026-09-02 00:53:49,27799.5,23.2734,3.71511
2026-09-02 00:53:59,27809.6,23.2890,3.71501
2026-09-02 00:54:09,27819.7,23.2812,3.71491
2026-09-02 00:54:19,27829.8,23.2890,3.71481
2026-09-02 00:54:30,27839.8,23.2812,3.71473
2026-09-02 00:54:39,27849.5,23.2656,3.71464
2026-09-02 00:54:49,27859.6,23.2890,3.71453
2026-09-02 00:54:59,27869.7,23.2734,3.71443
2026-09-02 00:55:09,27879.8,23.2812,3.71436
2026-09-02 00:55:19,27889.5,23.2812,3.71427
2026-09-02 00:55:29,27899.6,23.2890,3.71418
2026-09-02 00:55:39,27909.6,23.2812,3.71407
2026-09-02 00:55:49,27919.7,23.2734,3.71398
2026-09-02 00:56:00,27929.8,23.2812,3.71390
2026-09-02 00:56:09,27939.5,23.2656,3.71380
2026-09-02 00:56:19,27949.6,23.2734,3.71370
2026-09-02 00:56:29,27959.7,23.2812,3.71363
2026-09-02 00:56:39,27969.8,23.2734,3.71354
2026-09-02 00:56:49,27979.5,23.2812,3.71343
2026-09-02 00:56:59,27989.5,23.2890,3.71335
2026-09-02 00:57:09,27999.6,23.2734,3.71325
2026-09-02 00:57:19,28009.7,23.2812,3.71316
2026-09-02 00:57:29,28019.4,23.2890,3.71309
2026-09-02 00:57:39,28029.5,23.2734,3.71300
2026-09-02 00:57:49,28039.6,23.2734,3.71288
2026-09-02 00:57:59,28049.7,23.2812,3.71281
2026-09-02 00:58:09,28059.8,23.2890,3.71270
2026-09-02 00:58:19,28069.4,23.2890,3.71263
2026-09-02 00:58:29,28079.5,23.3046,3.71254
2026-09-02 00:58:39,28089.6,23.2812,3.71245
2026-09-02 00:58:49,28099.7,23.2734,3.71236
2026-09-02 00:58:59,28109.4,23.2890,3.71227
2026-09-02 00:59:09,28119.5,23.3046,3.71218
2026-09-02 00:59:19,28129.5,23.2812,3.71209
2026-09-02 00:59:29,28139.6,23.2890,3.71200
2026-09-02 00:59:39,28149.7,23.3046,3.71190
2026-09-02 00:59:49,28159.4,23.2812,3.71180
2026-09-02 00:59:59,28169.5,23.3046,3.71172
2026-09-02 01:00:09,28179.6,23.2812,3.71160
2026-09-02 01:00:19,28189.7,23.2890,3.71153
2026-09-02 01:00:29,28199.4,23.2656,3.71143
2026-09-02 01:00:39,28209.5,23.3125,3.71135
2026-09-02 01:00:49,28219.5,23.2812,3.71126
2026-09-02 01:00:59,28229.6,23.2890,3.71116
2026-09-02 01:01:09,28239.3,23.2812,3.71106
2026-09-02 01:01:19,28249.4,23.2812,3.71095
2026-09-02 01:01:29,28259.5,23.2890,3.71088
2026-09-02 01:01:39,28269.6,23.3046,3.71078
2026-09-02 01:01:49,28279.7,23.3046,3.71067
2026-09-02 01:01:59,28289.3,23.2890,3.71061
2026-09-02 01:02:09,28299.4,23.3046,3.71051
2026-09-02 01:02:19,28309.5,23.2890,3.71040
2026-09-02 01:02:29,28319.6,23.2812,3.71029
2026-09-02 01:02:39,28329.3,23.3046,3.71020
2026-09-02 01:02:49,28339.4,23.2734,3.71014
2026-09-02 01:02:59,28349.5,23.2734,3.71003
2026-09-02 01:03:09,28359.5,23.2890,3.70994
2026-09-02 01:03:19,28369.6,23.2812,3.70982
2026-09-02 01:03:29,28379.3,23.2890,3.70973
2026-09-02 01:03:39,28389.4,23.3046,3.70965
2026-09-02 01:03:49,28399.5,23.2734,3.70954
2026-09-02 01:03:59,28409.6,23.2890,3.70945
2026-09-02 01:04:09,28419.3,23.2734,3.70934
2026-09-02 01:04:19,28429.4,23.2890,3.70924
2026-09-02 01:04:29,28439.4,23.2812,3.70913
2026-09-02 01:04:39,28449.5,23.2734,3.70904
2026-09-02 01:04:49,28459.6,23.2890,3.70896
2026-09-02 01:04:59,28469.3,23.2812,3.70887
2026-09-02 01:05:09,28479.4,23.2734,3.70873
2026-09-02 01:05:19,28489.5,23.3046,3.70867
2026-09-02 01:05:29,28499.6,23.2812,3.70857
2026-09-02 01:05:39,28509.2,23.3046,3.70846
2026-09-02 01:05:49,28519.3,23.3046,3.70832
2026-09-02 01:05:59,28529.4,23.2890,3.70823
2026-09-02 01:06:09,28539.5,23.2890,3.70814
2026-09-02 01:06:19,28549.2,23.2812,3.70803
2026-09-02 01:06:29,28559.3,23.2656,3.70792
2026-09-02 01:06:39,28569.4,23.3046,3.70785
2026-09-02 01:06:49,28579.5,23.2812,3.70772
2026-09-02 01:06:59,28589.5,23.2890,3.70761
2026-09-02 01:07:09,28599.2,23.2812,3.70753
2026-09-02 01:07:19,28609.3,23.3046,3.70742
2026-09-02 01:07:29,28619.4,23.2734,3.70728
2026-09-02 01:07:39,28629.5,23.2812,3.70719
2026-09-02 01:07:49,28639.2,23.3125,3.70711
2026-09-02 01:07:59,28649.3,23.2890,3.70700
2026-09-02 01:08:09,28659.3,23.2812,3.70685
2026-09-02 01:08:19,28669.4,23.3046,3.70676
2026-09-02 01:08:29,28679.1,23.2890,3.70667
2026-09-02 01:08:39,28689.2,23.3046,3.70656
2026-09-02 01:08:49,28699.3,23.2890,3.70641
2026-09-02 01:08:59,28709.4,23.3046,3.70633
2026-09-02 01:09:09,28719.5,23.3046,3.70620
2026-09-02 01:09:19,28729.2,23.3046,3.70611
2026-09-02 01:09:29,28739.2,23.3125,3.70598
2026-09-02 01:09:39,28749.3,23.2890,3.70586
2026-09-02 01:09:49,28759.4,23.2890,3.70575
2026-09-02 01:09:59,28769.1,23.2890,3.70563
2026-09-02 01:10:09,28779.2,23.2890,3.70554
2026-09-02 01:10:19,28789.3,23.2890,3.70542
2026-09-02 01:10:29,28799.4,23.3046,3.70530
2026-09-02 01:10:39,28809.0,23.2890,3.70519
2026-09-02 01:10:49,28819.1,23.3046,3.70507
2026-09-02 01:10:59,28829.2,23.2812,3.70495
2026-09-02 01:11:09,28839.3,23.3046,3.70481
2026-09-02 01:11:19,28849.4,23.3046,3.70470
2026-09-02 01:11:29,28859.1,23.2890,3.70458
2026-09-02 01:11:39,28869.2,23.2812,3.70444
2026-09-02 01:11:49,28879.2,23.3125,3.70434
2026-09-02 01:11:59,28889.3,23.2734,3.70421
2026-09-02 01:12:09,28899.0,23.2812,3.70407
2026-09-02 01:12:19,28909.1,23.3046,3.70395
2026-09-02 01:12:29,28919.2,23.3046,3.70384
2026-09-02 01:12:39,28929.3,23.3125,3.70371
2026-09-02 01:12:49,28939.0,23.3046,3.70356
2026-09-02 01:12:59,28949.1,23.2890,3.70344
2026-09-02 01:13:09,28959.1,23.3046,3.70332
2026-09-02 01:13:19,28969.2,23.2890,3.70317
2026-09-02 01:13:29,28979.3,23.2890,3.70305
2026-09-02 01:13:39,28989.0,23.2812,3.70293
2026-09-02 01:13:49,28999.1,23.3046,3.70280
2026-09-02 01:13:59,29009.2,23.2812,3.70264
2026-09-02 01:14:09,29019.3,23.2890,3.70252
2026-09-02 01:14:19,29029.0,23.2890,3.70240
2026-09-02 01:14:29,29039.0,23.2812,3.70224
2026-09-02 01:14:39,29049.1,23.2812,3.70210
2026-09-02 01:14:49,29059.2,23.2656,3.70196
2026-09-02 01:14:59,29068.9,23.2734,3.70183
2026-09-02 01:15:09,29079.0,23.2734,3.70171
2026-09-02 01:15:19,29089.1,23.2812,3.70157
2026-09-02 01:15:29,29099.2,23.2812,3.70141
2026-09-02 01:15:39,29108.8,23.2812,3.70128
2026-09-02 01:15:49,29118.9,23.2812,3.70112
2026-09-02 01:15:59,29129.0,23.3046,3.70097
2026-09-02 01:16:09,29139.1,23.2890,3.70083
2026-09-02 01:16:19,29148.8,23.2812,3.70069
2026-09-02 01:16:29,29158.9,23.3046,3.70055
2026-09-02 01:16:39,29169.0,23.2812,3.70039
2026-09-02 01:16:49,29179.1,23.2734,3.70023
2026-09-02 01:16:59,29188.7,23.2656,3.70008
2026-09-02 01:17:09,29198.8,23.2812,3.69995
2026-09-02 01:17:19,29208.9,23.2812,3.69980
2026-09-02 01:17:29,29219.0,23.2734,3.69965
2026-09-02 01:17:39,29229.1,23.2734,3.69947
2026-09-02 01:17:49,29238.8,23.2812,3.69933
2026-09-02 01:17:59,29248.9,23.2812,3.69916
2026-09-02 01:18:09,29259.0,23.2656,3.69900
2026-09-02 01:18:19,29269.0,23.2500,3.69884
2026-09-02 01:18:29,29278.7,23.2812,3.69871
2026-09-02 01:18:39,29288.8,23.2812,3.69855
2026-09-02 01:18:49,29298.9,23.2890,3.69837
2026-09-02 01:18:59,29309.0,23.2734,3.69820
2026-09-02 01:19:09,29319.1,23.2734,3.69805
2026-09-02 01:19:19,29328.8,23.2812,3.69790
2026-09-02 01:19:29,29338.8,23.3046,3.69771
2026-09-02 01:19:39,29348.9,23.2734,3.69755
2026-09-02 01:19:49,29359.0,23.2812,3.69739
2026-09-02 01:19:59,29368.7,23.2734,3.69722
2026-09-02 01:20:09,29378.8,23.2812,3.69707
2026-09-02 01:20:19,29388.9,23.2734,3.69690
2026-09-02 01:20:29,29399.0,23.2656,3.69671
2026-09-02 01:20:39,29408.6,23.2734,3.69657
2026-09-02 01:20:49,29418.7,23.2734,3.69637
2026-09-02 01:20:59,29428.8,23.2890,3.69620
2026-09-02 01:21:09,29438.9,23.2890,3.69603
2026-09-02 01:21:19,29448.6,23.2890,3.69589
2026-09-02 01:21:29,29458.7,23.2734,3.69571
2026-09-02 01:21:39,29468.8,23.2812,3.69553
2026-09-02 01:21:49,29478.9,23.2812,3.69536
2026-09-02 01:21:59,29488.9,23.2734,3.69517
2026-09-02 01:22:09,29498.6,23.2812,3.69500
2026-09-02 01:22:19,29508.7,23.2812,3.69485
2026-09-02 01:22:29,29518.8,23.2890,3.69466
2026-09-02 01:22:39,29528.9,23.2812,3.69450
2026-09-02 01:22:49,29538.6,23.2734,3.69432
2026-09-02 01:22:59,29548.7,23.2812,3.69414
2026-09-02 01:23:09,29558.8,23.2578,3.69398
2026-09-02 01:23:19,29568.8,23.2812,3.69380
2026-09-02 01:23:28,29578.5,23.2734,3.69366
2026-09-02 01:23:39,29588.6,23.3046,3.69349
2026-09-02 01:23:49,29598.7,23.2578,3.69332
2026-09-02 01:23:59,29608.8,23.2890,3.69314
2026-09-02 01:24:08,29618.5,23.2656,3.69300
2026-09-02 01:24:18,29628.6,23.2734,3.69282
2026-09-02 01:24:29,29638.6,23.2890,3.69265
2026-09-02 01:24:39,29648.7,23.2500,3.69249
2026-09-02 01:24:49,29658.8,23.2578,3.69233
2026-09-02 01:24:58,29668.5,23.2734,3.69218
2026-09-02 01:25:09,29678.6,23.2656,3.69206
2026-09-02 01:25:19,29688.7,23.2734,3.69189
2026-09-02 01:25:29,29698.8,23.2500,3.69176
2026-09-02 01:25:38,29708.5,23.2578,3.69160
2026-09-02 01:25:48,29718.5,23.2656,3.69146
2026-09-02 01:25:59,29728.6,23.2734,3.69131
2026-09-02 01:26:09,29738.7,23.2734,3.69120
2026-09-02 01:26:18,29748.4,23.2578,3.69107
2026-09-02 01:26:28,29758.5,23.2578,3.69094
2026-09-02 01:26:39,29768.6,23.2500,3.69079
2026-09-02 01:26:49,29778.7,23.2734,3.69069
2026-09-02 01:26:58,29788.3,23.2812,3.69057
2026-09-02 01:27:08,29798.4,23.2656,3.69046
2026-09-02 01:27:18,29808.5,23.2656,3.69034
2026-09-02 01:27:29,29818.6,23.2578,3.69021
2026-09-02 01:27:39,29828.7,23.2656,3.69010
2026-09-02 01:27:48,29838.4,23.2734,3.69002
2026-09-02 01:27:58,29848.5,23.2812,3.68991
2026-09-02 01:28:09,29858.5,23.2656,3.68981
2026-09-02 01:28:19,29868.6,23.2578,3.68972
2026-09-02 01:28:28,29878.3,23.2656,3.68962
2026-09-02 01:28:38,29888.4,23.2578,3.68950
2026-09-02 01:28:48,29898.5,23.2812,3.68944
2026-09-02 01:28:59,29908.6,23.2812,3.68934
2026-09-02 01:29:08,29918.3,23.2734,3.68926
2026-09-02 01:29:18,29928.4,23.2656,3.68916
2026-09-02 01:29:28,29938.4,23.2656,3.68910
2026-09-02 01:29:39,29948.5,23.2656,3.68899
2026-09-02 01:29:49,29958.6,23.2656,3.68892
2026-09-02 01:29:58,29968.3,23.2656,3.68887
2026-09-02 01:30:08,29978.4,23.2734,3.68878
2026-09-02 01:30:18,29988.5,23.2812,3.68872
2026-09-02 01:30:29,29998.6,23.2734,3.68865
2026-09-02 01:30:38,30008.2,23.2578,3.68859
2026-09-02 01:30:48,30018.3,23.2734,3.68851
2026-09-02 01:30:58,30028.4,23.2734,3.68842
2026-09-02 01:31:08,30038.5,23.2500,3.68838
2026-09-02 01:31:18,30048.2,23.2890,3.68830
2026-09-02 01:31:28,30058.3,23.2734,3.68826
2026-09-02 01:31:38,30068.4,23.2578,3.68818
2026-09-02 01:31:48,30078.5,23.2812,3.68814
2026-09-02 01:31:59,30088.5,23.2656,3.68807
2026-09-02 01:32:08,30098.2,23.2890,3.68802
2026-09-02 01:32:18,30108.3,23.2656,3.68795
2026-09-02 01:32:28,30118.4,23.2734,3.68792
2026-09-02 01:32:38,30128.5,23.2812,3.68786
2026-09-02 01:32:48,30138.2,23.2734,3.68779
2026-09-02 01:32:58,30148.3,23.2734,3.68775
2026-09-02 01:33:08,30158.3,23.2812,3.68768
2026-09-02 01:33:18,30168.4,23.2890,3.68765
2026-09-02 01:33:29,30178.5,23.2734,3.68760
2026-09-02 01:33:38,30188.2,23.2734,3.68754
2026-09-02 01:33:48,30198.3,23.2812,3.68749
2026-09-02 01:33:58,30208.4,23.2812,3.68746
2026-09-02 01:34:08,30218.5,23.2812,3.68739
2026-09-02 01:34:18,30228.2,23.2656,3.68736
2026-09-02 01:34:28,30238.2,23.2890,3.68731
2026-09-02 01:34:38,30248.3,23.2578,3.68725
2026-09-02 01:34:48,30258.4,23.2656,3.68720
2026-09-02 01:34:58,30268.1,23.2734,3.68718
2026-09-02 01:35:08,30278.2,23.2812,3.68714
2026-09-02 01:35:18,30288.3,23.2890,3.68709
2026-09-02 01:35:28,30298.4,23.2734,3.68703
2026-09-02 01:35:38,30308.0,23.2890,3.68699
2026-09-02 01:35:48,30318.1,23.2734,3.68697
2026-09-02 01:35:58,30328.2,23.2812,3.68691
2026-09-02 01:36:08,30338.3,23.2734,3.68688
2026-09-02 01:36:18,30348.4,23.2890,3.68684
2026-09-02 01:36:28,30358.1,23.2734,3.68679
2026-09-02 01:36:38,30368.2,23.2578,3.68675
2026-09-02 01:36:48,30378.2,23.2812,3.68670
2026-09-02 01:36:58,30388.3,23.2812,3.68668
2026-09-02 01:37:08,30398.0,23.2578,3.68661
2026-09-02 01:37:18,30408.1,23.2812,3.68660
2026-09-02 01:37:28,30418.2,23.2734,3.68654
2026-09-02 01:37:38,30428.3,23.2890,3.68652
2026-09-02 01:37:48,30438.0,23.2812,3.68647
2026-09-02 01:37:58,30448.1,23.2734,3.68644
2026-09-02 01:38:08,30458.2,23.3046,3.68638
2026-09-02 01:38:18,30468.2,23.2656,3.68636
2026-09-02 01:38:28,30478.3,23.2812,3.68630
2026-09-02 01:38:38,30488.0,23.2812,3.68629
2026-09-02 01:38:48,30498.1,23.2578,3.68622
2026-09-02 01:38:58,30508.2,23.2734,3.68619
2026-09-02 01:39:08,30518.3,23.2734,3.68616
2026-09-02 01:39:18,30528.0,23.2734,3.68613
2026-09-02 01:39:28,30538.0,23.2812,3.68609
2026-09-02 01:39:38,30548.1,23.2734,3.68604
2026-09-02 01:39:48,30558.2,23.3046,3.68600
2026-09-02 01:39:58,30567.9,23.2812,3.68596
2026-09-02 01:40:08,30578.0,23.2734,3.68594
2026-09-02 01:40:18,30588.1,23.2890,3.68591
2026-09-02 01:40:28,30598.2,23.2812,3.68587
2026-09-02 01:40:38,30608.2,23.2812,3.68582
2026-09-02 01:40:48,30617.9,23.2734,3.68579
2026-09-02 01:40:58,30628.0,23.2890,3.68576
2026-09-02 01:41:08,30638.1,23.2656,3.68573
2026-09-02 01:41:18,30648.2,23.2812,3.68567
2026-09-02 01:41:28,30657.9,23.2890,3.68565
2026-09-02 01:41:38,30668.0,23.2890,3.68562
2026-09-02 01:41:48,30678.1,23.2812,3.68559
2026-09-02 01:41:58,30688.1,23.2812,3.68552
2026-09-02 01:42:08,30697.8,23.2656,3.68549
2026-09-02 01:42:18,30707.9,23.2734,3.68548
2026-09-02 01:42:28,30718.0,23.2812,3.68542
2026-09-02 01:42:38,30728.1,23.2578,3.68539
2026-09-02 01:42:48,30738.2,23.2734,3.68535
2026-09-02 01:42:58,30747.9,23.2734,3.68533
2026-09-02 01:43:08,30758.0,23.2812,3.68529
2026-09-02 01:43:18,30768.0,23.2578,3.68525
2026-09-02 01:43:28,30778.1,23.2656,3.68519
2026-09-02 01:43:38,30787.8,23.2578,3.68517
2026-09-02 01:43:48,30797.9,23.2656,3.68515
2026-09-02 01:43:58,30808.0,23.2656,3.68511
2026-09-02 01:44:08,30818.1,23.2812,3.68505
2026-09-02 01:44:18,30828.2,23.2890,3.68504
2026-09-02 01:44:28,30837.8,23.2656,3.68500
2026-09-02 01:44:38,30847.9,23.2656,3.68494
2026-09-02 01:44:48,30858.0,23.2812,3.68493
2026-09-02 01:44:58,30868.1,23.2578,3.68489
2026-09-02 01:45:08,30877.8,23.2656,3.68485
2026-09-02 01:45:18,30887.9,23.2656,3.68481
2026-09-02 01:45:28,30898.0,23.2812,3.68475
2026-09-02 01:45:38,30908.0,23.2578,3.68474
2026-09-02 01:45:48,30917.7,23.2734,3.68469
2026-09-02 01:45:58,30927.8,23.2812,3.68466
2026-09-02 01:46:08,30937.9,23.2812,3.68461
2026-09-02 01:46:18,30948.0,23.2500,3.68459
2026-09-02 01:46:28,30958.1,23.2656,3.68455
2026-09-02 01:46:38,30967.8,23.2812,3.68449
2026-09-02 01:46:48,30977.9,23.2578,3.68445
2026-09-02 01:46:58,30987.9,23.2578,3.68443
2026-09-02 01:47:08,30998.0,23.2578,3.68439
2026-09-02 01:47:18,31007.7,23.2656,3.68434
2026-09-02 01:47:28,31017.8,23.2812,3.68431
2026-09-02 01:47:38,31027.9,23.2734,3.68428
2026-09-02 01:47:48,31038.0,23.2812,3.68422
2026-09-02 01:47:58,31047.7,23.2734,3.68421
2026-09-02 01:48:08,31057.8,23.2734,3.68417
2026-09-02 01:48:18,31067.8,23.2656,3.68411
2026-09-02 01:48:28,31077.9,23.2734,3.68407
2026-09-02 01:48:38,31087.6,23.2734,3.68406
2026-09-02 01:48:48,31097.7,23.2656,3.68402
2026-09-02 01:48:58,31107.8,23.2656,3.68398
2026-09-02 01:49:08,31117.9,23.2656,3.68393
2026-09-02 01:49:18,31127.6,23.2812,3.68390
2026-09-02 01:49:28,31137.6,23.2656,3.68386
2026-09-02 01:49:38,31147.7,23.2656,3.68379
2026-09-02 01:49:48,31157.8,23.2578,3.68376
2026-09-02 01:49:58,31167.5,23.2734,3.68374
2026-09-02 01:50:08,31177.6,23.2656,3.68367
2026-09-02 01:50:18,31187.7,23.2734,3.68364
2026-09-02 01:50:28,31197.8,23.2656,3.68360
2026-09-02 01:50:38,31207.5,23.2656,3.68358
2026-09-02 01:50:48,31217.5,23.2578,3.68354
2026-09-02 01:50:58,31227.6,23.2734,3.68350
2026-09-02 01:51:08,31237.7,23.2656,3.68343
2026-09-02 01:51:17,31247.4,23.2734,3.68339
2026-09-02 01:51:28,31257.5,23.2578,3.68337
2026-09-02 01:51:38,31267.6,23.2656,3.68331
2026-09-02 01:51:48,31277.7,23.2500,3.68328
2026-09-02 01:51:58,31287.8,23.2578,3.68324
2026-09-02 01:52:08,31297.4,23.2734,3.68320
2026-09-02 01:52:18,31307.5,23.2812,3.68312
2026-09-02 01:52:28,31317.6,23.2734,3.68311
2026-09-02 01:52:38,31327.7,23.2578,3.68307
2026-09-02 01:52:47,31337.4,23.2656,3.68300
2026-09-02 01:52:58,31347.5,23.2734,3.68294
2026-09-02 01:53:08,31357.5,23.2734,3.68293
2026-09-02 01:53:18,31367.6,23.2500,3.68290
2026-09-02 01:53:27,31377.3,23.2578,3.68285
2026-09-02 01:53:37,31387.4,23.2734,3.68276
2026-09-02 01:53:48,31397.5,23.2812,3.68274
2026-09-02 01:53:58,31407.6,23.2656,3.68269
2026-09-02 01:54:07,31417.3,23.2734,3.68264
2026-09-02 01:54:17,31427.4,23.2734,3.68258
2026-09-02 01:54:28,31437.4,23.2656,3.68257
2026-09-02 01:54:38,31447.5,23.2734,3.68250
2026-09-02 01:54:48,31457.6,23.2578,3.68247
2026-09-02 01:54:57,31467.3,23.2734,3.68241
2026-09-02 01:55:07,31477.4,23.2734,3.68236
2026-09-02 01:55:18,31487.5,23.2500,3.68229
2026-09-02 01:55:28,31497.6,23.2656,3.68228
2026-09-02 01:55:37,31507.2,23.2656,3.68223
2026-09-02 01:55:47,31517.3,23.2812,3.68218
2026-09-02 01:55:58,31527.4,23.2578,3.68211
2026-09-02 01:56:08,31537.5,23.2656,3.68209
2026-09-02 01:56:17,31547.2,23.2734,3.68204
2026-09-02 01:56:27,31557.3,23.2578,3.68198
2026-09-02 01:56:37,31567.4,23.2578,3.68193
2026-09-02 01:56:48,31577.5,23.2656,3.68185
2026-09-02 01:56:57,31587.1,23.2656,3.68183
2026-09-02 01:57:07,31597.2,23.2734,3.68176
2026-09-02 01:57:17,31607.3,23.2656,3.68169
2026-09-02 01:57:28,31617.4,23.2578,3.68166
2026-09-02 01:57:37,31627.1,23.2656,3.68161
2026-09-02 01:57:47,31637.2,23.2578,3.68154
2026-09-02 01:57:57,31647.3,23.2578,3.68150
2026-09-02 01:58:07,31657.3,23.2734,3.68144
2026-09-02 01:58:18,31667.4,23.2578,3.68135
2026-09-02 01:58:27,31677.1,23.2578,3.68131
2026-09-02 01:58:37,31687.2,23.2656,3.68125
2026-09-02 01:58:47,31697.3,23.2578,3.68122
2026-09-02 01:58:57,31707.4,23.2578,3.68115
2026-09-02 01:59:07,31717.1,23.2734,3.68109
2026-09-02 01:59:17,31727.2,23.2500,3.68104
2026-09-02 01:59:27,31737.2,23.2500,3.68095
2026-09-02 01:59:37,31747.3,23.2656,3.68091
2026-09-02 01:59:48,31757.4,23.2343,3.68084
2026-09-02 01:59:57,31767.1,23.2578,3.68080
2026-09-02 02:00:07,31777.2,23.2578,3.68071
2026-09-02 02:00:17,31787.3,23.2656,3.68066
2026-09-02 02:00:27,31797.4,23.2656,3.68061
2026-09-02 02:00:37,31807.0,23.2578,3.68054
2026-09-02 02:00:47,31817.1,23.2421,3.68048
2026-09-02 02:00:57,31827.2,23.2578,3.68039
2026-09-02 02:01:07,31837.3,23.2734,3.68035
2026-09-02 02:01:17,31847.0,23.2578,3.68026
2026-09-02 02:01:27,31857.1,23.2500,3.68021
2026-09-02 02:01:37,31867.2,23.2500,3.68014
2026-09-02 02:01:47,31877.2,23.2578,3.68007
2026-09-02 02:01:57,31886.9,23.2500,3.67998
2026-09-02 02:02:07,31897.0,23.2578,3.67991
2026-09-02 02:02:17,31907.1,23.2578,3.67986
2026-09-02 02:02:27,31917.2,23.2656,3.67979
2026-09-02 02:02:37,31927.3,23.2421,3.67971
2026-09-02 02:02:47,31937.0,23.2421,3.67961
2026-09-02 02:02:57,31947.1,23.2578,3.67955
2026-09-02 02:03:07,31957.2,23.2421,3.67948
2026-09-02 02:03:17,31967.2,23.2656,3.67940
2026-09-02 02:03:27,31976.9,23.2656,3.67933
2026-09-02 02:03:37,31987.0,23.2578,3.67922
2026-09-02 02:03:47,31997.1,23.2578,3.67916
2026-09-02 02:03:57,32007.2,23.2500,3.67907
2026-09-02 02:04:07,32016.9,23.2421,3.67897
2026-09-02 02:04:17,32027.0,23.2578,3.67891
2026-09-02 02:04:27,32037.0,23.2578,3.67882
2026-09-02 02:04:37,32047.1,23.2421,3.67872
2026-09-02 02:04:47,32057.2,23.2421,3.67863
2026-09-02 02:04:57,32066.9,23.2578,3.67856
2026-09-02 02:05:07,32077.0,23.2734,3.67845
2026-09-02 02:05:17,32087.1,23.2578,3.67835
2026-09-02 02:05:27,32097.2,23.2578,3.67826
2026-09-02 02:05:37,32106.8,23.2500,3.67817
2026-09-02 02:05:47,32116.9,23.2734,3.67809
2026-09-02 02:05:57,32127.0,23.2578,3.67800
2026-09-02 02:06:07,32137.1,23.2656,3.67787
2026-09-02 02:06:17,32147.2,23.2578,3.67778
2026-09-02 02:06:27,32156.9,23.2578,3.67769
2026-09-02 02:06:37,32167.0,23.2734,3.67759
2026-09-02 02:06:47,32177.1,23.2578,3.67748
2026-09-02 02:06:57,32187.1,23.2656,3.67736
2026-09-02 02:07:07,32196.8,23.2656,3.67725
2026-09-02 02:07:17,32206.9,23.2578,3.67716
2026-09-02 02:07:27,32217.0,23.2500,3.67702
2026-09-02 02:07:37,32227.1,23.2500,3.67693
2026-09-02 02:07:47,32236.8,23.2578,3.67682
2026-09-02 02:07:57,32246.9,23.2578,3.67667
2026-09-02 02:08:07,32257.0,23.2578,3.67657
2026-09-02 02:08:17,32267.0,23.2656,3.67643
2026-09-02 02:08:27,32277.1,23.2734,3.67630
2026-09-02 02:08:37,32286.8,23.2500,3.67619
2026-09-02 02:08:47,32296.9,23.2578,3.67606
2026-09-02 02:08:57,32307.0,23.2578,3.67593
2026-09-02 02:09:07,32317.1,23.2578,3.67580
2026-09-02 02:09:17,32326.7,23.2734,3.67566
2026-09-02 02:09:27,32336.8,23.2578,3.67552
2026-09-02 02:09:37,32346.9,23.2734,3.67534
2026-09-02 02:09:47,32357.0,23.2500,3.67520
2026-09-02 02:09:57,32367.1,23.2500,3.67504
2026-09-02 02:10:07,32376.8,23.2656,3.67490
2026-09-02 02:10:17,32386.9,23.2578,3.67477
2026-09-02 02:10:27,32397.0,23.2500,3.67458
2026-09-02 02:10:37,32407.0,23.2500,3.67443
2026-09-02 02:10:47,32417.1,23.2578,3.67426
2026-09-02 02:10:57,32426.8,23.2656,3.67409
2026-09-02 02:11:07,32436.9,23.2500,3.67390
2026-09-02 02:11:17,32447.0,23.2578,3.67373
2026-09-02 02:11:27,32457.1,23.2656,3.67354
2026-09-02 02:11:37,32466.8,23.2656,3.67335
2026-09-02 02:11:47,32476.9,23.2656,3.67318
2026-09-02 02:11:57,32486.9,23.2656,3.67298
2026-09-02 02:12:07,32497.0,23.2656,3.67278
2026-09-02 02:12:17,32507.1,23.2656,3.67255
2026-09-02 02:12:27,32516.8,23.2578,3.67236
2026-09-02 02:12:37,32526.9,23.2578,3.67215
2026-09-02 02:12:47,32537.0,23.2656,3.67192
2026-09-02 02:12:57,32547.1,23.2578,3.67168
2026-09-02 02:13:07,32556.7,23.2734,3.67144
2026-09-02 02:13:17,32566.8,23.2812,3.67119
2026-09-02 02:13:27,32576.9,23.2890,3.67095
2026-09-02 02:13:37,32587.0,23.2656,3.67071
2026-09-02 02:13:47,32597.1,23.2578,3.67046
2026-09-02 02:13:57,32606.8,23.2656,3.67020
2026-09-02 02:14:07,32616.9,23.2812,3.66989
2026-09-02 02:14:17,32627.0,23.2656,3.66964
2026-09-02 02:14:27,32637.0,23.2500,3.66934
2026-09-02 02:14:37,32646.7,23.2578,3.66903
2026-09-02 02:14:47,32656.8,23.2578,3.66873
2026-09-02 02:14:57,32666.9,23.2578,3.66843
2026-09-02 02:15:07,32677.0,23.2500,3.66809
2026-09-02 02:15:17,32686.7,23.2656,3.66777
2026-09-02 02:15:27,32696.8,23.2734,3.66744
2026-09-02 02:15:37,32706.9,23.2578,3.66709
2026-09-02 02:15:47,32716.9,23.2734,3.66672
2026-09-02 02:15:57,32727.0,23.2578,3.66635
2026-09-02 02:16:07,32736.7,23.2500,3.66598
2026-09-02 02:16:17,32746.8,23.2500,3.66562
2026-09-02 02:16:27,32756.9,23.2656,3.66520
2026-09-02 02:16:37,32767.0,23.2578,3.66481
2026-09-02 02:16:47,32776.7,23.2578,3.66442
2026-09-02 02:16:57,32786.8,23.2734,3.66400
2026-09-02 02:17:07,32796.8,23.2421,3.66355
2026-09-02 02:17:17,32806.9,23.2656,3.66312
2026-09-02 02:17:27,32817.0,23.2656,3.66267
2026-09-02 02:17:37,32826.7,23.2812,3.66224
2026-09-02 02:17:47,32836.8,23.2500,3.66174
2026-09-02 02:17:57,32846.9,23.2578,3.66126
2026-09-02 02:18:07,32857.0,23.2656,3.66078
2026-09-02 02:18:17,32866.6,23.2578,3.66032
2026-09-02 02:18:27,32876.7,23.2578,3.65983
2026-09-02 02:18:37,32886.8,23.2656,3.65930
2026-09-02 02:18:47,32896.9,23.2656,3.65878
2026-09-02 02:18:57,32907.0,23.2421,3.65827
2026-09-02 02:19:07,32916.7,23.2656,3.65776
2026-09-02 02:19:17,32926.8,23.2656,3.65720
2026-09-02 02:19:27,32936.8,23.2812,3.65668
2026-09-02 02:19:37,32946.9,23.2500,3.65613
2026-09-02 02:19:47,32956.6,23.2500,3.65559
2026-09-02 02:19:57,32966.7,23.2500,3.65501
2026-09-02 02:20:07,32976.8,23.2500,3.65444
2026-09-02 02:20:17,32986.9,23.2421,3.65389
2026-09-02 02:20:27,32997.0,23.2421,3.65329
2026-09-02 02:20:37,33006.7,23.2421,3.65274
2026-09-02 02:20:47,33016.7,23.2421,3.65216
2026-09-02 02:20:57,33026.8,23.2421,3.65156
2026-09-02 02:21:07,33036.9,23.2656,3.65094
2026-09-02 02:21:17,33046.6,23.2343,3.65037
2026-09-02 02:21:27,33056.7,23.2656,3.64975
2026-09-02 02:21:37,33066.8,23.2500,3.64915
2026-09-02 02:21:47,33076.9,23.2578,3.64851
2026-09-02 02:21:57,33087.0,23.2578,3.64789
2026-09-02 02:22:07,33096.6,23.2500,3.64729
2026-09-02 02:22:17,33106.7,23.2500,3.64666
2026-09-02 02:22:27,33116.8,23.2578,3.64604
2026-09-02 02:22:37,33126.9,23.2578,3.64541
2026-09-02 02:22:47,33137.0,23.2500,3.64474
2026-09-02 02:22:57,33146.7,23.2578,3.64414
2026-09-02 02:23:07,33156.8,23.2421,3.64350
2026-09-02 02:23:17,33166.8,23.2656,3.64285
2026-09-02 02:23:27,33176.9,23.2734,3.64219
2026-09-02 02:23:37,33186.6,23.2578,3.64155
2026-09-02 02:23:47,33196.7,23.2343,3.64087
2026-09-02 02:23:57,33206.8,23.2343,3.64020
2026-09-02 02:24:07,33216.9,23.2500,3.63954
2026-09-02 02:24:17,33226.6,23.2578,3.63889
2026-09-02 02:24:27,33236.6,23.2500,3.63823
2026-09-02 02:24:37,33246.7,23.2500,3.63755
2026-09-02 02:24:47,33256.8,23.2578,3.63686
2026-09-02 02:24:57,33266.9,23.2578,3.63619
2026-09-02 02:25:07,33276.6,23.2500,3.63553
2026-09-02 02:25:17,33286.7,23.2734,3.63484
2026-09-02 02:25:27,33296.8,23.2656,3.63412
2026-09-02 02:25:37,33306.9,23.2500,3.63345
2026-09-02 02:25:47,33316.9,23.2890,3.63273
2026-09-02 02:25:57,33326.6,23.2578,3.63207
2026-09-02 02:26:07,33336.7,23.2578,3.63135
2026-09-02 02:26:17,33346.8,23.2656,3.63066
2026-09-02 02:26:27,33356.9,23.2578,3.62993
2026-09-02 02:26:37,33366.6,23.2421,3.62927
2026-09-02 02:26:47,33376.7,23.2578,3.62855
2026-09-02 02:26:57,33386.8,23.2578,3.62782
2026-09-02 02:27:07,33396.8,23.2656,3.62711
2026-09-02 02:27:17,33406.5,23.2656,3.62639
2026-09-02 02:27:27,33416.6,23.2421,3.62567
2026-09-02 02:27:37,33426.7,23.2578,3.62492
2026-09-02 02:27:47,33436.8,23.2578,3.62420
2026-09-02 02:27:57,33446.9,23.2656,3.62345
2026-09-02 02:28:07,33456.5,23.2734,3.62274
2026-09-02 02:28:17,33466.6,23.2890,3.62202
2026-09-02 02:28:27,33476.7,23.2500,3.62126
2026-09-02 02:28:37,33486.8,23.2421,3.62051
2026-09-02 02:28:47,33496.5,23.2578,3.61979
2026-09-02 02:28:57,33506.6,23.2578,3.61906
2026-09-02 02:29:07,33516.7,23.2734,3.61830
2026-09-02 02:29:17,33526.8,23.2421,3.61752
2026-09-02 02:29:27,33536.8,23.2578,3.61678
2026-09-02 02:29:37,33546.5,23.2421,3.61604
2026-09-02 02:29:47,33556.6,23.2421,3.61526
2026-09-02 02:29:57,33566.7,23.2578,3.61451
2026-09-02 02:30:07,33576.8,23.2500,3.61372
2026-09-02 02:30:17,33586.5,23.2343,3.61299
2026-09-02 02:30:27,33596.6,23.2421,3.61219
2026-09-02 02:30:37,33606.7,23.2578,3.61143
2026-09-02 02:30:47,33616.8,23.2500,3.61062
2026-09-02 02:30:57,33626.8,23.2500,3.60985
2026-09-02 02:31:07,33636.5,23.2578,3.60910
2026-09-02 02:31:17,33646.6,23.2421,3.60828
2026-09-02 02:31:27,33656.7,23.2343,3.60752
2026-09-02 02:31:37,33666.8,23.2500,3.60671
2026-09-02 02:31:47,33676.9,23.2500,3.60588
2026-09-02 02:31:57,33686.5,23.2421,3.60512
2026-09-02 02:32:07,33696.6,23.2578,3.60430
2026-09-02 02:32:17,33706.7,23.2500,3.60351
2026-09-02 02:32:27,33716.8,23.2578,3.60268
2026-09-02 02:32:37,33726.5,23.2500,3.60192
2026-09-02 02:32:47,33736.6,23.2578,3.60108
2026-09-02 02:32:57,33746.7,23.2500,3.60028
2026-09-02 02:33:07,33756.8,23.2500,3.59945
2026-09-02 02:33:17,33766.8,23.2578,3.59862
2026-09-02 02:33:27,33776.5,23.2500,3.59781
2026-09-02 02:33:37,33786.6,23.2421,3.59699
2026-09-02 02:33:47,33796.7,23.2421,3.59615
2026-09-02 02:33:57,33806.8,23.2578,3.59532
2026-09-02 02:34:07,33816.5,23.2578,3.59448
2026-09-02 02:34:17,33826.6,23.2500,3.59366
2026-09-02 02:34:27,33836.7,23.2656,3.59281
2026-09-02 02:34:37,33846.7,23.2421,3.59194
2026-09-02 02:34:47,33856.8,23.2421,3.59110
2026-09-02 02:34:57,33866.5,23.2500,3.59028
2026-09-02 02:35:07,33876.6,23.2500,3.58940
2026-09-02 02:35:17,33886.7,23.2578,3.58856
2026-09-02 02:35:27,33896.8,23.2578,3.58767
2026-09-02 02:35:37,33906.9,23.2421,3.58681
2026-09-02 02:35:47,33916.5,23.2578,3.58596
2026-09-02 02:35:57,33926.6,23.2578,3.58507
2026-09-02 02:36:07,33936.7,23.2578,3.58420
2026-09-02 02:36:17,33946.8,23.2421,3.58331
2026-09-02 02:36:27,33956.9,23.2578,3.58243
2026-09-02 02:36:37,33966.6,23.2421,3.58159
2026-09-02 02:36:47,33976.7,23.2343,3.58069
2026-09-02 02:36:57,33986.8,23.2343,3.57980
2026-09-02 02:37:07,33996.8,23.2500,3.57890
2026-09-02 02:37:17,34006.5,23.2500,3.57803
2026-09-02 02:37:27,34016.6,23.2500,3.57710
2026-09-02 02:37:37,34026.7,23.2500,3.57621
2026-09-02 02:37:47,34036.8,23.2500,3.57527
2026-09-02 02:37:57,34046.9,23.2500,3.57436
2026-09-02 02:38:07,34056.6,23.2578,3.57347
2026-09-02 02:38:17,34066.6,23.2578,3.57255
2026-09-02 02:38:27,34076.7,23.2500,3.57161
2026-09-02 02:38:37,34086.8,23.2421,3.57068
2026-09-02 02:38:47,34096.9,23.2421,3.56976
2026-09-02 02:38:57,34106.6,23.2500,3.56884
2026-09-02 02:39:07,34116.7,23.2578,3.56789
2026-09-02 02:39:17,34126.8,23.2500,3.56697
2026-09-02 02:39:27,34136.9,23.2500,3.56600
2026-09-02 02:39:37,34146.9,23.2343,3.56506
2026-09-02 02:39:47,34156.6,23.2500,3.56415
2026-09-02 02:39:57,34166.7,23.2343,3.56316
2026-09-02 02:40:07,34176.8,23.2343,3.56219
2026-09-02 02:40:17,34186.9,23.2343,3.56124
2026-09-02 02:40:27,34196.6,23.2500,3.56030
2026-09-02 02:40:37,34206.7,23.2265,3.55930
2026-09-02 02:40:47,34216.8,23.2421,3.55832
2026-09-02 02:40:57,34226.8,23.2421,3.55733
2026-09-02 02:41:07,34236.9,23.2343,3.55635
2026-09-02 02:41:17,34246.6,23.2343,3.55539
2026-09-02 02:41:27,34256.7,23.2265,3.55438
2026-09-02 02:41:37,34266.8,23.2265,3.55337
2026-09-02 02:41:47,34276.9,23.2421,3.55239
2026-09-02 02:41:57,34286.5,23.2421,3.55140
2026-09-02 02:42:07,34296.6,23.2109,3.55041
2026-09-02 02:42:17,34306.7,23.2109,3.54937
2026-09-02 02:42:27,34316.8,23.2109,3.54834
2026-09-02 02:42:37,34326.9,23.2187,3.54731
2026-09-02 02:42:47,34336.6,23.2031,3.54634
2026-09-02 02:42:57,34346.7,23.2265,3.54530
2026-09-02 02:43:07,34356.8,23.2421,3.54426
2026-09-02 02:43:17,34366.8,23.2187,3.54321
2026-09-02 02:43:27,34376.5,23.2187,3.54220
2026-09-02 02:43:37,34386.6,23.2109,3.54114
2026-09-02 02:43:47,34396.7,23.2265,3.54008
2026-09-02 02:43:57,34406.8,23.2265,3.53900
2026-09-02 02:44:07,34416.9,23.2265,3.53794
2026-09-02 02:44:17,34426.6,23.2187,3.53689
2026-09-02 02:44:27,34436.7,23.2187,3.53580
2026-09-02 02:44:37,34446.7,23.2265,3.53471
2026-09-02 02:44:47,34456.8,23.2187,3.53362
2026-09-02 02:44:57,34466.5,23.2031,3.53259
2026-09-02 02:45:07,34476.6,23.2421,3.53147
2026-09-02 02:45:17,34486.7,23.2265,3.53037
2026-09-02 02:45:27,34496.8,23.2187,3.52927
2026-09-02 02:45:37,34506.9,23.2343,3.52814
2026-09-02 02:45:47,34516.5,23.2343,3.52705
2026-09-02 02:45:57,34526.6,23.2109,3.52593
2026-09-02 02:46:07,34536.7,23.2187,3.52482
2026-09-02 02:46:17,34546.8,23.2187,3.52368
2026-09-02 02:46:27,34556.5,23.2265,3.52258
2026-09-02 02:46:37,34566.6,23.2343,3.52141
2026-09-02 02:46:47,34576.7,23.2265,3.52027
2026-09-02 02:46:57,34586.8,23.2109,3.51912
2026-09-02 02:47:07,34596.8,23.2109,3.51796
2026-09-02 02:47:17,34606.5,23.2187,3.51683
2026-09-02 02:47:27,34616.6,23.2187,3.51564
2026-09-02 02:47:37,34626.7,23.2109,3.51447
2026-09-02 02:47:47,34636.8,23.2187,3.51328
2026-09-02 02:47:57,34646.5,23.2343,3.51211
2026-09-02 02:48:07,34656.6,23.2109,3.51094
2026-09-02 02:48:17,34666.7,23.2343,3.50972
2026-09-02 02:48:27,34676.7,23.2109,3.50852
2026-09-02 02:48:37,34686.4,23.2187,3.50735
2026-09-02 02:48:47,34696.5,23.2109,3.50611
2026-09-02 02:48:57,34706.6,23.2265,3.50488
2026-09-02 02:49:07,34716.7,23.2187,3.50365
2026-09-02 02:49:17,34726.8,23.2187,3.50242
2026-09-02 02:49:27,34736.5,23.2265,3.50120
2026-09-02 02:49:37,34746.5,23.2343,3.49996
2026-09-02 02:49:47,34756.6,23.2187,3.49871
2026-09-02 02:49:57,34766.7,23.2187,3.49744
2026-09-02 02:50:07,34776.4,23.2187,3.49622
2026-09-02 02:50:17,34786.5,23.2109,3.49493
2026-09-02 02:50:27,34796.6,23.2109,3.49363
2026-09-02 02:50:37,34806.7,23.2109,3.49234
2026-09-02 02:50:47,34816.8,23.2031,3.49106
2026-09-02 02:50:57,34826.4,23.2109,3.48979
2026-09-02 02:51:07,34836.5,23.2031,3.48848
2026-09-02 02:51:17,34846.6,23.2187,3.48717
2026-09-02 02:51:27,34856.7,23.2031,3.48585
2026-09-02 02:51:37,34866.4,23.2031,3.48456
2026-09-02 02:51:47,34876.5,23.2031,3.48322
2026-09-02 02:51:57,34886.6,23.2031,3.48185
2026-09-02 02:52:07,34896.6,23.2031,3.48050
2026-09-02 02:52:17,34906.7,23.1953,3.47916
2026-09-02 02:52:27,34916.4,23.2031,3.47784
2026-09-02 02:52:37,34926.5,23.2031,3.47646
2026-09-02 02:52:47,34936.6,23.2109,3.47505
2026-09-02 02:52:57,34946.7,23.2031,3.47368
2026-09-02 02:53:07,34956.4,23.1718,3.47232
2026-09-02 02:53:17,34966.5,23.1953,3.47093
2026-09-02 02:53:27,34976.5,23.1875,3.46952
2026-09-02 02:53:37,34986.6,23.2109,3.46810
2026-09-02 02:53:47,34996.7,23.1953,3.46667
2026-09-02 02:53:57,35006.4,23.1953,3.46529
2026-09-02 02:54:07,35016.5,23.1875,3.46382
2026-09-02 02:54:17,35026.6,23.1718,3.46236
2026-09-02 02:54:27,35036.7,23.1875,3.46092
2026-09-02 02:54:37,35046.3,23.1953,3.45949
2026-09-02 02:54:47,35056.4,23.1953,3.45803
2026-09-02 02:54:57,35066.5,23.1875,3.45653
2026-09-02 02:55:07,35076.6,23.2031,3.45504
2026-09-02 02:55:17,35086.3,23.2031,3.45358
2026-09-02 02:55:27,35096.4,23.1953,3.45206
2026-09-02 02:55:37,35106.5,23.1953,3.45055
2026-09-02 02:55:47,35116.5,23.1875,3.44902
2026-09-02 02:55:57,35126.6,23.2187,3.44745
2026-09-02 02:56:07,35136.3,23.1875,3.44598
2026-09-02 02:56:17,35146.4,23.1875,3.44440
2026-09-02 02:56:27,35156.5,23.1953,3.44283
2026-09-02 02:56:37,35166.6,23.1875,3.44125
2026-09-02 02:56:46,35176.3,23.1875,3.43972
2026-09-02 02:56:57,35186.4,23.1875,3.43812
2026-09-02 02:57:07,35196.4,23.1875,3.43652
2026-09-02 02:57:17,35206.5,23.1953,3.43490
2026-09-02 02:57:27,35216.6,23.1640,3.43329
2026-09-02 02:57:37,35226.3,23.1718,3.43171
2026-09-02 02:57:47,35236.4,23.1875,3.43005
2026-09-02 02:57:57,35246.5,23.1640,3.42839
2026-09-02 02:58:07,35256.6,23.1718,3.42671
2026-09-02 02:58:16,35266.2,23.1875,3.42510
2026-09-02 02:58:27,35276.3,23.1718,3.42344
2026-09-02 02:58:37,35286.4,23.2031,3.42173
2026-09-02 02:58:47,35296.5,23.1718,3.42002
2026-09-02 02:58:56,35306.2,23.1875,3.41835
2026-09-02 02:59:07,35316.3,23.1875,3.41663
2026-09-02 02:59:17,35326.4,23.1640,3.41488
2026-09-02 02:59:27,35336.5,23.1953,3.41310
2026-09-02 02:59:37,35346.5,23.1640,3.41133
2026-09-02 02:59:46,35356.2,23.1718,3.40964
2026-09-02 02:59:57,35366.3,23.1718,3.40782
2026-09-02 03:00:07,35376.4,23.1640,3.40601
2026-09-02 03:00:17,35386.5,23.1640,3.40419
2026-09-02 03:00:26,35396.2,23.1718,3.40244
2026-09-02 03:00:36,35406.3,23.1875,3.40059
2026-09-02 03:00:47,35416.3,23.1562,3.39873
2026-09-02 03:00:57,35426.4,23.1640,3.39686
2026-09-02 03:01:07,35436.5,23.1562,3.39497
2026-09-02 03:01:16,35446.2,23.1484,3.39312
2026-09-02 03:01:27,35456.3,23.1718,3.39123
2026-09-02 03:01:37,35466.4,23.1640,3.38929
2026-09-02 03:01:47,35476.5,23.1875,3.38735
2026-09-02 03:01:56,35486.2,23.1562,3.38544
2026-09-02 03:02:06,35496.2,23.1640,3.38346
2026-09-02 03:02:17,35506.3,23.1640,3.38150
2026-09-02 03:02:27,35516.4,23.1562,3.37947
2026-09-02 03:02:37,35526.5,23.1562,3.37746
2026-09-02 03:02:46,35536.2,23.1718,3.37548
2026-09-02 03:02:56,35546.3,23.1718,3.37345
2026-09-02 03:03:07,35556.4,23.1718,3.37136
2026-09-02 03:03:17,35566.5,23.1875,3.36929
2026-09-02 03:03:26,35576.1,23.1640,3.36725
2026-09-02 03:03:36,35586.2,23.1640,3.36513
2026-09-02 03:03:47,35596.3,23.1640,3.36299
2026-09-02 03:03:57,35606.4,23.1562,3.36083
2026-09-02 03:04:06,35616.1,23.1484,3.35874
2026-09-02 03:04:16,35626.2,23.1562,3.35652
2026-09-02 03:04:26,35636.3,23.1406,3.35433
2026-09-02 03:04:37,35646.3,23.1562,3.35209
2026-09-02 03:04:47,35656.4,23.1562,3.34983
2026-09-02 03:04:56,35666.1,23.1562,3.34765
2026-09-02 03:05:06,35676.2,23.1484,3.34533
2026-09-02 03:05:17,35686.3,23.1718,3.34303
2026-09-02 03:05:27,35696.4,23.1562,3.34070
2026-09-02 03:05:36,35706.1,23.1406,3.33843
2026-09-02 03:05:46,35716.2,23.1640,3.33603
2026-09-02 03:05:56,35726.2,23.1484,3.33362
2026-09-02 03:06:07,35736.3,23.1640,3.33121
2026-09-02 03:06:17,35746.4,23.1718,3.32876
2026-09-02 03:06:26,35756.1,23.1562,3.32639
2026-09-02 03:06:36,35766.2,23.1640,3.32388
2026-09-02 03:06:46,35776.3,23.1562,3.32138
2026-09-02 03:06:57,35786.4,23.1406,3.31883
2026-09-02 03:07:06,35796.0,23.1484,3.31636
2026-09-02 03:07:16,35806.1,23.1640,3.31376
2026-09-02 03:07:26,35816.2,23.1562,3.31115
2026-09-02 03:07:37,35826.3,23.1484,3.30850
2026-09-02 03:07:46,35836.0,23.1562,3.30591
2026-09-02 03:07:56,35846.1,23.1406,3.30321
2026-09-02 03:08:06,35856.2,23.1562,3.30047
2026-09-02 03:08:16,35866.2,23.1562,3.29772
2026-09-02 03:08:27,35876.3,23.1484,3.29492
2026-09-02 03:08:36,35886.0,23.1562,3.29224
2026-09-02 03:08:46,35896.1,23.1562,3.28938
2026-09-02 03:08:56,35906.2,23.1484,3.28650
2026-09-02 03:09:07,35916.3,23.1562,3.28361
2026-09-02 03:09:16,35926.0,23.1562,3.28076
2026-09-02 03:09:26,35936.1,23.1484,3.27781
2026-09-02 03:09:36,35946.1,23.1484,3.27479
2026-09-02 03:09:46,35956.2,23.1406,3.27172
2026-09-02 03:09:57,35966.3,23.1562,3.26865
2026-09-02 03:10:06,35976.0,23.1484,3.26566
2026-09-02 03:10:16,35986.1,23.1484,3.26251
2026-09-02 03:10:26,35996.2,23.1484,3.25929
2026-09-02 03:10:36,36006.3,23.1484,3.25605
2026-09-02 03:10:46,36016.0,23.1328,3.25293
2026-09-02 03:10:56,36026.0,23.1328,3.24961
2026-09-02 03:11:06,36036.1,23.1250,3.24625
2026-09-02 03:11:16,36046.2,23.1406,3.24281
2026-09-02 03:11:27,36056.3,23.1562,3.23938
2026-09-02 03:11:36,36066.0,23.1250,3.23598
2026-09-02 03:11:46,36076.1,23.1562,3.23244
2026-09-02 03:11:56,36086.2,23.1250,3.22880
2026-09-02 03:12:06,36096.2,23.1484,3.22513
2026-09-02 03:12:16,36105.9,23.1406,3.22157
2026-09-02 03:12:26,36116.0,23.1484,3.21777
2026-09-02 03:12:36,36126.1,23.1406,3.21391
2026-09-02 03:12:46,36136.2,23.1328,3.20997
2026-09-02 03:12:57,36146.3,23.1406,3.20597
2026-09-02 03:13:06,36156.0,23.1328,3.20203
2026-09-02 03:13:16,36166.0,23.1250,3.19788
2026-09-02 03:13:26,36176.1,23.1484,3.19360
2026-09-02 03:13:36,36186.2,23.1328,3.18928
2026-09-02 03:13:46,36195.9,23.1406,3.18499
2026-09-02 03:13:56,36206.0,23.1250,3.18045
2026-09-02 03:14:06,36216.1,23.1406,3.17583
2026-09-02 03:14:16,36226.2,23.1406,3.17109
2026-09-02 03:14:26,36235.9,23.1328,3.16643
2026-09-02 03:14:36,36246.0,23.1328,3.16147
2026-09-02 03:14:46,36256.0,23.1250,3.15638
2026-09-02 03:14:56,36266.1,23.1250,3.15120
2026-09-02 03:15:06,36276.2,23.1406,3.14592
2026-09-02 03:15:16,36285.9,23.1250,3.14078
2026-09-02 03:15:26,36296.0,23.1406,3.13526
2026-09-02 03:15:36,36306.1,23.1406,3.12970
2026-09-02 03:15:46,36316.2,23.1406,3.12401
2026-09-02 03:15:56,36325.8,23.1250,3.11845
2026-09-02 03:16:06,36335.9,23.1328,3.11255
2026-09-02 03:16:16,36346.0,23.1406,3.10658
2026-09-02 03:16:26,36356.1,23.1328,3.10049
2026-09-02 03:16:36,36365.8,23.1484,3.09455
2026-09-02 03:16:46,36375.9,23.1328,3.08827
2026-09-02 03:16:56,36386.0,23.1328,3.08180
2026-09-02 03:17:06,36396.0,23.1484,3.07526
2026-09-02 03:17:16,36406.1,23.1406,3.06853
2026-09-02 03:17:26,36415.8,23.1093,3.06191
2026-09-02 03:17:36,36425.9,23.1171,3.05488
2026-09-02 03:17:46,36436.0,23.1406,3.04764
2026-09-02 03:17:56,36446.1,23.1250,3.04018
2026-09-02 03:18:06,36456.2,23.1250,3.03254
2026-09-02 03:18:16,36465.9,23.1328,3.02504
2026-09-02 03:18:26,36475.9,23.1328,3.01700
2026-09-02 03:18:36,36486.0,23.1171,3.00881
2026-09-02 03:18:46,36496.1,23.1328,3.00044
2026-09-02 03:18:56,36505.8,23.1406,2.99225
2026-09-02 03:19:06,36515.9,23.1171,2.98361
2026-09-02 03:19:16,36526.0,23.1171,2.97488
2026-09-02 03:19:26,36536.1,23.1171,2.96601
2026-09-02 03:19:36,36546.2,23.1250,2.95709
2026-09-02 03:19:46,36555.8,23.1093,2.94847
2026-09-02 03:19:56,36565.9,23.1171,2.93943
2026-09-02 03:20:06,36576.0,23.1171,2.93028
2026-09-02 03:20:16,36586.1,23.1015,2.92102
2026-09-02 03:20:26,36595.8,23.0937,2.91209
2026-09-02 03:20:36,36605.9,23.1250,2.90264
2026-09-02 03:20:46,36616.0,23.1093,2.89306
2026-09-02 03:20:56,36626.0,23.1093,2.88331
2026-09-02 03:21:06,36636.1,23.1093,2.87339
2026-09-02 03:21:16,36645.8,23.1015,2.86375
2026-09-02 03:21:26,36655.9,23.0937,2.85346
2026-09-02 03:21:36,36666.0,23.1015,2.84297
2026-09-02 03:21:46,36676.1,23.0937,2.83221
2026-09-02 03:21:56,36686.2,23.1171,2.82123
2026-09-02 03:22:06,36695.8,23.0937,2.81038
2026-09-02 03:22:16,36705.9,23.0859,2.79881
2026-09-02 03:22:26,36716.0,23.0937,2.78687
2026-09-02 03:22:36,36726.1,23.1015,2.77462
2026-09-02 03:22:46,36735.8,23.0859,2.76244
2026-09-02 03:22:56,36745.9,23.0781,2.74941
2026-09-02 03:23:06,36756.0,23.0781,2.73584
2026-09-02 03:23:16,36766.1,23.0937,2.72174
2026-09-02 03:23:26,36776.1,23.1015,2.70711
2026-09-02 03:23:36,36785.8,23.0859,2.69249
2026-09-02 03:23:46,36795.9,23.0781,2.67653
2026-09-02 03:23:56,36806.0,23.0859,2.65987
2026-09-02 03:24:06,36816.1,23.0390,2.64236
2026-09-02 03:24:16,36825.8,23.0703,2.62471
2026-09-02 03:24:26,36835.9,23.0781,2.60548
2026-09-02 03:24:36,36846.0,23.0781,2.58541
2026-09-02 03:24:46,36856.0,23.0703,2.56446
2026-09-02 03:24:56,36866.1,23.0703,2.54284
2026-09-02 03:25:06,36875.8,23.0703,2.52147
2026-09-02 03:25:16,36885.9,23.0703,2.49890
2026-09-02 03:25:26,36896.0,23.0390,2.47597
2026-09-02 03:25:36,36906.1,23.0390,2.45290
2026-09-02 03:25:46,36915.8,23.0546,2.43075
2026-09-02 03:25:56,36925.8,23.0468,2.40770
2026-09-02 03:26:06,36935.9,23.0468,2.38476
2026-09-02 03:26:16,36946.0,23.0468,2.36208
2026-09-02 03:26:26,36956.1,23.0468,2.33952
2026-09-02 03:26:36,36965.8,23.0546,2.31825
2026-09-02 03:26:46,36975.9,23.0390,2.29647
2026-09-02 03:26:56,36986.0,23.0234,2.27502
2026-09-02 03:27:06,36996.0,23.0234,2.25381
2026-09-02 03:27:16,37005.7,23.0546,2.23386
2026-09-02 03:27:26,37015.8,23.0234,2.21352
2026-09-02 03:27:36,37025.9,23.0234,2.19343
2026-09-02 03:27:46,37036.0,23.0468,2.17362
2026-09-02 03:27:56,37045.7,23.0234,2.15498
2026-09-02 03:28:06,37055.8,23.0312,2.13571
2026-09-02 03:28:16,37065.9,23.0312,2.11681
2026-09-02 03:28:26,37075.9,23.0234,2.09817
2026-09-02 03:28:36,37086.0,23.0156,2.07969
2026-09-02 03:28:46,37095.7,23.0234,2.06223
2026-09-02 03:28:56,37105.8,23.0234,2.04431
2026-09-02 03:29:06,37115.9,23.0078,2.02657
2026-09-02 03:29:16,37126.0,23.0078,2.00904
2026-09-02 03:29:26,37135.7,23.0156,1.99225
2026-09-02 03:29:36,37145.8,23.0000,1.97525
2026-09-02 03:29:46,37155.8,22.9921,1.95843
2026-09-02 03:29:56,37165.9,23.0078,1.94177
2026-09-02 03:30:06,37175.9,22.9843,1.92534
2026-09-02 03:30:16,37185.6,23.0000,1.90975
2026-09-02 03:30:26,37195.7,22.9843,1.89376
2026-09-02 03:30:36,37205.7,23.0078,1.87792
2026-09-02 03:30:46,37215.8,22.9843,1.86216
2026-09-02 03:30:56,37225.9,23.0000,1.84653
2026-09-02 03:31:06,37235.9,22.9921,1.83109
2026-09-02 03:31:16,37245.6,22.9765,1.81696
2026-09-02 03:31:26,37255.6,22.9921,1.80260
2026-09-02 03:31:36,37265.7,22.9921,1.78872
2026-09-02 03:31:46,37275.8,22.9765,1.77501
2026-09-02 03:31:56,37285.8,22.9765,1.76160
2026-09-02 03:32:06,37295.9,22.9843,1.74864
2026-09-02 03:32:16,37305.5,22.9765,1.73634
2026-09-02 03:32:26,37315.6,22.9765,1.72389
2026-09-02 03:32:36,37325.7,22.9609,1.71161
2026-09-02 03:32:46,37335.7,22.9609,1.69958
2026-09-02 03:32:56,37345.8,22.9609,1.68792
2026-09-02 03:33:06,37355.9,22.9687,1.67628
2026-09-02 03:33:16,37365.5,22.9609,1.66538
2026-09-02 03:33:26,37375.6,22.9531,1.65414
2026-09-02 03:33:36,37385.6,22.9375,1.64333
2026-09-02 03:33:46,37395.7,22.9609,1.63244
2026-09-02 03:33:56,37405.8,22.9375,1.62179
2026-09-02 03:34:06,37415.8,22.9296,1.61124
2026-09-02 03:34:16,37425.5,22.9375,1.60147
2026-09-02 03:34:26,37435.6,22.9531,1.59119
2026-09-02 03:34:36,37445.6,22.9296,1.58303
2026-09-02 03:34:46,37455.7,22.9296,1.57348
2026-09-02 03:34:56,37465.8,22.9531,1.56420
2026-09-02 03:35:06,37475.8,22.9062,1.55485
2026-09-02 03:35:16,37485.5,22.9140,1.54598
2026-09-02 03:35:26,37495.5,22.9140,1.53703
2026-09-02 03:35:36,37505.6,22.9140,1.52826
2026-09-02 03:35:46,37515.7,22.9296,1.51961
2026-09-02 03:35:56,37525.7,22.9062,1.51106
2026-09-02 03:36:06,37535.8,22.9140,1.50265
2026-09-02 03:36:16,37545.4,22.8984,1.49462
2026-09-02 03:36:26,37555.5,22.9140,1.48647
2026-09-02 03:36:36,37565.6,22.9062,1.47846
2026-09-02 03:36:46,37575.6,22.9062,1.47070
2026-09-02 03:36:56,37585.7,22.9062,1.46289
2026-09-02 03:37:06,37595.8,22.9062,1.45513
2026-09-02 03:37:16,37605.4,22.8906,1.44774
2026-09-02 03:37:26,37615.5,22.9062,1.44049
2026-09-02 03:37:36,37625.5,22.8984,1.43301
2026-09-02 03:37:46,37635.6,22.8750,1.42555
2026-09-02 03:37:56,37645.7,22.8828,1.41821
2026-09-02 03:38:06,37655.3,22.8828,1.41642
2026-09-02 03:38:16,37665.4,22.8828,1.41573
2026-09-02 03:38:26,37675.5,22.8750,1.41439
2026-09-02 03:38:36,37685.5,22.8671,1.41007
2026-09-02 03:38:46,37695.6,22.8671,1.40439
2026-09-02 03:38:56,37705.6,22.8593,1.40542
2026-09-02 03:39:06,37715.3,22.8671,1.40078
2026-09-02 03:39:16,37725.4,22.8671,1.40225
2026-09-02 03:39:26,37735.4,22.8593,1.40368
2026-09-02 03:39:36,37745.5,22.8593,1.40038
2026-09-02 03:39:46,37755.5,22.8593,1.39596
2026-09-02 03:39:56,37765.6,22.8593,1.39149
2026-09-02 03:40:06,37775.3,22.8437,1.38715
2026-09-02 03:40:16,37785.3,22.8671,1.38269
2026-09-02 03:40:26,37795.4,22.8515,1.37834
2026-09-02 03:40:36,37805.5,22.8437,1.37397
2026-09-02 03:40:46,37815.5,22.8281,1.36954
2026-09-02 03:40:55,37825.2,22.8359,1.36526
2026-09-02 03:41:05,37835.2,22.8125,1.36084
2026-09-02 03:41:16,37845.3,22.8437,1.35653
2026-09-02 03:41:26,37855.4,22.8515,1.35218
2026-09-02 03:41:36,37865.4,22.8515,1.34790
2026-09-02 03:41:46,37875.5,22.8281,1.34366
2026-09-02 03:41:55,37885.1,22.8046,1.33961
2026-09-02 03:42:05,37895.2,22.8281,1.33553
2026-09-02 03:42:16,37905.3,22.8046,1.33142
2026-09-02 03:42:26,37915.3,22.8125,1.32738
2026-09-02 03:42:36,37925.4,22.8046,1.32315
2026-09-02 03:42:45,37935.1,22.7890,1.31581
2026-09-02 03:42:55,37945.1,22.8046,1.31082
2026-09-02 03:43:05,37955.2,22.8281,1.30665
2026-09-02 03:43:15,37965.2,22.8125,1.30261
2026-09-02 03:43:26,37975.3,22.8281,1.29858
2026-09-02 03:43:36,37985.4,22.8046,1.29460
2026-09-02 03:43:45,37995.0,22.8046,1.29079
2026-09-02 03:43:55,38005.1,22.7890,1.28683
2026-09-02 03:44:05,38015.2,22.7812,1.28294
2026-09-02 03:44:15,38025.2,22.8046,1.27941
2026-09-02 03:44:26,38035.3,22.7968,1.27563
2026-09-02 03:44:36,38045.3,22.7968,1.27175
2026-09-02 03:44:45,38055.0,22.7968,1.26809
2026-09-02 03:44:55,38065.1,22.7890,1.26428
2026-09-02 03:45:05,38075.1,22.7890,1.26049
2026-09-02 03:45:15,38085.2,22.7890,1.25670
2026-09-02 03:45:25,38095.2,22.7890,1.25301
2026-09-02 03:45:36,38105.3,22.7890,1.24934
2026-09-02 03:45:45,38115.0,22.7968,1.24581
2026-09-02 03:45:55,38125.0,22.7734,1.24215
2026-09-02 03:46:05,38135.1,22.7578,1.23851
2026-09-02 03:46:15,38145.2,22.7890,1.23490
2026-09-02 03:46:25,38155.2,22.7734,1.23136
2026-09-02 03:46:35,38164.9,22.7656,1.22802
2026-09-02 03:46:45,38175.0,22.7656,1.22457
2026-09-02 03:46:55,38185.0,22.7890,1.22112
2026-09-02 03:47:05,38195.1,22.7656,1.21767
2026-09-02 03:47:15,38205.1,22.7812,1.21429
2026-09-02 03:47:25,38215.2,22.7578,1.21088
2026-09-02 03:47:35,38224.9,22.7812,1.20762
2026-09-02 03:47:45,38234.9,22.7812,1.20428
2026-09-02 03:47:55,38245.0,22.7656,1.20094
2026-09-02 03:48:05,38255.0,22.7656,1.19763
2026-09-02 03:48:15,38265.1,22.7734,1.19437
2026-09-02 03:48:25,38275.2,22.7734,1.19116
2026-09-02 03:48:35,38284.8,22.7734,1.18813
2026-09-02 03:48:45,38294.9,22.7656,1.18496
2026-09-02 03:48:55,38305.0,22.7578,1.18177
2026-09-02 03:49:05,38315.0,22.7578,1.17923
2026-09-02 03:49:15,38325.1,22.7578,1.17874
2026-09-02 03:49:25,38335.1,22.7656,1.17838
2026-09-02 03:49:35,38344.8,22.7421,1.17804
2026-09-02 03:49:45,38354.9,22.7656,1.17744
2026-09-02 03:49:55,38364.9,22.7421,1.17576
2026-09-02 03:50:05,38375.0,22.7578,1.17521
2026-09-02 03:50:15,38385.0,22.7578,1.17474
2026-09-02 03:50:25,38395.1,22.7578,1.17450
2026-09-02 03:50:35,38404.8,22.7578,1.17429
2026-09-02 03:50:45,38414.8,22.7578,1.17392
2026-09-02 03:50:55,38424.9,22.7578,1.17347
2026-09-02 03:51:05,38435.0,22.7578,1.17305
2026-09-02 03:51:15,38445.0,22.7421,1.17282
2026-09-02 03:51:25,38455.1,22.7500,1.17257
2026-09-02 03:51:35,38464.8,22.7421,1.17243
2026-09-02 03:51:45,38474.8,22.7421,1.17227
2026-09-02 03:51:55,38484.9,22.7187,1.17214
2026-09-02 03:52:05,38494.9,22.7343,1.17198
2026-09-02 03:52:15,38505.0,22.7187,1.17186
2026-09-02 03:52:25,38515.1,22.7343,1.17171
2026-09-02 03:52:35,38525.1,22.7265,1.17156
2026-09-02 03:52:45,38534.8,22.7421,1.17150
2026-09-02 03:52:55,38544.8,22.7421,1.17137
2026-09-02 03:53:05,38554.9,22.7578,1.17118
2026-09-02 03:53:15,38565.0,22.7343,1.17110
2026-09-02 03:53:25,38575.0,22.7265,1.17097
2026-09-02 03:53:35,38585.1,22.7265,1.17082
2026-09-02 03:53:45,38594.8,22.7343,1.17074
2026-09-02 03:53:55,38604.8,22.7343,1.17051
2026-09-02 03:54:05,38614.9,22.7421,1.17025
2026-09-02 03:54:15,38624.9,22.7265,1.16553
2026-09-02 03:54:25,38635.0,22.7421,1.16193
2026-09-02 03:54:35,38644.7,22.7187,1.16187
2026-09-02 03:54:45,38654.7,22.7265,1.16169
2026-09-02 03:54:55,38664.8,22.7421,1.16165
2026-09-02 03:55:05,38674.8,22.6953,1.16153
2026-09-02 03:55:15,38684.9,22.7265,1.16150
2026-09-02 03:55:25,38695.0,22.6953,1.16143
2026-09-02 03:55:35,38704.6,22.7343,1.16134
2026-09-02 03:55:45,38714.7,22.7187,1.16129
2026-09-02 03:55:55,38724.8,22.7187,1.16125
2026-09-02 03:56:05,38734.8,22.7109,1.16121
2026-09-02 03:56:15,38744.9,22.7109,1.16121
2026-09-02 03:56:25,38755.0,22.7187,1.16116
2026-09-02 03:56:35,38764.6,22.7187,1.16115
2026-09-02 03:56:45,38774.7,22.7109,1.16106
2026-09-02 03:56:55,38784.7,22.7109,1.16105
2026-09-02 03:57:05,38794.8,22.6953,1.16098
2026-09-02 03:57:15,38804.9,22.7109,1.16102
2026-09-02 03:57:25,38814.9,22.6953,1.16095
2026-09-02 03:57:35,38824.6,22.6953,1.16092
2026-09-02 03:57:45,38834.6,22.6953,1.16093
2026-09-02 03:57:55,38844.7,22.6953,1.16090
2026-09-02 03:58:05,38854.8,22.7109,1.16087
2026-09-02 03:58:15,38864.8,22.6875,1.16083
2026-09-02 03:58:25,38874.9,22.6875,1.16081
2026-09-02 03:58:35,38884.5,22.7187,1.16070
2026-09-02 03:58:45,38894.6,22.6718,1.16075
2026-09-02 03:58:55,38904.7,22.6796,1.16072
2026-09-02 03:59:05,38914.7,22.6953,1.16068
2026-09-02 03:59:15,38924.8,22.6875,1.16064
2026-09-02 03:59:25,38934.9,22.6953,1.16064
2026-09-02 03:59:35,38944.5,22.7109,1.16062
2026-09-02 03:59:45,38954.6,22.6875,1.16059
2026-09-02 03:59:55,38964.7,22.6796,1.16054
2026-09-02 04:00:05,38974.7,22.7109,1.16048
2026-09-02 04:00:15,38984.8,22.6640,1.16039
2026-09-02 04:00:25,38994.8,22.6875,1.16040
2026-09-02 04:00:35,39004.5,22.6953,1.16048
2026-09-02 04:00:45,39014.6,22.6875,1.16045
2026-09-02 04:00:55,39024.6,22.6953,1.16036
2026-09-02 04:01:05,39034.7,22.6718,1.16033
2026-09-02 04:01:15,39044.8,22.6953,1.16030
2026-09-02 04:01:25,39054.8,22.6875,1.16026
2026-09-02 04:01:35,39064.5,22.6796,1.16027
2026-09-02 04:01:45,39074.5,22.6796,1.16025
2026-09-02 04:01:55,39084.6,22.6796,1.16022
2026-09-02 04:02:05,39094.7,22.6796,1.16019
2026-09-02 04:02:15,39104.7,22.6796,1.16006
2026-09-02 04:02:25,39114.8,22.6875,1.16005
2026-09-02 04:02:35,39124.4,22.6796,1.16001
2026-09-02 04:02:45,39134.5,22.6875,1.15999
2026-09-02 04:02:55,39144.6,22.6875,1.15995
2026-09-02 04:03:05,39154.6,22.6875,1.15985
2026-09-02 04:03:15,39164.7,22.6875,1.15981
2026-09-02 04:03:25,39174.8,22.6875,1.15961
2026-09-02 04:03:35,39184.4,22.6796,1.15938
2026-09-02 04:03:45,39194.5,22.6718,1.15889
2026-09-02 04:03:55,39204.5,22.6718,1.15817
2026-09-02 04:04:05,39214.6,22.6718,1.15735
2026-09-02 04:04:15,39224.7,22.6875,1.15651
2026-09-02 04:04:25,39234.7,22.6796,1.15564
2026-09-02 04:04:35,39244.4,22.6796,1.15483
2026-09-02 04:04:45,39254.5,22.6796,1.15401
2026-09-02 04:04:55,39264.5,22.6718,1.15317
2026-09-02 04:05:05,39274.6,22.6718,1.15233
2026-09-02 04:05:15,39284.6,22.6796,1.15148
2026-09-02 04:05:25,39294.3,22.6796,1.15066
2026-09-02 04:05:35,39304.4,22.6796,1.14981
2026-09-02 04:05:45,39314.4,22.6875,1.14897
2026-09-02 04:05:55,39324.5,22.6718,1.14815
2026-09-02 04:06:05,39334.5,22.6718,1.14737
2026-09-02 04:06:15,39344.6,22.6875,1.14655
2026-09-02 04:06:25,39354.3,22.6718,1.14577
2026-09-02 04:06:35,39364.3,22.6718,1.14497
2026-09-02 04:06:45,39374.4,22.6640,1.14415
2026-09-02 04:06:55,39384.5,22.6796,1.14334
2026-09-02 04:07:05,39394.5,22.6640,1.14255
2026-09-02 04:07:15,39404.6,22.6718,1.14173
2026-09-02 04:07:24,39414.2,22.6796,1.14100
2026-09-02 04:07:35,39424.3,22.6640,1.14020
2026-09-02 04:07:45,39434.4,22.6718,1.13939
2026-09-02 04:07:55,39444.4,22.6718,1.13859
2026-09-02 04:08:05,39454.5,22.6718,1.13779
2026-09-02 04:08:14,39464.2,22.6718,1.13701
2026-09-02 04:08:24,39474.2,22.6562,1.13623
2026-09-02 04:08:35,39484.3,22.6640,1.13544
2026-09-02 04:08:45,39494.3,22.6640,1.13466
2026-09-02 04:08:55,39504.4,22.6718,1.13388
2026-09-02 04:09:05,39514.5,22.6640,1.13312
2026-09-02 04:09:15,39524.5,22.6796,1.13234
2026-09-02 04:09:24,39534.2,22.6718,1.13160
2026-09-02 04:09:35,39544.2,22.6562,1.13084
2026-09-02 04:09:45,39554.3,22.6640,1.13007
2026-09-02 04:09:55,39564.4,22.6562,1.12930
2026-09-02 04:10:05,39574.4,22.6718,1.12853
2026-09-02 04:10:15,39584.5,22.6718,1.12776
2026-09-02 04:10:24,39594.2,22.6640,1.12708
2026-09-02 04:10:34,39604.2,22.6718,1.12632
2026-09-02 04:10:45,39614.3,22.6640,1.12557
2026-09-02 04:10:55,39624.3,22.6640,1.12480
2026-09-02 04:11:05,39634.4,22.6640,1.12404
2026-09-02 04:11:15,39644.5,22.6640,1.12329
2026-09-02 04:11:24,39654.1,22.6718,1.12257
2026-09-02 04:11:34,39664.2,22.6562,1.12182
2026-09-02 04:11:45,39674.3,22.6718,1.12108
2026-09-02 04:11:55,39684.3,22.6562,1.12035
2026-09-02 04:12:05,39694.4,22.6562,1.11961
2026-09-02 04:12:15,39704.5,22.6718,1.11888
2026-09-02 04:12:24,39714.1,22.6718,1.11818
2026-09-02 04:12:34,39724.2,22.6484,1.11744
2026-09-02 04:12:44,39734.2,22.6484,1.11672
2026-09-02 04:12:55,39744.3,22.6484,1.11600
2026-09-02 04:13:05,39754.4,22.6718,1.11528
2026-09-02 04:13:15,39764.4,22.6562,1.11455
2026-09-02 04:13:24,39774.1,22.6484,1.11385
2026-09-02 04:13:34,39784.1,22.6484,1.11313
2026-09-02 04:13:44,39794.2,22.6640,1.11241
2026-09-02 04:13:55,39804.3,22.6484,1.11169
2026-09-02 04:14:05,39814.3,22.6562,1.11096
2026-09-02 04:14:15,39824.4,22.6406,1.11026
2026-09-02 04:14:24,39834.0,22.6562,1.10959
2026-09-02 04:14:34,39844.1,22.6562,1.10888
2026-09-02 04:14:44,39854.2,22.6406,1.10815
2026-09-02 04:14:54,39864.2,22.6406,1.10745
2026-09-02 04:15:05,39874.3,22.6484,1.10676
2026-09-02 04:15:15,39884.4,22.6484,1.10605
2026-09-02 04:15:24,39894.0,22.6484,1.10536
2026-09-02 04:15:34,39904.1,22.6484,1.10466
2026-09-02 04:15:44,39914.1,22.6640,1.10396
2026-09-02 04:15:54,39924.2,22.6406,1.10326
2026-09-02 04:16:05,39934.3,22.6640,1.10257
2026-09-02 04:16:15,39944.3,22.6484,1.10185
2026-09-02 04:16:24,39954.0,22.6562,1.10119
2026-09-02 04:16:34,39964.1,22.6640,1.10051
2026-09-02 04:16:44,39974.1,22.6562,1.09981
2026-09-02 04:16:54,39984.2,22.6484,1.09911
2026-09-02 04:17:05,39994.2,22.6640,1.09842
2026-09-02 04:17:15,40004.3,22.6640,1.09774
2026-09-02 04:17:24,40014.0,22.6640,1.09710
2026-09-02 04:17:34,40024.0,22.6328,1.09643
2026-09-02 04:17:44,40034.1,22.6640,1.09577
2026-09-02 04:17:54,40044.2,22.6640,1.09513
2026-09-02 04:18:04,40054.2,22.6406,1.09447
2026-09-02 04:18:15,40064.3,22.6562,1.09381
2026-09-02 04:18:24,40073.9,22.6562,1.09317
2026-09-02 04:18:34,40084.0,22.6484,1.09250
2026-09-02 04:18:44,40094.1,22.6718,1.09183
2026-09-02 04:18:54,40104.1,22.6640,1.09118
2026-09-02 04:19:04,40114.2,22.6640,1.09054
2026-09-02 04:19:15,40124.2,22.6484,1.08988
2026-09-02 04:19:24,40133.9,22.6562,1.08926
2026-09-02 04:19:34,40144.0,22.6406,1.08859
2026-09-02 04:19:44,40154.0,22.6562,1.08793
2026-09-02 04:19:54,40164.1,22.6562,1.08728
2026-09-02 04:20:04,40174.2,22.6328,1.08664
2026-09-02 04:20:14,40184.2,22.6406,1.08601
2026-09-02 04:20:24,40193.9,22.6484,1.08540
2026-09-02 04:20:34,40204.0,22.6640,1.08477
2026-09-02 04:20:44,40214.0,22.6562,1.08415
2026-09-02 04:20:54,40224.1,22.6406,1.08351
2026-09-02 04:21:04,40234.1,22.6562,1.08289
2026-09-02 04:21:14,40244.2,22.6484,1.08227
2026-09-02 04:21:24,40253.9,22.6484,1.08165
2026-09-02 04:21:34,40263.9,22.6328,1.08101
2026-09-02 04:21:44,40274.0,22.6406,1.08038
2026-09-02 04:21:54,40284.0,22.6562,1.07977
2026-09-02 04:22:04,40294.1,22.6562,1.07915
2026-09-02 04:22:14,40304.2,22.6406,1.07853
2026-09-02 04:22:24,40313.8,22.6484,1.07792
2026-09-02 04:22:34,40323.9,22.6562,1.07727
2026-09-02 04:22:44,40334.0,22.6484,1.07664
2026-09-02 04:22:54,40344.0,22.6328,1.07601
2026-09-02 04:23:04,40354.1,22.6484,1.07539
2026-09-02 04:23:14,40364.1,22.6640,1.07476
2026-09-02 04:23:24,40373.8,22.6406,1.07417
2026-09-02 04:23:34,40383.9,22.6562,1.07352
2026-09-02 04:23:44,40393.9,22.6406,1.07286
2026-09-02 04:23:54,40404.0,22.6562,1.07222
2026-09-02 04:24:04,40414.0,22.6562,1.07158
2026-09-02 04:24:14,40424.1,22.6562,1.07093
2026-09-02 04:24:24,40433.8,22.6406,1.07032
2026-09-02 04:24:34,40443.8,22.6484,1.06971
2026-09-02 04:24:44,40453.9,22.6328,1.06912
2026-09-02 04:24:54,40464.0,22.6406,1.06852
2026-09-02 04:25:04,40474.0,22.6640,1.06790
2026-09-02 04:25:14,40484.1,22.6328,1.06728
2026-09-02 04:25:24,40493.8,22.6484,1.06668
2026-09-02 04:25:34,40503.8,22.6640,1.06607
2026-09-02 04:25:44,40513.9,22.6484,1.06546
2026-09-02 04:25:54,40523.9,22.6328,1.06484
2026-09-02 04:26:04,40534.0,22.6484,1.06422
2026-09-02 04:26:14,40544.1,22.6484,1.06360
2026-09-02 04:26:24,40553.7,22.6406,1.06302
2026-09-02 04:26:34,40563.8,22.6406,1.06241
2026-09-02 04:26:44,40573.8,22.6328,1.06181
2026-09-02 04:26:54,40583.9,22.6406,1.06119
2026-09-02 04:27:04,40594.0,22.6406,1.06060
2026-09-02 04:27:14,40604.0,22.6328,1.06000
2026-09-02 04:27:24,40613.7,22.6484,1.05941
2026-09-02 04:27:34,40623.8,22.6640,1.05881
2026-09-02 04:27:44,40633.8,22.6484,1.05822
2026-09-02 04:27:54,40643.9,22.6484,1.05763
2026-09-02 04:28:04,40653.9,22.6562,1.05703
2026-09-02 04:28:14,40664.0,22.6406,1.05643
2026-09-02 04:28:24,40673.7,22.6562,1.05586
2026-09-02 04:28:34,40683.7,22.6406,1.05527
2026-09-02 04:28:44,40693.8,22.6328,1.05469
2026-09-02 04:28:54,40703.9,22.6484,1.05410
2026-09-02 04:29:04,40713.9,22.6328,1.05352
2026-09-02 04:29:14,40724.0,22.6484,1.05293
2026-09-02 04:29:24,40733.6,22.6406,1.05237
2026-09-02 04:29:34,40743.7,22.6484,1.05178
2026-09-02 04:29:44,40753.8,22.6328,1.05120
2026-09-02 04:29:54,40763.8,22.6406,1.05062
2026-09-02 04:30:04,40773.9,22.6328,1.05003
2026-09-02 04:30:14,40784.0,22.6562,1.04944
2026-09-02 04:30:24,40794.0,22.6484,1.04885
2026-09-02 04:30:34,40803.7,22.6328,1.04830
2026-09-02 04:30:44,40813.7,22.6328,1.04773
2026-09-02 04:30:54,40823.8,22.6250,1.04717
2026-09-02 04:31:04,40833.9,22.6406,1.04659
2026-09-02 04:31:14,40843.9,22.6328,1.04600
2026-09-02 04:31:24,40853.6,22.6328,1.04543
2026-09-02 04:31:34,40863.6,22.6406,1.04486
2026-09-02 04:31:44,40873.7,22.6406,1.04430
2026-09-02 04:31:54,40883.8,22.6250,1.04373
2026-09-02 04:32:04,40893.8,22.6406,1.04315
2026-09-02 04:32:14,40903.9,22.6328,1.04258
2026-09-02 04:32:24,40913.5,22.6406,1.04204
2026-09-02 04:32:34,40923.6,22.6328,1.04149
2026-09-02 04:32:44,40933.7,22.6406,1.04094
2026-09-02 04:32:54,40943.7,22.6562,1.04039
2026-09-02 04:33:04,40953.8,22.6562,1.03984
2026-09-02 04:33:14,40963.9,22.6328,1.03930
2026-09-02 04:33:24,40973.5,22.6250,1.03878
2026-09-02 04:33:34,40983.6,22.6328,1.03822
2026-09-02 04:33:44,40993.7,22.6328,1.03766
2026-09-02 04:33:54,41003.7,22.6484,1.03711
2026-09-02 04:34:04,41013.8,22.6328,1.03656
2026-09-02 04:34:14,41023.8,22.6328,1.03601
2026-09-02 04:34:24,41033.5,22.6406,1.03547
2026-09-02 04:34:34,41043.6,22.6484,1.03490
2026-09-02 04:34:44,41053.6,22.6406,1.03434
2026-09-02 04:34:54,41063.7,22.6328,1.03377
2026-09-02 04:35:04,41073.8,22.6640,1.03320
2026-09-02 04:35:14,41083.4,22.6406,1.03267
2026-09-02 04:35:24,41093.5,22.6328,1.03211
2026-09-02 04:35:34,41103.5,22.6562,1.03158
2026-09-02 04:35:44,41113.6,22.6328,1.03103
2026-09-02 04:35:54,41123.7,22.6328,1.03049
2026-09-02 04:36:04,41133.7,22.6484,1.02995
2026-09-02 04:36:14,41143.4,22.6171,1.02943
2026-09-02 04:36:24,41153.4,22.6406,1.02888
2026-09-02 04:36:34,41163.5,22.6328,1.02832
2026-09-02 04:36:44,41173.6,22.6328,1.02777
2026-09-02 04:36:54,41183.6,22.6328,1.02723
2026-09-02 04:37:04,41193.7,22.6250,1.02669
2026-09-02 04:37:14,41203.4,22.6328,1.02619
2026-09-02 04:37:24,41213.4,22.6406,1.02565
2026-09-02 04:37:34,41223.5,22.6250,1.02513
2026-09-02 04:37:44,41233.5,22.6093,1.02460
2026-09-02 04:37:54,41243.6,22.6171,1.02408
2026-09-02 04:38:04,41253.7,22.6093,1.02356
2026-09-02 04:38:14,41263.3,22.6250,1.02306
2026-09-02 04:38:24,41273.4,22.6250,1.02253
2026-09-02 04:38:34,41283.5,22.6250,1.02200
2026-09-02 04:38:44,41293.5,22.6093,1.02148
2026-09-02 04:38:54,41303.6,22.6328,1.02096
2026-09-02 04:39:04,41313.6,22.6328,1.02042
2026-09-02 04:39:14,41323.3,22.6250,1.01992
2026-09-02 04:39:24,41333.4,22.6171,1.01939
2026-09-02 04:39:34,41343.4,22.6250,1.01887
2026-09-02 04:39:44,41353.5,22.6250,1.01835
2026-09-02 04:39:54,41363.5,22.6171,1.01784
2026-09-02 04:40:04,41373.6,22.6328,1.01732
2026-09-02 04:40:14,41383.3,22.6250,1.01682
2026-09-02 04:40:24,41393.3,22.6250,1.01627
2026-09-02 04:40:34,41403.4,22.6250,1.01574
2026-09-02 04:40:44,41413.5,22.6093,1.01525
2026-09-02 04:40:54,41423.5,22.6250,1.01474
2026-09-02 04:41:04,41433.6,22.6093,1.01422
2026-09-02 04:41:14,41443.2,22.6171,1.01373
2026-09-02 04:41:24,41453.3,22.6093,1.01323
2026-09-02 04:41:34,41463.4,22.6250,1.01273
2026-09-02 04:41:44,41473.4,22.6015,1.01223
2026-09-02 04:41:54,41483.5,22.6171,1.01173
2026-09-02 04:42:04,41493.6,22.6406,1.01121
2026-09-02 04:42:14,41503.6,22.5937,1.01071
2026-09-02 04:42:24,41513.3,22.6171,1.01023
2026-09-02 04:42:34,41523.3,22.6171,1.00971
2026-09-02 04:42:44,41533.4,22.6093,1.00921
2026-09-02 04:42:54,41543.5,22.6250,1.00871
2026-09-02 04:43:04,41553.5,22.5937,1.00820
2026-09-02 04:43:13,41563.2,22.6093,1.00774
2026-09-02 04:43:24,41573.2,22.5937,1.00725
2026-09-02 04:43:34,41583.3,22.5937,1.00678
2026-09-02 04:43:44,41593.4,22.6093,1.00630
2026-09-02 04:43:54,41603.4,22.6171,1.00582
2026-09-02 04:44:04,41613.5,22.6015,1.00534
2026-09-02 04:44:14,41623.6,22.6093,1.00485
2026-09-02 04:44:23,41633.2,22.6015,1.00438
2026-09-02 04:44:34,41643.3,22.6250,1.00391
2026-09-02 04:44:44,41653.3,22.6250,1.00342
2026-09-02 04:44:54,41663.4,22.5937,1.00293
2026-09-02 04:45:04,41673.5,22.6093,1.00245
2026-09-02 04:45:14,41683.5,22.6093,1.00196
2026-09-02 04:45:23,41693.2,22.6093,1.00148
2026-09-02 04:45:34,41703.3,22.6250,1.00100
2026-09-02 04:45:44,41713.3,22.5937,1.00052
2026-09-02 04:45:54,41723.4,22.6015,1.00004
2026-09-02 04:46:04,41733.4,22.6093,0.99957
2026-09-02 04:46:14,41743.5,22.6250,0.99909
2026-09-02 04:46:23,41753.2,22.6171,0.99863
2026-09-02 04:46:33,41763.2,22.6171,0.99817
2026-09-02 04:46:44,41773.3,22.6171,0.99769
2026-09-02 04:46:54,41783.4,22.6171,0.99722
2026-09-02 04:47:04,41793.4,22.6015,0.99674
2026-09-02 04:47:14,41803.5,22.6250,0.99626
2026-09-02 04:47:23,41813.1,22.6093,0.99581
2026-09-02 04:47:33,41823.2,22.6250,0.99534
2026-09-02 04:47:44,41833.3,22.6250,0.99488
2026-09-02 04:47:54,41843.3,22.6171,0.99442
2026-09-02 04:48:04,41853.4,22.6015,0.99396
2026-09-02 04:48:14,41863.5,22.6093,0.99349
2026-09-02 04:48:24,41873.5,22.6093,0.99303
2026-09-02 04:48:33,41883.2,22.6093,0.99257
2026-09-02 04:48:44,41893.2,22.6171,0.99211
2026-09-02 04:48:54,41903.3,22.6093,0.99165
2026-09-02 04:49:04,41913.4,22.6250,0.99117
2026-09-02 04:49:14,41923.4,22.6171,0.99072
2026-09-02 04:49:24,41933.5,22.6171,0.99027
2026-09-02 04:49:33,41943.1,22.6093,0.98984
2026-09-02 04:49:43,41953.2,22.6093,0.98940
2026-09-02 04:49:54,41963.3,22.5937,0.98895
2026-09-02 04:50:04,41973.3,22.6015,0.98851
2026-09-02 04:50:14,41983.4,22.6171,0.98807
2026-09-02 04:50:24,41993.5,22.5937,0.98763
2026-09-02 04:50:33,42003.1,22.6015,0.98720
2026-09-02 04:50:43,42013.2,22.6250,0.98676
2026-09-02 04:50:54,42023.2,22.6015,0.98632
2026-09-02 04:51:04,42033.3,22.6015,0.98587
2026-09-02 04:51:14,42043.4,22.6171,0.98543
2026-09-02 04:51:24,42053.4,22.6093,0.98498
2026-09-02 04:51:34,42063.5,22.6093,0.98455
2026-09-02 04:51:43,42073.2,22.5781,0.98412
2026-09-02 04:51:53,42083.2,22.5937,0.98368
2026-09-02 04:52:04,42093.3,22.6171,0.98325
2026-09-02 04:52:14,42103.3,22.6171,0.98282
2026-09-02 04:52:24,42113.4,22.6093,0.98239
2026-09-02 04:52:34,42123.5,22.5937,0.98197
2026-09-02 04:52:43,42133.1,22.5937,0.98163
2026-09-02 04:52:53,42143.2,22.6015,0.98122
2026-09-02 04:53:04,42153.2,22.6015,0.98079
2026-09-02 04:53:14,42163.3,22.6015,0.98038
2026-09-02 04:53:24,42173.4,22.6015,0.97997
2026-09-02 04:53:34,42183.4,22.6015,0.97955
2026-09-02 04:53:44,42193.5,22.5937,0.97915
2026-09-02 04:53:53,42203.2,22.6250,0.97874
2026-09-02 04:54:03,42213.2,22.6093,0.97833
2026-09-02 04:54:14,42223.3,22.6015,0.97794
2026-09-02 04:54:24,42233.3,22.5937,0.97753
2026-09-02 04:54:34,42243.4,22.6171,0.97712
2026-09-02 04:54:44,42253.5,22.6093,0.97670
2026-09-02 04:54:53,42263.1,22.5781,0.97631
2026-09-02 04:55:03,42273.2,22.6015,0.97591
2026-09-02 04:55:14,42283.3,22.6093,0.97550
2026-09-02 04:55:24,42293.3,22.5781,0.97509
2026-09-02 04:55:34,42303.4,22.6015,0.97469
2026-09-02 04:55:44,42313.5,22.6093,0.97428
2026-09-02 04:55:53,42323.1,22.5937,0.97391
2026-09-02 04:56:03,42333.2,22.5937,0.97352
2026-09-02 04:56:13,42343.2,22.6015,0.97312
2026-09-02 04:56:24,42353.3,22.6093,0.97272
2026-09-02 04:56:34,42363.4,22.6093,0.97234
2026-09-02 04:56:44,42373.4,22.6015,0.97195
2026-09-02 04:56:54,42383.5,22.6093,0.97156
2026-09-02 04:57:03,42393.1,22.6015,0.97117
2026-09-02 04:57:13,42403.2,22.6093,0.97078
2026-09-02 04:57:24,42413.3,22.6171,0.97041
2026-09-02 04:57:34,42423.3,22.5937,0.97005
2026-09-02 04:57:44,42433.4,22.6093,0.96968
2026-09-02 04:57:53,42443.0,22.5937,0.96932
2026-09-02 04:58:03,42453.1,22.5937,0.96894
2026-09-02 04:58:13,42463.2,22.5937,0.96857
2026-09-02 04:58:24,42473.2,22.6015,0.96820
2026-09-02 04:58:34,42483.3,22.6093,0.96781
2026-09-02 04:58:44,42493.4,22.5937,0.96743
2026-09-02 04:58:54,42503.4,22.6093,0.96707
2026-09-02 04:59:03,42513.1,22.6093,0.96673
2026-09-02 04:59:13,42523.2,22.6093,0.96636
2026-09-02 04:59:23,42533.2,22.6093,0.96599
2026-09-02 04:59:34,42543.3,22.6015,0.96562
2026-09-02 04:59:44,42553.3,22.6171,0.96526
2026-09-02 04:59:53,42563.0,22.6015,0.96492
2026-09-02 05:00:03,42573.1,22.6015,0.96456
2026-09-02 05:00:13,42583.1,22.5937,0.96419
2026-09-02 05:00:23,42593.2,22.6015,0.96383
2026-09-02 05:00:34,42603.2,22.5937,0.96348
2026-09-02 05:00:44,42613.3,22.5937,0.96312
2026-09-02 05:00:53,42623.0,22.5781,0.96277
2026-09-02 05:01:03,42633.0,22.6015,0.96241
2026-09-02 05:01:13,42643.1,22.5937,0.96205
2026-09-02 05:01:23,42653.2,22.5937,0.96171
2026-09-02 05:01:33,42663.2,22.6015,0.96135
2026-09-02 05:01:44,42673.3,22.6093,0.96099
2026-09-02 05:01:54,42683.3,22.5937,0.96065
2026-09-02 05:02:03,42693.0,22.6015,0.96034
2026-09-02 05:02:13,42703.1,22.5703,0.96000
2026-09-02 05:02:23,42713.1,22.5937,0.95967
2026-09-02 05:02:33,42723.2,22.6015,0.95934
2026-09-02 05:02:44,42733.2,22.6015,0.95902
2026-09-02 05:02:54,42743.3,22.6093,0.95868
2026-09-02 05:03:03,42753.0,22.6015,0.95838
2026-09-02 05:03:13,42763.0,22.5937,0.95805
2026-09-02 05:03:23,42773.1,22.6171,0.95773
2026-09-02 05:03:33,42783.2,22.5781,0.95742
2026-09-02 05:03:43,42793.2,22.5937,0.95711
2026-09-02 05:03:54,42803.3,22.5625,0.95677
2026-09-02 05:04:03,42813.0,22.5781,0.95647
2026-09-02 05:04:13,42823.0,22.6015,0.95615
2026-09-02 05:04:23,42833.1,22.5937,0.95583
2026-09-02 05:04:33,42843.1,22.6015,0.95551
2026-09-02 05:04:43,42853.2,22.6093,0.95520
2026-09-02 05:04:54,42863.3,22.5937,0.95490
2026-09-02 05:05:04,42873.3,22.6093,0.95459
2026-09-02 05:05:13,42883.0,22.5703,0.95429
2026-09-02 05:05:23,42893.0,22.5937,0.95398
2026-09-02 05:05:33,42903.1,22.5937,0.95367
2026-09-02 05:05:43,42913.2,22.6015,0.95336
2026-09-02 05:05:53,42923.2,22.5781,0.95306
2026-09-02 05:06:03,42932.9,22.5937,0.95276
2026-09-02 05:06:13,42943.0,22.5937,0.95245
2026-09-02 05:06:23,42953.0,22.5937,0.95214
2026-09-02 05:06:33,42963.1,22.5937,0.95183
2026-09-02 05:06:43,42973.1,22.5937,0.95153
2026-09-02 05:06:53,42983.2,22.6015,0.95125
2026-09-02 05:07:04,42993.3,22.5781,0.95097
2026-09-02 05:07:13,43002.9,22.5781,0.95069
2026-09-02 05:07:23,43013.0,22.6015,0.95039
2026-09-02 05:07:33,43023.0,22.5625,0.95011
2026-09-02 05:07:43,43033.1,22.6015,0.94981
2026-09-02 05:07:53,43043.2,22.6093,0.94952
2026-09-02 05:08:04,43053.2,22.5781,0.94925
2026-09-02 05:08:13,43062.9,22.5937,0.94897
2026-09-02 05:08:23,43073.0,22.5937,0.94868
2026-09-02 05:08:33,43083.0,22.5781,0.94840
2026-09-02 05:08:43,43093.1,22.5703,0.94813
2026-09-02 05:08:53,43103.2,22.5703,0.94786
2026-09-02 05:09:03,43113.2,22.5625,0.94756
2026-09-02 05:09:13,43122.9,22.5937,0.94729
2026-09-02 05:09:23,43132.9,22.5937,0.94702
2026-09-02 05:09:33,43143.0,22.5937,0.94675
2026-09-02 05:09:43,43153.1,22.5937,0.94647
2026-09-02 05:09:53,43163.1,22.5781,0.94604
2026-09-02 05:10:03,43173.2,22.5781,0.94587
2026-09-02 05:10:13,43182.8,22.5781,0.94565
2026-09-02 05:10:23,43192.9,22.5625,0.94538
2026-09-02 05:10:33,43203.0,22.6015,0.94513
2026-09-02 05:10:43,43213.0,22.5703,0.94490
2026-09-02 05:10:53,43223.1,22.5937,0.94461
2026-09-02 05:11:03,43233.2,22.5625,0.94435
2026-09-02 05:11:13,43243.2,22.5937,0.94409
2026-09-02 05:11:23,43252.9,22.5937,0.94383
2026-09-02 05:11:33,43262.9,22.5781,0.94357
2026-09-02 05:11:43,43273.0,22.6015,0.94332
2026-09-02 05:11:53,43283.1,22.5703,0.94305
2026-09-02 05:12:03,43293.1,22.5703,0.94279
2026-09-02 05:12:13,43303.2,22.5937,0.94252
2026-09-02 05:12:23,43312.9,22.5781,0.94210
2026-09-02 05:12:33,43322.9,22.5781,0.94187
2026-09-02 05:12:43,43333.0,22.5937,0.94171
2026-09-02 05:12:53,43343.0,22.5937,0.94149
2026-09-02 05:13:03,43353.1,22.5781,0.94126
2026-09-02 05:13:13,43363.2,22.5625,0.94101
2026-09-02 05:13:23,43372.8,22.5781,0.94077
2026-09-02 05:13:33,43382.9,22.5703,0.94053
2026-09-02 05:13:43,43393.0,22.5703,0.94028
2026-09-02 05:13:53,43403.0,22.5937,0.94003
2026-09-02 05:14:03,43413.1,22.5781,0.93978
2026-09-02 05:14:13,43423.1,22.5703,0.93945
2026-09-02 05:14:23,43433.2,22.5703,0.93926
2026-09-02 05:14:33,43442.9,22.5625,0.93899
2026-09-02 05:14:43,43452.9,22.5937,0.93880
2026-09-02 05:14:53,43463.0,22.5625,0.93855
2026-09-02 05:15:03,43473.0,22.5546,0.93833
2026-09-02 05:15:13,43483.1,22.5703,0.93810
2026-09-02 05:15:23,43493.2,22.5781,0.93786
2026-09-02 05:15:33,43502.8,22.5781,0.93763
2026-09-02 05:15:43,43512.9,22.5781,0.93739
2026-09-02 05:15:53,43523.0,22.5703,0.93715
2026-09-02 05:16:03,43533.0,22.5937,0.93695
2026-09-02 05:16:13,43543.1,22.5625,0.93673
2026-09-02 05:16:23,43553.1,22.5781,0.93650
2026-09-02 05:16:33,43562.8,22.5937,0.93626
2026-09-02 05:16:43,43572.9,22.5703,0.93602
2026-09-02 05:16:53,43582.9,22.5781,0.93578
2026-09-02 05:17:03,43593.0,22.5781,0.93556
2026-09-02 05:17:13,43603.1,22.5625,0.93532
2026-09-02 05:17:23,43613.1,22.5937,0.93508
2026-09-02 05:17:33,43622.8,22.5937,0.93485
2026-09-02 05:17:43,43632.8,22.5625,0.93462
2026-09-02 05:17:53,43642.9,22.5703,0.93439
2026-09-02 05:18:03,43653.0,22.5703,0.93417
2026-09-02 05:18:13,43663.0,22.5625,0.93395
2026-09-02 05:18:23,43673.1,22.5703,0.93373
2026-09-02 05:18:33,43683.2,22.5625,0.93350
2026-09-02 05:18:43,43692.8,22.5703,0.93327
2026-09-02 05:18:53,43702.9,22.5625,0.93306
2026-09-02 05:19:03,43712.9,22.5937,0.93283
2026-09-02 05:19:13,43723.0,22.5937,0.93260
2026-09-02 05:19:23,43733.1,22.5781,0.93238
2026-09-02 05:19:33,43743.1,22.5781,0.93215
2026-09-02 05:19:43,43752.8,22.5468,0.93194
2026-09-02 05:19:53,43762.8,22.5703,0.93168
2026-09-02 05:20:03,43772.9,22.5546,0.93143
2026-09-02 05:20:13,43783.0,22.5781,0.93127
2026-09-02 05:20:23,43793.0,22.5546,0.93106
2026-09-02 05:20:33,43803.1,22.5625,0.93086
2026-09-02 05:20:43,43812.8,22.5703,0.93066
2026-09-02 05:20:53,43822.8,22.5781,0.93044
2026-09-02 05:21:03,43832.9,22.5546,0.93023
2026-09-02 05:21:13,43843.0,22.5781,0.93001
2026-09-02 05:21:23,43853.0,22.5937,0.92981
2026-09-02 05:21:33,43863.1,22.5546,0.92960
2026-09-02 05:21:43,43872.7,22.5625,0.92938
2026-09-02 05:21:53,43882.8,22.5625,0.92917
2026-09-02 05:22:03,43892.9,22.5625,0.92896
2026-09-02 05:22:13,43902.9,22.5703,0.92875
2026-09-02 05:22:23,43913.0,22.5625,0.92855
2026-09-02 05:22:33,43923.0,22.5546,0.92834
2026-09-02 05:22:43,43933.1,22.5625,0.92813
2026-09-02 05:22:53,43942.8,22.5781,0.92793
2026-09-02 05:23:03,43952.8,22.5703,0.92771
2026-09-02 05:23:13,43962.9,22.5625,0.92751
2026-09-02 05:23:23,43973.0,22.5703,0.92729
2026-09-02 05:23:33,43983.0,22.5703,0.92709
2026-09-02 05:23:43,43993.1,22.5703,0.92688
2026-09-02 05:23:53,44002.7,22.5546,0.92667
2026-09-02 05:24:03,44012.8,22.5468,0.92649
2026-09-02 05:24:13,44022.9,22.5546,0.92629
2026-09-02 05:24:23,44032.9,22.5703,0.92609
2026-09-02 05:24:33,44043.0,22.5625,0.92589
2026-09-02 05:24:43,44053.0,22.5937,0.92568
2026-09-02 05:24:53,44062.7,22.5625,0.92548
2026-09-02 05:25:03,44072.8,22.5703,0.92528
2026-09-02 05:25:13,44082.8,22.5625,0.92508
2026-09-02 05:25:23,44092.9,22.5703,0.92488
2026-09-02 05:25:33,44103.0,22.5625,0.92468
2026-09-02 05:25:43,44113.0,22.5625,0.92448
2026-09-02 05:25:53,44122.7,22.5546,0.92428
2026-09-02 05:26:03,44132.8,22.5781,0.92408
2026-09-02 05:26:13,44142.8,22.5625,0.92388
2026-09-02 05:26:23,44152.9,22.5703,0.92369
2026-09-02 05:26:33,44162.9,22.5468,0.92349
2026-09-02 05:26:43,44173.0,22.5468,0.92330
2026-09-02 05:26:53,44183.1,22.5546,0.92312
2026-09-02 05:27:03,44192.7,22.5546,0.92294
2026-09-02 05:27:13,44202.8,22.5546,0.92276
2026-09-02 05:27:23,44212.8,22.5468,0.92257
2026-09-02 05:27:33,44222.9,22.5468,0.92238
2026-09-02 05:27:43,44233.0,22.5546,0.92219
2026-09-02 05:27:53,44243.0,22.5703,0.92201
2026-09-02 05:28:03,44252.7,22.5625,0.92182
2026-09-02 05:28:13,44262.8,22.5546,0.92162
2026-09-02 05:28:23,44272.8,22.5390,0.92143
2026-09-02 05:28:33,44282.9,22.5390,0.92124
2026-09-02 05:28:43,44292.9,22.5546,0.92105
2026-09-02 05:28:53,44303.0,22.5625,0.92085
2026-09-02 05:29:03,44312.7,22.5625,0.92068
2026-09-02 05:29:13,44322.7,22.5625,0.92049
2026-09-02 05:29:23,44332.8,22.5546,0.92031
2026-09-02 05:29:33,44342.8,22.5546,0.92013
2026-09-02 05:29:43,44352.9,22.5703,0.91994
2026-09-02 05:29:53,44363.0,22.5546,0.91976
2026-09-02 05:30:03,44372.6,22.5546,0.91958
2026-09-02 05:30:13,44382.7,22.5625,0.91940
2026-09-02 05:30:23,44392.8,22.5703,0.91921
2026-09-02 05:30:33,44402.8,22.5625,0.91902
2026-09-02 05:30:43,44412.9,22.5546,0.91884
2026-09-02 05:30:53,44423.0,22.5625,0.91867
2026-09-02 05:31:03,44433.0,22.5625,0.91850
2026-09-02 05:31:13,44442.7,22.5625,0.91833
2026-09-02 05:31:23,44452.7,22.5625,0.91815
2026-09-02 05:31:33,44462.8,22.5625,0.91798
2026-09-02 05:31:43,44472.9,22.5468,0.91780
2026-09-02 05:31:53,44482.9,22.5546,0.91762
2026-09-02 05:32:03,44493.0,22.5546,0.91745
2026-09-02 05:32:13,44502.6,22.5468,0.91727
2026-09-02 05:32:23,44512.7,22.5390,0.91710
2026-09-02 05:32:33,44522.8,22.5625,0.91692
2026-09-02 05:32:43,44532.8,22.5468,0.91674
2026-09-02 05:32:53,44542.9,22.5625,0.91656
2026-09-02 05:33:03,44553.0,22.5625,0.91638
2026-09-02 05:33:13,44563.0,22.5390,0.91621
2026-09-02 05:33:23,44572.7,22.5468,0.91605
2026-09-02 05:33:33,44582.7,22.5468,0.91588
2026-09-02 05:33:43,44592.8,22.5625,0.91571
2026-09-02 05:33:53,44602.9,22.5312,0.91554
2026-09-02 05:34:03,44612.9,22.5625,0.91537
2026-09-02 05:34:13,44623.0,22.5468,0.91519
2026-09-02 05:34:23,44632.7,22.5625,0.91503
2026-09-02 05:34:33,44642.7,22.5546,0.91487
2026-09-02 05:34:43,44652.8,22.5625,0.91469
2026-09-02 05:34:53,44662.8,22.5468,0.91453
2026-09-02 05:35:03,44672.9,22.5625,0.91434
2026-09-02 05:35:13,44683.0,22.5546,0.91416
2026-09-02 05:35:23,44692.6,22.5625,0.91400
2026-09-02 05:35:33,44702.7,22.5468,0.91384
2026-09-02 05:35:43,44712.8,22.5546,0.91367
2026-09-02 05:35:53,44722.8,22.5390,0.91351
2026-09-02 05:36:03,44732.9,22.5546,0.91335
2026-09-02 05:36:13,44742.9,22.5468,0.91319
2026-09-02 05:36:23,44752.6,22.5625,0.91304
2026-09-02 05:36:33,44762.7,22.5703,0.91289
2026-09-02 05:36:43,44772.7,22.5703,0.91273
2026-09-02 05:36:53,44782.8,22.5468,0.91258
2026-09-02 05:37:03,44792.8,22.5468,0.91242
2026-09-02 05:37:13,44802.9,22.5390,0.91226
2026-09-02 05:37:23,44812.6,22.5625,0.91211
2026-09-02 05:37:33,44822.6,22.5390,0.91194
2026-09-02 05:37:43,44832.7,22.5468,0.91180
2026-09-02 05:37:53,44842.8,22.5625,0.91164
2026-09-02 05:38:03,44852.8,22.5468,0.91148
2026-09-02 05:38:13,44862.9,22.5468,0.91133
2026-09-02 05:38:23,44872.9,22.5468,0.91117
2026-09-02 05:38:33,44882.6,22.5468,0.91101
2026-09-02 05:38:43,44892.7,22.5468,0.91086
2026-09-02 05:38:53,44902.7,22.5390,0.91070
2026-09-02 05:39:03,44912.8,22.5468,0.91054
2026-09-02 05:39:13,44922.9,22.5234,0.91038
2026-09-02 05:39:23,44932.9,22.5546,0.91022
2026-09-02 05:39:33,44942.6,22.5468,0.91007
2026-09-02 05:39:43,44952.6,22.5546,0.90992
2026-09-02 05:39:53,44962.7,22.5390,0.90977
2026-09-02 05:40:03,44972.8,22.5390,0.90963
2026-09-02 05:40:13,44982.8,22.5546,0.90949
2026-09-02 05:40:23,44992.9,22.5546,0.90934
2026-09-02 05:40:33,45002.5,22.5390,0.90920
2026-09-02 05:40:43,45012.6,22.5390,0.90906
2026-09-02 05:40:53,45022.7,22.5546,0.90891
2026-09-02 05:41:03,45032.7,22.5312,0.90877
2026-09-02 05:41:13,45042.8,22.5546,0.90863
2026-09-02 05:41:23,45052.9,22.5312,0.90847
2026-09-02 05:41:33,45062.5,22.5468,0.90833
2026-09-02 05:41:43,45072.6,22.5390,0.90818
2026-09-02 05:41:53,45082.6,22.5390,0.90803
2026-09-02 05:42:03,45092.7,22.5312,0.90789
2026-09-02 05:42:13,45102.8,22.5468,0.90775
2026-09-02 05:42:23,45112.8,22.5234,0.90760
2026-09-02 05:42:33,45122.5,22.5468,0.90746
2026-09-02 05:42:43,45132.5,22.5390,0.90732
2026-09-02 05:42:53,45142.6,22.5312,0.90718
2026-09-02 05:43:03,45152.7,22.5390,0.90703
2026-09-02 05:43:13,45162.7,22.5546,0.90689
2026-09-02 05:43:23,45172.8,22.5390,0.90675
2026-09-02 05:43:33,45182.5,22.5468,0.90662
2026-09-02 05:43:43,45192.5,22.5468,0.90649
2026-09-02 05:43:53,45202.6,22.5390,0.90634
2026-09-02 05:44:03,45212.7,22.5390,0.90620
2026-09-02 05:44:13,45222.7,22.5390,0.90606
2026-09-02 05:44:23,45232.8,22.5312,0.90592
2026-09-02 05:44:33,45242.4,22.5312,0.90579
2026-09-02 05:44:43,45252.5,22.5312,0.90566
2026-09-02 05:44:53,45262.6,22.5546,0.90551
2026-09-02 05:45:03,45272.6,22.5312,0.90537
2026-09-02 05:45:13,45282.7,22.5625,0.90524
2026-09-02 05:45:23,45292.8,22.5312,0.90510
2026-09-02 05:45:33,45302.8,22.5468,0.90497
2026-09-02 05:45:43,45312.5,22.5390,0.90484
2026-09-02 05:45:53,45322.5,22.5468,0.90470
2026-09-02 05:46:03,45332.6,22.5468,0.90456
2026-09-02 05:46:13,45342.7,22.5312,0.90442
2026-09-02 05:46:23,45352.7,22.5546,0.90428
2026-09-02 05:46:33,45362.8,22.5390,0.90415
2026-09-02 05:46:43,45372.4,22.5234,0.90401
2026-09-02 05:46:53,45382.5,22.5312,0.90388
2026-09-02 05:47:03,45392.6,22.5546,0.90374
2026-09-02 05:47:13,45402.6,22.5468,0.90362
2026-09-02 05:47:23,45412.7,22.5390,0.90348
2026-09-02 05:47:33,45422.8,22.5468,0.90335
2026-09-02 05:47:43,45432.4,22.5312,0.90322
2026-09-02 05:47:53,45442.5,22.5468,0.90309
2026-09-02 05:48:03,45452.5,22.5546,0.90295
2026-09-02 05:48:13,45462.6,22.5546,0.90282
2026-09-02 05:48:23,45472.7,22.5468,0.90269
2026-09-02 05:48:33,45482.7,22.5468,0.90256
2026-09-02 05:48:43,45492.4,22.5468,0.90243
2026-09-02 05:48:53,45502.5,22.5468,0.90230
2026-09-02 05:49:03,45512.5,22.5468,0.90217
2026-09-02 05:49:13,45522.6,22.5390,0.90204
2026-09-02 05:49:23,45532.6,22.5312,0.90192
2026-09-02 05:49:33,45542.7,22.5390,0.90179
2026-09-02 05:49:43,45552.8,22.5468,0.90166
2026-09-02 05:49:53,45562.4,22.5078,0.90154
2026-09-02 05:50:03,45572.5,22.5312,0.90142
2026-09-02 05:50:13,45582.5,22.5234,0.90129
2026-09-02 05:50:23,45592.6,22.5312,0.90116
2026-09-02 05:50:33,45602.7,22.5468,0.90103
2026-09-02 05:50:43,45612.7,22.5156,0.90091
2026-09-02 05:50:53,45622.4,22.5390,0.90079
2026-09-02 05:51:03,45632.5,22.5390,0.90067
2026-09-02 05:51:13,45642.5,22.5390,0.90054
2026-09-02 05:51:23,45652.6,22.5156,0.90041
2026-09-02 05:51:33,45662.6,22.5468,0.90029
2026-09-02 05:51:43,45672.7,22.5546,0.90017
2026-09-02 05:51:53,45682.4,22.5390,0.90006
2026-09-02 05:52:03,45692.4,22.5312,0.89994
2026-09-02 05:52:13,45702.5,22.5312,0.89982
2026-09-02 05:52:23,45712.6,22.5312,0.89969
2026-09-02 05:52:33,45722.6,22.5312,0.89958
2026-09-02 05:52:43,45732.7,22.5468,0.89946
2026-09-02 05:52:53,45742.3,22.5156,0.89934
2026-09-02 05:53:03,45752.4,22.5312,0.89922
2026-09-02 05:53:13,45762.5,22.5312,0.89910
2026-09-02 05:53:23,45772.5,22.5156,0.89899
2026-09-02 05:53:33,45782.6,22.5234,0.89886
2026-09-02 05:53:43,45792.7,22.5312,0.89875
2026-09-02 05:53:53,45802.7,22.5312,0.89862
2026-09-02 05:54:03,45812.4,22.5234,0.89851
2026-09-02 05:54:13,45822.4,22.5312,0.89840
2026-09-02 05:54:23,45832.5,22.5234,0.89828
2026-09-02 05:54:33,45842.6,22.5312,0.89817
2026-09-02 05:54:43,45852.6,22.5312,0.89806
2026-09-02 05:54:53,45862.7,22.5390,0.89795
2026-09-02 05:55:03,45872.3,22.5234,0.89783
2026-09-02 05:55:13,45882.4,22.5312,0.89772
2026-09-02 05:55:23,45892.5,22.5156,0.89761
2026-09-02 05:55:33,45902.5,22.5234,0.89749
2026-09-02 05:55:43,45912.6,22.5234,0.89738
2026-09-02 05:55:53,45922.7,22.5234,0.89727
2026-09-02 05:56:03,45932.3,22.5390,0.89717
2026-09-02 05:56:13,45942.4,22.5312,0.89707
2026-09-02 05:56:23,45952.5,22.5312,0.89696
2026-09-02 05:56:33,45962.5,22.5234,0.89684
2026-09-02 05:56:43,45972.6,22.5156,0.89672
2026-09-02 05:56:53,45982.6,22.5312,0.89661
2026-09-02 05:57:03,45992.3,22.5390,0.89651
2026-09-02 05:57:13,46002.4,22.5234,0.89640
2026-09-02 05:57:23,46012.4,22.5156,0.89629
2026-09-02 05:57:33,46022.5,22.5390,0.89618
2026-09-02 05:57:43,46032.5,22.5312,0.89607
2026-09-02 05:57:53,46042.6,22.5390,0.89595
2026-09-02 05:58:03,46052.7,22.5390,0.89584
2026-09-02 05:58:13,46062.3,22.5156,0.89573
2026-09-02 05:58:23,46072.4,22.5312,0.89563
2026-09-02 05:58:33,46082.5,22.5156,0.89551
2026-09-02 05:58:43,46092.5,22.5312,0.89540
2026-09-02 05:58:53,46102.6,22.5312,0.89530
2026-09-02 05:59:03,46112.6,22.5234,0.89519
2026-09-02 05:59:13,46122.3,22.5312,0.89508
2026-09-02 05:59:23,46132.4,22.5312,0.89498
2026-09-02 05:59:33,46142.4,22.5312,0.89488
2026-09-02 05:59:43,46152.5,22.5312,0.89477
2026-09-02 05:59:53,46162.5,22.5312,0.89467
2026-09-02 06:00:03,46172.6,22.5156,0.89456
2026-09-02 06:00:13,46182.3,22.5000,0.89446
2026-09-02 06:00:23,46192.3,22.5156,0.89434
2026-09-02 06:00:33,46202.4,22.5156,0.89423
2026-09-02 06:00:43,46212.5,22.5234,0.89412
2026-09-02 06:00:53,46222.5,22.5312,0.89401
2026-09-02 06:01:02,46232.2,22.5312,0.89392
2026-09-02 06:01:13,46242.2,22.5390,0.89383
2026-09-02 06:01:23,46252.3,22.5312,0.89373
2026-09-02 06:01:33,46262.4,22.5390,0.89362
2026-09-02 06:01:43,46272.4,22.5312,0.89351
2026-09-02 06:01:53,46282.5,22.5078,0.89341
2026-09-02 06:02:03,46292.6,22.5234,0.89331
2026-09-02 06:02:12,46302.2,22.5156,0.89321
2026-09-02 06:02:23,46312.3,22.5078,0.89311
2026-09-02 06:02:33,46322.3,22.5234,0.89299
2026-09-02 06:02:43,46332.4,22.5390,0.89288
2026-09-02 06:02:53,46342.5,22.5078,0.89278
2026-09-02 06:03:03,46352.5,22.5078,0.89267
2026-09-02 06:03:12,46362.2,22.4921,0.89258
2026-09-02 06:03:23,46372.2,22.5156,0.89248
2026-09-02 06:03:33,46382.3,22.5234,0.89238
2026-09-02 06:03:43,46392.4,22.5312,0.89227
2026-09-02 06:03:53,46402.4,22.5078,0.89217
2026-09-02 06:04:03,46412.5,22.5078,0.89207
2026-09-02 06:04:12,46422.2,22.5078,0.89198
2026-09-02 06:04:22,46432.2,22.5156,0.89188
2026-09-02 06:04:33,46442.3,22.5156,0.89178
2026-09-02 06:04:43,46452.3,22.5234,0.89168
2026-09-02 06:04:53,46462.4,22.5156,0.89158
2026-09-02 06:05:03,46472.5,22.5156,0.89148
2026-09-02 06:05:13,46482.5,22.5312,0.89138
2026-09-02 06:05:22,46492.2,22.5234,0.89127
2026-09-02 06:05:33,46502.3,22.5312,0.89117
2026-09-02 06:05:43,46512.3,22.5156,0.89107
2026-09-02 06:05:53,46522.4,22.5078,0.89097
2026-09-02 06:06:03,46532.5,22.5234,0.89087
2026-09-02 06:06:13,46542.5,22.5312,0.89077
2026-09-02 06:06:23,46552.6,22.5312,0.89067
2026-09-02 06:06:32,46562.2,22.5000,0.89057
2026-09-02 06:06:43,46572.3,22.5156,0.89045
2026-09-02 06:06:53,46582.4,22.5078,0.89035
2026-09-02 06:07:03,46592.4,22.5156,0.89026
2026-09-02 06:07:13,46602.5,22.5234,0.89017
2026-09-02 06:07:23,46612.5,22.5156,0.89007
2026-09-02 06:07:33,46622.6,22.5156,0.88998
2026-09-02 06:07:43,46632.3,22.5156,0.88989
2026-09-02 06:07:53,46642.3,22.5078,0.88980
2026-09-02 06:08:03,46652.4,22.5000,0.88972
2026-09-02 06:08:13,46662.5,22.5156,0.88963
2026-09-02 06:08:23,46672.5,22.5234,0.88953
2026-09-02 06:08:33,46682.6,22.5078,0.88944
2026-09-02 06:08:43,46692.2,22.5156,0.88935
2026-09-02 06:08:53,46702.3,22.5078,0.88926
2026-09-02 06:09:03,46712.4,22.5234,0.88917
2026-09-02 06:09:13,46722.4,22.5078,0.88908
2026-09-02 06:09:23,46732.5,22.5156,0.88898
2026-09-02 06:09:33,46742.5,22.5156,0.88889
2026-09-02 06:09:42,46752.2,22.5000,0.88880
2026-09-02 06:09:53,46762.3,22.5078,0.88871
2026-09-02 06:10:03,46772.3,22.4921,0.88861
2026-09-02 06:10:13,46782.4,22.5000,0.88853
2026-09-02 06:10:23,46792.5,22.5078,0.88843
2026-09-02 06:10:33,46802.5,22.5156,0.88834
2026-09-02 06:10:42,46812.2,22.5156,0.88826
2026-09-02 06:10:53,46822.2,22.5078,0.88817
2026-09-02 06:11:03,46832.3,22.5000,0.88808
2026-09-02 06:11:13,46842.4,22.5156,0.88798
2026-09-02 06:11:23,46852.4,22.5000,0.88789
2026-09-02 06:11:33,46862.5,22.5234,0.88779
2026-09-02 06:11:42,46872.2,22.4921,0.88769
2026-09-02 06:11:52,46882.2,22.5000,0.88760
2026-09-02 06:12:03,46892.3,22.5000,0.88751
2026-09-02 06:12:13,46902.3,22.5000,0.88741
2026-09-02 06:12:23,46912.4,22.5000,0.88732
2026-09-02 06:12:33,46922.5,22.5000,0.88724
2026-09-02 06:12:42,46932.1,22.5078,0.88715
2026-09-02 06:12:52,46942.2,22.4921,0.88706
2026-09-02 06:13:03,46952.2,22.5000,0.88698
2026-09-02 06:13:13,46962.3,22.4765,0.88688
2026-09-02 06:13:23,46972.4,22.5078,0.88679
2026-09-02 06:13:33,46982.4,22.5156,0.88671
2026-09-02 06:13:42,46992.1,22.4921,0.88662
2026-09-02 06:13:52,47002.2,22.4687,0.88653
2026-09-02 06:14:02,47012.2,22.4843,0.88643
2026-09-02 06:14:13,47022.3,22.5078,0.88632
2026-09-02 06:14:23,47032.4,22.4843,0.88623
2026-09-02 06:14:33,47042.4,22.5000,0.88615
2026-09-02 06:14:42,47052.1,22.5000,0.88606
2026-09-02 06:14:52,47062.1,22.5078,0.88598
2026-09-02 06:15:02,47072.2,22.4921,0.88589
2026-09-02 06:15:13,47082.3,22.4921,0.88581
2026-09-02 06:15:23,47092.3,22.5078,0.88573
2026-09-02 06:15:33,47102.4,22.4921,0.88566
2026-09-02 06:15:42,47112.0,22.4921,0.88557
2026-09-02 06:15:52,47122.1,22.4921,0.88549
2026-09-02 06:16:02,47132.2,22.5156,0.88541
2026-09-02 06:16:13,47142.2,22.5000,0.88533
2026-09-02 06:16:23,47152.3,22.4921,0.88525
2026-09-02 06:16:33,47162.4,22.4843,0.88517
2026-09-02 06:16:42,47172.0,22.4843,0.88510
2026-09-02 06:16:52,47182.1,22.5078,0.88502
2026-09-02 06:17:02,47192.1,22.5078,0.88493
2026-09-02 06:17:12,47202.2,22.4921,0.88485
2026-09-02 06:17:23,47212.3,22.4921,0.88477
2026-09-02 06:17:33,47222.3,22.5078,0.88469
2026-09-02 06:17:42,47232.0,22.4921,0.88462
2026-09-02 06:17:52,47242.0,22.4765,0.88454
2026-09-02 06:18:02,47252.1,22.4531,0.88446
2026-09-02 06:18:12,47262.2,22.5078,0.88437
2026-09-02 06:18:23,47272.2,22.5000,0.88428
2026-09-02 06:18:33,47282.3,22.4843,0.88419
2026-09-02 06:18:42,47292.0,22.4843,0.88410
2026-09-02 06:18:52,47302.0,22.4921,0.88402
2026-09-02 06:19:02,47312.1,22.4921,0.88394
2026-09-02 06:19:12,47322.2,22.4843,0.88386
2026-09-02 06:19:22,47332.2,22.4921,0.88378
2026-09-02 06:19:33,47342.3,22.4921,0.88371
2026-09-02 06:19:42,47351.9,22.4921,0.88364
2026-09-02 06:19:52,47362.0,22.4921,0.88356
2026-09-02 06:20:02,47372.1,22.4687,0.88348
2026-09-02 06:20:12,47382.1,22.4765,0.88340
2026-09-02 06:20:22,47392.2,22.4843,0.88332
2026-09-02 06:20:33,47402.2,22.4843,0.88323
2026-09-02 06:20:42,47411.9,22.4765,0.88316
2026-09-02 06:20:52,47422.0,22.4765,0.88308
2026-09-02 06:21:02,47432.0,22.4843,0.88300
2026-09-02 06:21:12,47442.1,22.5000,0.88291
2026-09-02 06:21:22,47452.2,22.4765,0.88282
2026-09-02 06:21:32,47462.2,22.4843,0.88274
2026-09-02 06:21:42,47471.9,22.4921,0.88268
2026-09-02 06:21:52,47481.9,22.4843,0.88260
2026-09-02 06:22:02,47492.0,22.4765,0.88251
2026-09-02 06:22:12,47502.1,22.4843,0.88243
2026-09-02 06:22:22,47512.1,22.4687,0.88235
2026-09-02 06:22:32,47522.2,22.4765,0.88227
2026-09-02 06:22:42,47531.9,22.4765,0.88221
2026-09-02 06:22:52,47541.9,22.4765,0.88213
2026-09-02 06:23:02,47552.0,22.4531,0.88206
2026-09-02 06:23:12,47562.0,22.4843,0.88197
2026-09-02 06:23:22,47572.1,22.4843,0.88189
2026-09-02 06:23:32,47582.2,22.4921,0.88181
2026-09-02 06:23:42,47591.8,22.4765,0.88173
2026-09-02 06:23:52,47601.9,22.4921,0.88165
2026-09-02 06:24:02,47612.0,22.4531,0.88157
2026-09-02 06:24:12,47622.0,22.4765,0.88149
2026-09-02 06:24:22,47632.1,22.4843,0.88142
2026-09-02 06:24:32,47642.1,22.4765,0.88135
2026-09-02 06:24:42,47651.8,22.4765,0.88127
2026-09-02 06:24:52,47661.9,22.4687,0.88120
2026-09-02 06:25:02,47671.9,22.4921,0.88113
2026-09-02 06:25:12,47682.0,22.4765,0.88105
2026-09-02 06:25:22,47692.0,22.4687,0.88098
2026-09-02 06:25:32,47702.1,22.4843,0.88091
2026-09-02 06:25:42,47711.8,22.4921,0.88084
2026-09-02 06:25:52,47721.8,22.4453,0.88077
2026-09-02 06:26:02,47731.9,22.4921,0.88069
2026-09-02 06:26:12,47742.0,22.4531,0.88061
2026-09-02 06:26:22,47752.0,22.4765,0.88052
2026-09-02 06:26:32,47762.1,22.4843,0.88045
2026-09-02 06:26:42,47771.8,22.4843,0.88038
2026-09-02 06:26:52,47781.8,22.4765,0.88031
2026-09-02 06:27:02,47791.9,22.4843,0.88024
2026-09-02 06:27:12,47801.9,22.4765,0.88017
2026-09-02 06:27:22,47812.0,22.4843,0.88010
2026-09-02 06:27:32,47822.1,22.4765,0.88002
2026-09-02 06:27:42,47831.7,22.4843,0.87996
2026-09-02 06:27:52,47841.8,22.4765,0.87990
2026-09-02 06:28:02,47851.8,22.4531,0.87983
2026-09-02 06:28:12,47861.9,22.4843,0.87975
2026-09-02 06:28:22,47872.0,22.4687,0.87969
2026-09-02 06:28:32,47882.0,22.4765,0.87962
2026-09-02 06:28:42,47891.7,22.4843,0.87956
2026-09-02 06:28:52,47901.8,22.4765,0.87949
2026-09-02 06:29:02,47911.8,22.4531,0.87942
2026-09-02 06:29:12,47921.9,22.4765,0.87934
2026-09-02 06:29:22,47931.9,22.4921,0.87927
2026-09-02 06:29:32,47941.6,22.4843,0.87921
2026-09-02 06:29:42,47951.7,22.4453,0.87914
2026-09-02 06:29:52,47961.7,22.4687,0.87907
2026-09-02 06:30:02,47971.8,22.4453,0.87900
2026-09-02 06:30:12,47981.8,22.4531,0.87893
2026-09-02 06:30:22,47991.9,22.4687,0.87886
2026-09-02 06:30:32,48002.0,22.4531,0.87880
2026-09-02 06:30:42,48011.6,22.4765,0.87873
2026-09-02 06:30:52,48021.7,22.4375,0.87866
2026-09-02 06:31:02,48031.8,22.4531,0.87858
2026-09-02 06:31:12,48041.8,22.4531,0.87850
2026-09-02 06:31:22,48051.9,22.4687,0.87843
2026-09-02 06:31:32,48062.0,22.4531,0.87836
2026-09-02 06:31:42,48071.6,22.4531,0.87830
2026-09-02 06:31:52,48081.7,22.4687,0.87822
2026-09-02 06:32:02,48091.7,22.4687,0.87815
2026-09-02 06:32:12,48101.8,22.4687,0.87809
2026-09-02 06:32:22,48111.9,22.4453,0.87801
2026-09-02 06:32:32,48121.9,22.4531,0.87797
2026-09-02 06:32:42,48131.6,22.4531,0.87788
2026-09-02 06:32:52,48141.6,22.4375,0.87780
2026-09-02 06:33:02,48151.7,22.4687,0.87772
2026-09-02 06:33:12,48161.8,22.4453,0.87765
2026-09-02 06:33:22,48171.8,22.4453,0.87758
2026-09-02 06:33:32,48181.9,22.4531,0.87751
2026-09-02 06:33:42,48191.5,22.4453,0.87744
2026-09-02 06:33:52,48201.6,22.4453,0.87736
2026-09-02 06:34:02,48211.7,22.4375,0.87729
2026-09-02 06:34:12,48221.7,22.4218,0.87722
2026-09-02 06:34:22,48231.8,22.4375,0.87716
2026-09-02 06:34:32,48241.9,22.4453,0.87710
2026-09-02 06:34:42,48251.5,22.4687,0.87703
2026-09-02 06:34:52,48261.6,22.4687,0.87696
2026-09-02 06:35:02,48271.6,22.4453,0.87690
2026-09-02 06:35:12,48281.7,22.4531,0.87683
2026-09-02 06:35:22,48291.8,22.4531,0.87678
2026-09-02 06:35:32,48301.8,22.4453,0.87672
2026-09-02 06:35:42,48311.5,22.4453,0.87666
2026-09-02 06:35:52,48321.6,22.4453,0.87660
2026-09-02 06:36:02,48331.6,22.4062,0.87654
2026-09-02 06:36:12,48341.7,22.4296,0.87648
2026-09-02 06:36:22,48351.8,22.4453,0.87641
2026-09-02 06:36:32,48361.8,22.4296,0.87634
2026-09-02 06:36:42,48371.9,22.4453,0.87628
2026-09-02 06:36:52,48381.5,22.4375,0.87622
2026-09-02 06:37:02,48391.6,22.4453,0.87615
2026-09-02 06:37:12,48401.7,22.4453,0.87608
2026-09-02 06:37:22,48411.7,22.4375,0.87602
2026-09-02 06:37:32,48421.8,22.4140,0.87596
2026-09-02 06:37:42,48431.8,22.4453,0.87590
2026-09-02 06:37:52,48441.5,22.4218,0.87583
2026-09-02 06:38:02,48451.6,22.4453,0.87577
2026-09-02 06:38:12,48461.6,22.4531,0.87571
2026-09-02 06:38:22,48471.7,22.4453,0.87565
2026-09-02 06:38:32,48481.8,22.4453,0.87558
2026-09-02 06:38:42,48491.8,22.4375,0.87552
2026-09-02 06:38:52,48501.5,22.4296,0.87545
2026-09-02 06:39:02,48511.5,22.4453,0.87539
2026-09-02 06:39:12,48521.6,22.4375,0.87533
2026-09-02 06:39:22,48531.7,22.4453,0.87526
2026-09-02 06:39:32,48541.7,22.4296,0.87520
2026-09-02 06:39:42,48551.8,22.4375,0.87513
2026-09-02 06:39:52,48561.5,22.4296,0.87507
2026-09-02 06:40:02,48571.5,22.4453,0.87500
2026-09-02 06:40:12,48581.6,22.4296,0.87494
2026-09-02 06:40:22,48591.6,22.4375,0.87487
2026-09-02 06:40:32,48601.7,22.4375,0.87481
2026-09-02 06:40:42,48611.8,22.4296,0.87475
2026-09-02 06:40:52,48621.4,22.4218,0.87468
2026-09-02 06:41:02,48631.5,22.4296,0.87461
2026-09-02 06:41:12,48641.5,22.4375,0.87454
2026-09-02 06:41:22,48651.6,22.4296,0.87448
2026-09-02 06:41:32,48661.7,22.4296,0.87442
2026-09-02 06:41:42,48671.7,22.4296,0.87436
2026-09-02 06:41:52,48681.4,22.4218,0.87429
2026-09-02 06:42:02,48691.5,22.4218,0.87423
2026-09-02 06:42:12,48701.5,22.4375,0.87418
2026-09-02 06:42:22,48711.6,22.4375,0.87411
2026-09-02 06:42:32,48721.6,22.4296,0.87404
2026-09-02 06:42:42,48731.7,22.4218,0.87398
2026-09-02 06:42:52,48741.8,22.4296,0.87392
2026-09-02 06:43:02,48751.4,22.4296,0.87387
2026-09-02 06:43:12,48761.5,22.4062,0.87381
2026-09-02 06:43:22,48771.5,22.4140,0.87376
2026-09-02 06:43:32,48781.6,22.4296,0.87369
2026-09-02 06:43:42,48791.7,22.4296,0.87362
2026-09-02 06:43:52,48801.7,22.4140,0.87357
2026-09-02 06:44:02,48811.4,22.4375,0.87351
2026-09-02 06:44:12,48821.5,22.4062,0.87345
2026-09-02 06:44:22,48831.5,22.4218,0.87340
2026-09-02 06:44:32,48841.6,22.4062,0.87335
2026-09-02 06:44:42,48851.7,22.4140,0.87330
2026-09-02 06:44:52,48861.7,22.4140,0.87324
2026-09-02 06:45:02,48871.4,22.4140,0.87318
2026-09-02 06:45:12,48881.4,22.4140,0.87312
2026-09-02 06:45:22,48891.5,22.4062,0.87306
2026-09-02 06:45:32,48901.6,22.4218,0.87300
2026-09-02 06:45:42,48911.6,22.4140,0.87295
2026-09-02 06:45:52,48921.7,22.4218,0.87289
2026-09-02 06:46:02,48931.3,22.4218,0.87283
2026-09-02 06:46:12,48941.4,22.4140,0.87278
2026-09-02 06:46:22,48951.5,22.4140,0.87272
2026-09-02 06:46:32,48961.5,22.4140,0.87265
2026-09-02 06:46:42,48971.6,22.4062,0.87260
2026-09-02 06:46:52,48981.7,22.4218,0.87254
2026-09-02 06:47:02,48991.3,22.4296,0.87248
2026-09-02 06:47:12,49001.4,22.4218,0.87243
2026-09-02 06:47:22,49011.4,22.4140,0.87238
2026-09-02 06:47:32,49021.5,22.4140,0.87233
2026-09-02 06:47:42,49031.6,22.4218,0.87227
2026-09-02 06:47:51,49041.2,22.4062,0.87221
2026-09-02 06:48:02,49051.3,22.3984,0.87215
2026-09-02 06:48:12,49061.4,22.4140,0.87209
2026-09-02 06:48:22,49071.4,22.4218,0.87203
2026-09-02 06:48:32,49081.5,22.4062,0.87198
2026-09-02 06:48:42,49091.5,22.4296,0.87192
2026-09-02 06:48:51,49101.2,22.4218,0.87187
2026-09-02 06:49:02,49111.3,22.3984,0.87181
2026-09-02 06:49:12,49121.3,22.3984,0.87176
2026-09-02 06:49:22,49131.4,22.3984,0.87171
2026-09-02 06:49:32,49141.5,22.4218,0.87166
2026-09-02 06:49:42,49151.5,22.4062,0.87160
2026-09-02 06:49:51,49161.2,22.4375,0.87155
2026-09-02 06:50:02,49171.2,22.4062,0.87149
2026-09-02 06:50:12,49181.3,22.3984,0.87144
2026-09-02 06:50:22,49191.4,22.4062,0.87139
2026-09-02 06:50:32,49201.4,22.4140,0.87134
2026-09-02 06:50:42,49211.5,22.4062,0.87127
2026-09-02 06:50:51,49221.1,22.4140,0.87121
2026-09-02 06:51:01,49231.2,22.4062,0.87116
2026-09-02 06:51:12,49241.3,22.3984,0.87110
2026-09-02 06:51:22,49251.3,22.4140,0.87104
2026-09-02 06:51:32,49261.4,22.4062,0.87099
2026-09-02 06:51:42,49271.5,22.3906,0.87094
2026-09-02 06:51:51,49281.1,22.4062,0.87088
2026-09-02 06:52:01,49291.2,22.4140,0.87083
2026-09-02 06:52:12,49301.2,22.4140,0.87078
2026-09-02 06:52:22,49311.3,22.3984,0.87072
2026-09-02 06:52:32,49321.4,22.4140,0.87067
2026-09-02 06:52:41,49331.0,22.4062,0.87061
2026-09-02 06:52:51,49341.1,22.4062,0.87056
2026-09-02 06:53:01,49351.2,22.3984,0.87049
2026-09-02 06:53:11,49361.2,22.4062,0.87044
2026-09-02 06:53:22,49371.3,22.3984,0.87038
2026-09-02 06:53:32,49381.3,22.4062,0.87033
2026-09-02 06:53:41,49391.0,22.4062,0.87027
2026-09-02 06:53:51,49401.1,22.3984,0.87023
2026-09-02 06:54:01,49411.1,22.3906,0.87017
2026-09-02 06:54:11,49421.2,22.3906,0.87012
2026-09-02 06:54:22,49431.2,22.3984,0.87007
2026-09-02 06:54:31,49440.9,22.4062,0.87002
2026-09-02 06:54:41,49451.0,22.4140,0.86997
2026-09-02 06:54:51,49461.0,22.3906,0.86991
2026-09-02 06:55:01,49471.1,22.3828,0.86986
2026-09-02 06:55:11,49481.2,22.3906,0.86982
2026-09-02 06:55:21,49491.2,22.3750,0.86977
2026-09-02 06:55:31,49500.9,22.3906,0.86973
2026-09-02 06:55:41,49510.9,22.3750,0.86967
2026-09-02 06:55:51,49521.0,22.3906,0.86962
2026-09-02 06:56:01,49531.1,22.3828,0.86958
2026-09-02 06:56:11,49541.1,22.3984,0.86952
2026-09-02 06:56:21,49551.2,22.3906,0.86946
2026-09-02 06:56:31,49560.9,22.3906,0.86941
2026-09-02 06:56:41,49570.9,22.3906,0.86936
2026-09-02 06:56:51,49581.0,22.3906,0.86931
2026-09-02 06:57:01,49591.0,22.3906,0.86924
2026-09-02 06:57:11,49601.1,22.3906,0.86919
2026-09-02 06:57:21,49611.2,22.3906,0.86914
2026-09-02 06:57:31,49620.8,22.3906,0.86910
2026-09-02 06:57:41,49630.9,22.3750,0.86904
2026-09-02 06:57:51,49641.0,22.3750,0.86899
2026-09-02 06:58:01,49651.0,22.3828,0.86894
2026-09-02 06:58:11,49661.1,22.3828,0.86889
2026-09-02 06:58:21,49671.1,22.3984,0.86885
2026-09-02 06:58:31,49680.8,22.3828,0.86880
2026-09-02 06:58:41,49690.9,22.3906,0.86874
2026-09-02 06:58:51,49700.9,22.3750,0.86869
2026-09-02 06:59:01,49711.0,22.3750,0.86864
2026-09-02 06:59:11,49721.0,22.3828,0.86858
2026-09-02 06:59:21,49730.7,22.3750,0.86854
2026-09-02 06:59:31,49740.8,22.3828,0.86849
2026-09-02 06:59:41,49750.8,22.3984,0.86844
2026-09-02 06:59:51,49760.9,22.3750,0.86838
2026-09-02 07:00:01,49771.0,22.3828,0.86833
2026-09-02 07:00:11,49781.0,22.3671,0.86828
2026-09-02 07:00:21,49790.7,22.3828,0.86824
2026-09-02 07:00:31,49800.8,22.3828,0.86820
2026-09-02 07:00:41,49810.8,22.3906,0.86815
2026-09-02 07:00:51,49820.9,22.3828,0.86809
2026-09-02 07:01:01,49830.9,22.4062,0.86804
2026-09-02 07:01:11,49841.0,22.3671,0.86800
2026-09-02 07:01:21,49850.7,22.3828,0.86795
2026-09-02 07:01:31,49860.7,22.3828,0.86790
2026-09-02 07:01:41,49870.8,22.3750,0.86785
2026-09-02 07:01:51,49880.8,22.3671,0.86781
2026-09-02 07:02:01,49890.9,22.3750,0.87186
2026-09-02 07:02:11,49901.0,22.3671,0.87785
2026-09-02 07:02:21,49910.6,22.3671,0.87962
2026-09-02 07:02:31,49920.7,22.3750,0.88029
2026-09-02 07:02:41,49930.8,22.3593,0.88055
2026-09-02 07:02:51,49940.8,22.3906,0.88067
2026-09-02 07:03:01,49950.9,22.3593,0.88071
2026-09-02 07:03:11,49960.9,22.3671,0.88072
2026-09-02 07:03:21,49970.6,22.3828,0.88071
2026-09-02 07:03:31,49980.7,22.3750,0.88069
2026-09-02 07:03:41,49990.7,22.3828,0.88067
2026-09-02 07:03:51,50000.8,22.3750,0.88063
2026-09-02 07:04:01,50010.8,22.3750,0.88060
2026-09-02 07:04:11,50020.9,22.3750,0.88054
2026-09-02 07:04:21,50031.0,22.3671,0.88049
2026-09-02 07:04:31,50040.6,22.3750,0.88043
2026-09-02 07:04:41,50050.7,22.3750,0.88037
2026-09-02 07:04:51,50060.8,22.3828,0.88030
2026-09-02 07:05:01,50070.8,22.3750,0.88023
2026-09-02 07:05:11,50080.9,22.3671,0.88017
2026-09-02 07:05:21,50091.0,22.3671,0.88010
2026-09-02 07:05:31,50100.6,22.3750,0.88004
2026-09-02 07:05:41,50110.7,22.3593,0.87997
2026-09-02 07:05:51,50120.7,22.3750,0.87990
2026-09-02 07:06:01,50130.8,22.3593,0.87985
2026-09-02 07:06:11,50140.9,22.3750,0.87979
2026-09-02 07:06:21,50150.9,22.3281,0.87973
2026-09-02 07:06:31,50160.6,22.3750,0.87967
2026-09-02 07:06:41,50170.6,22.3593,0.87961
2026-09-02 07:06:51,50180.7,22.3671,0.87954
2026-09-02 07:07:01,50190.8,22.3671,0.87948
2026-09-02 07:07:11,50200.8,22.3671,0.87942
2026-09-02 07:07:21,50210.9,22.3750,0.87936
2026-09-02 07:07:31,50220.5,22.3750,0.87929
2026-09-02 07:07:41,50230.6,22.3671,0.87924
2026-09-02 07:07:51,50240.7,22.3828,0.87918
2026-09-02 07:08:01,50250.7,22.3750,0.87912
2026-09-02 07:08:11,50260.8,22.3671,0.87905
2026-09-02 07:08:21,50270.9,22.3593,0.87899
2026-09-02 07:08:31,50280.9,22.3359,0.87893
2026-09-02 07:08:41,50290.6,22.3593,0.87887
2026-09-02 07:08:51,50300.6,22.3593,0.87880
2026-09-02 07:09:01,50310.7,22.3671,0.87874
2026-09-02 07:09:11,50320.8,22.3593,0.87867
2026-09-02 07:09:21,50330.8,22.3515,0.87862
2026-09-02 07:09:31,50340.9,22.3359,0.87857
2026-09-02 07:09:41,50350.6,22.3671,0.87851
2026-09-02 07:09:51,50360.6,22.3593,0.87845
2026-09-02 07:10:01,50370.7,22.3359,0.87838
2026-09-02 07:10:11,50380.8,22.3671,0.87832
2026-09-02 07:10:21,50390.8,22.3515,0.87826
2026-09-02 07:10:31,50400.9,22.3515,0.87820
2026-09-02 07:10:41,50410.5,22.3281,0.87814
2026-09-02 07:10:51,50420.6,22.3515,0.87809
2026-09-02 07:11:01,50430.7,22.3359,0.87803
2026-09-02 07:11:11,50440.7,22.3593,0.87798
2026-09-02 07:11:21,50450.8,22.3515,0.87792
2026-09-02 07:11:31,50460.8,22.3593,0.87786
2026-09-02 07:11:41,50470.5,22.3593,0.87779
2026-09-02 07:11:51,50480.6,22.3593,0.87773
2026-09-02 07:12:01,50490.6,22.3359,0.87766
2026-09-02 07:12:11,50500.7,22.3359,0.87761
2026-09-02 07:12:21,50510.8,22.3593,0.87755
2026-09-02 07:12:31,50520.8,22.3515,0.87749
2026-09-02 07:12:41,50530.9,22.3671,0.87745
2026-09-02 07:12:51,50540.5,22.3593,0.87740
2026-09-02 07:13:01,50550.6,22.3593,0.87735
2026-09-02 07:13:11,50560.7,22.3515,0.87730
2026-09-02 07:13:21,50570.7,22.3359,0.87725
2026-09-02 07:13:31,50580.8,22.3359,0.87718
2026-09-02 07:13:41,50590.8,22.3671,0.87712
2026-09-02 07:13:51,50600.5,22.3281,0.87707
2026-09-02 07:14:01,50610.6,22.3515,0.87701
2026-09-02 07:14:11,50620.6,22.3593,0.87696
2026-09-02 07:14:21,50630.7,22.3671,0.87691
2026-09-02 07:14:31,50640.8,22.3359,0.87685
2026-09-02 07:14:41,50650.8,22.3359,0.87678
2026-09-02 07:14:51,50660.5,22.3515,0.87672
2026-09-02 07:15:01,50670.5,22.3750,0.87666
2026-09-02 07:15:11,50680.6,22.3281,0.87659
2026-09-02 07:15:21,50690.7,22.3515,0.87654
2026-09-02 07:15:31,50700.7,22.3593,0.87647
2026-09-02 07:15:41,50710.8,22.3359,0.87642
2026-09-02 07:15:51,50720.5,22.3515,0.87636
2026-09-02 07:16:01,50730.5,22.3359,0.87630
2026-09-02 07:16:11,50740.6,22.3515,0.87625
2026-09-02 07:16:21,50750.6,22.3593,0.87619
2026-09-02 07:16:31,50760.7,22.3281,0.87612
2026-09-02 07:16:41,50770.8,22.3359,0.87608
2026-09-02 07:16:51,50780.4,22.3359,0.87602
2026-09-02 07:17:01,50790.5,22.3359,0.87596
2026-09-02 07:17:11,50800.5,22.3593,0.87589
2026-09-02 07:17:21,50810.6,22.3593,0.87583
2026-09-02 07:17:31,50820.7,22.3359,0.87578
2026-09-02 07:17:41,50830.7,22.3593,0.87572
2026-09-02 07:17:51,50840.4,22.3359,0.87567
2026-09-02 07:18:01,50850.5,22.3359,0.87560
2026-09-02 07:18:11,50860.5,22.3593,0.87554
2026-09-02 07:18:21,50870.6,22.3593,0.87549
2026-09-02 07:18:31,50880.7,22.3359,0.87543
2026-09-02 07:18:41,50890.7,22.3515,0.87537
2026-09-02 07:18:51,50900.4,22.3593,0.87530
2026-09-02 07:19:01,50910.4,22.3515,0.87524
2026-09-02 07:19:11,50920.5,22.3203,0.87518
2026-09-02 07:19:21,50930.6,22.3359,0.87513
2026-09-02 07:19:31,50940.6,22.3359,0.87508
2026-09-02 07:19:41,50950.7,22.3203,0.87502
2026-09-02 07:19:51,50960.3,22.3515,0.87497
2026-09-02 07:20:01,50970.4,22.3515,0.87490
2026-09-02 07:20:11,50980.5,22.3515,0.87485
2026-09-02 07:20:21,50990.5,22.3359,0.87478
2026-09-02 07:20:31,51000.6,22.3515,0.87473
2026-09-02 07:20:41,51010.7,22.3359,0.87467
2026-09-02 07:20:51,51020.3,22.3281,0.87461
2026-09-02 07:21:01,51030.4,22.3281,0.87455
2026-09-02 07:21:11,51040.4,22.3359,0.87449
2026-09-02 07:21:21,51050.5,22.3359,0.87443
2026-09-02 07:21:31,51060.6,22.3593,0.87437
2026-09-02 07:21:41,51070.6,22.3281,0.87433
2026-09-02 07:21:51,51080.3,22.3515,0.87428
2026-09-02 07:22:01,51090.4,22.3203,0.87422
2026-09-02 07:22:11,51100.4,22.3359,0.87417
2026-09-02 07:22:21,51110.5,22.3515,0.87412
2026-09-02 07:22:31,51120.5,22.3203,0.87407
2026-09-02 07:22:41,51130.6,22.3281,0.87402
2026-09-02 07:22:51,51140.3,22.3281,0.87397
2026-09-02 07:23:01,51150.3,22.3359,0.87392
2026-09-02 07:23:11,51160.4,22.3281,0.87387
2026-09-02 07:23:21,51170.5,22.3281,0.87384
2026-09-02 07:23:31,51180.5,22.3281,0.87380
2026-09-02 07:23:41,51190.6,22.3203,0.87375
2026-09-02 07:23:51,51200.6,22.3203,0.87370
2026-09-02 07:24:01,51210.3,22.3281,0.87364
2026-09-02 07:24:11,51220.4,22.3203,0.87358
2026-09-02 07:24:21,51230.4,22.3203,0.87353
2026-09-02 07:24:31,51240.5,22.3203,0.87348
2026-09-02 07:24:41,51250.5,22.3281,0.87342
2026-09-02 07:24:51,51260.6,22.3281,0.87337
2026-09-02 07:25:01,51270.3,22.3203,0.87332
2026-09-02 07:25:11,51280.3,22.3125,0.87327
2026-09-02 07:25:21,51290.4,22.3203,0.87322
2026-09-02 07:25:31,51300.5,22.3046,0.87317
2026-09-02 07:25:41,51310.5,22.3281,0.87311
2026-09-02 07:25:51,51320.6,22.3359,0.87307
2026-09-02 07:26:01,51330.2,22.3125,0.87301
2026-09-02 07:26:11,51340.3,22.3281,0.87296
2026-09-02 07:26:21,51350.4,22.3281,0.87291
2026-09-02 07:26:31,51360.4,22.3203,0.87285
2026-09-02 07:26:41,51370.5,22.3203,0.87280
2026-09-02 07:26:51,51380.5,22.3281,0.87274
2026-09-02 07:27:00,51390.2,22.3203,0.87270
2026-09-02 07:27:11,51400.3,22.3359,0.87266
2026-09-02 07:27:21,51410.3,22.3515,0.87261
2026-09-02 07:27:31,51420.4,22.3125,0.87256
2026-09-02 07:27:41,51430.5,22.3281,0.87251
2026-09-02 07:27:51,51440.5,22.3203,0.87246
2026-09-02 07:28:00,51450.2,22.3281,0.87242
2026-09-02 07:28:11,51460.2,22.3203,0.87237
2026-09-02 07:28:21,51470.3,22.3515,0.87232
2026-09-02 07:28:31,51480.4,22.3203,0.87227
2026-09-02 07:28:41,51490.4,22.3359,0.87221
2026-09-02 07:28:51,51500.5,22.3359,0.87216
2026-09-02 07:29:00,51510.2,22.3203,0.87212
2026-09-02 07:29:10,51520.2,22.3359,0.87207
2026-09-02 07:29:21,51530.3,22.3281,0.87202
2026-09-02 07:29:31,51540.3,22.3203,0.87197
2026-09-02 07:29:41,51550.4,22.3359,0.87192
2026-09-02 07:29:51,51560.5,22.3203,0.87188
2026-09-02 07:30:00,51570.1,22.3203,0.87184
2026-09-02 07:30:10,51580.2,22.3203,0.87179
2026-09-02 07:30:21,51590.2,22.3359,0.87175
2026-09-02 07:30:31,51600.3,22.3203,0.87170
2026-09-02 07:30:41,51610.4,22.3281,0.87163
2026-09-02 07:30:51,51620.4,22.3281,0.87157
2026-09-02 07:31:00,51630.1,22.2968,0.87151
2026-09-02 07:31:10,51640.2,22.3125,0.87143
2026-09-02 07:31:20,51650.2,22.3281,0.87137
2026-09-02 07:31:31,51660.3,22.3203,0.87131
2026-09-02 07:31:41,51670.4,22.3125,0.87126
2026-09-02 07:31:50,51680.0,22.3125,0.87122
2026-09-02 07:32:00,51690.1,22.3359,0.87117
2026-09-02 07:32:10,51700.1,22.3203,0.87112
2026-09-02 07:32:20,51710.2,22.3281,0.87108
2026-09-02 07:32:31,51720.3,22.2968,0.87103
2026-09-02 07:32:41,51730.3,22.3125,0.87097
2026-09-02 07:32:50,51740.0,22.3203,0.87093
2026-09-02 07:33:00,51750.0,22.3203,0.87088
2026-09-02 07:33:10,51760.1,22.3125,0.87083
2026-09-02 07:33:20,51770.2,22.3125,0.87079
2026-09-02 07:33:31,51780.2,22.3125,0.87074
2026-09-02 07:33:41,51790.3,22.3281,0.87069
2026-09-02 07:33:50,51800.0,22.3046,0.87064
2026-09-02 07:34:00,51810.0,22.3203,0.87060
2026-09-02 07:34:10,51820.1,22.3359,0.87055
2026-09-02 07:34:20,51830.1,22.3203,0.87051
2026-09-02 07:34:30,51840.2,22.3125,0.87046
2026-09-02 07:34:41,51850.3,22.3281,0.87041
2026-09-02 07:34:51,51860.3,22.3203,0.87036
2026-09-02 07:35:00,51870.0,22.3281,0.87032
2026-09-02 07:35:10,51880.1,22.3281,0.87028
2026-09-02 07:35:20,51890.1,22.3281,0.87024
2026-09-02 07:35:30,51900.2,22.3046,0.87019
2026-09-02 07:35:41,51910.2,22.3203,0.87014
2026-09-02 07:35:51,51920.3,22.3359,0.87010
2026-09-02 07:36:00,51930.0,22.3203,0.87005
2026-09-02 07:36:10,51940.0,22.3281,0.87001
2026-09-02 07:36:20,51950.1,22.3281,0.86996
2026-09-02 07:36:30,51960.2,22.3281,0.86990
2026-09-02 07:36:40,51970.2,22.3125,0.86986
2026-09-02 07:36:51,51980.3,22.3203,0.86981
2026-09-02 07:37:00,51989.9,22.3125,0.86976
2026-09-02 07:37:10,52000.0,22.3203,0.86971
2026-09-02 07:37:20,52010.1,22.3203,0.86966
2026-09-02 07:37:30,52020.1,22.3359,0.86961
2026-09-02 07:37:40,52030.2,22.3281,0.86958
2026-09-02 07:37:51,52040.2,22.3281,0.86954
2026-09-02 07:38:00,52049.9,22.3203,0.86949
2026-09-02 07:38:10,52060.0,22.3281,0.86944
2026-09-02 07:38:20,52070.0,22.3203,0.86939
2026-09-02 07:38:30,52080.1,22.3359,0.86935
2026-09-02 07:38:40,52090.2,22.3359,0.86931
2026-09-02 07:38:50,52100.2,22.3281,0.86928
2026-09-02 07:39:00,52109.9,22.3359,0.86924
2026-09-02 07:39:10,52120.0,22.3125,0.86920
2026-09-02 07:39:20,52130.0,22.3359,0.86915
2026-09-02 07:39:30,52140.1,22.3125,0.86911
2026-09-02 07:39:40,52150.1,22.3281,0.86907
2026-09-02 07:39:50,52160.2,22.3359,0.86902
2026-09-02 07:40:00,52169.9,22.3125,0.86899
2026-09-02 07:40:10,52179.9,22.3125,0.86895
2026-09-02 07:40:20,52190.0,22.3046,0.86890
2026-09-02 07:40:30,52200.0,22.3203,0.86887
2026-09-02 07:40:40,52210.1,22.3203,0.86883
2026-09-02 07:40:50,52220.2,22.3203,0.86879
2026-09-02 07:41:00,52229.8,22.3203,0.86874
2026-09-02 07:41:10,52239.9,22.3359,0.86869
2026-09-02 07:41:20,52250.0,22.3203,0.86864
2026-09-02 07:41:30,52260.0,22.3281,0.86859
2026-09-02 07:41:40,52270.1,22.3203,0.86855
2026-09-02 07:41:50,52280.1,22.3125,0.86850
2026-09-02 07:42:00,52289.8,22.3281,0.86846
2026-09-02 07:42:10,52299.9,22.3359,0.86841
2026-09-02 07:42:20,52309.9,22.3203,0.86837
2026-09-02 07:42:30,52320.0,22.3125,0.86832
2026-09-02 07:42:40,52330.0,22.3515,0.86827
2026-09-02 07:42:50,52339.7,22.3281,0.86823
2026-09-02 07:43:00,52349.8,22.3125,0.86819
2026-09-02 07:43:10,52359.8,22.3203,0.86815
2026-09-02 07:43:20,52369.9,22.3359,0.86811
2026-09-02 07:43:30,52380.0,22.3281,0.86807
2026-09-02 07:43:40,52389.6,22.3359,0.86802
2026-09-02 07:43:50,52399.7,22.3203,0.86799
2026-09-02 07:44:00,52409.8,22.3359,0.86795
2026-09-02 07:44:10,52419.8,22.3203,0.86792
2026-09-02 07:44:20,52429.9,22.3203,0.86788
2026-09-02 07:44:30,52439.9,22.3359,0.86786
2026-09-02 07:44:40,52449.6,22.3281,0.86782
2026-09-02 07:44:50,52459.7,22.3203,0.86779
2026-09-02 07:45:00,52469.7,22.3203,0.86774
2026-09-02 07:45:10,52479.8,22.3125,0.86769
2026-09-02 07:45:20,52489.8,22.3203,0.86764
2026-09-02 07:45:30,52499.9,22.3359,0.86759
2026-09-02 07:45:40,52509.6,22.3359,0.86756
2026-09-02 07:45:50,52519.6,22.3203,0.86751
2026-09-02 07:46:00,52529.7,22.3281,0.86747
2026-09-02 07:46:10,52539.8,22.3046,0.86743
2026-09-02 07:46:20,52549.8,22.3203,0.86739
2026-09-02 07:46:30,52559.9,22.3281,0.86736
2026-09-02 07:46:40,52569.5,22.3281,0.86731
2026-09-02 07:46:50,52579.6,22.3359,0.86727
2026-09-02 07:47:00,52589.7,22.3125,0.86723
2026-09-02 07:47:10,52599.7,22.3359,0.86718
2026-09-02 07:47:20,52609.8,22.3203,0.86714
2026-09-02 07:47:30,52619.5,22.3281,0.86709
2026-09-02 07:47:40,52629.5,22.3281,0.86704
2026-09-02 07:47:50,52639.6,22.3281,0.86700
2026-09-02 07:48:00,52649.6,22.3203,0.86696
2026-09-02 07:48:10,52659.7,22.3281,0.86691
2026-09-02 07:48:20,52669.4,22.3203,0.86687
2026-09-02 07:48:30,52679.4,22.3593,0.86683
2026-09-02 07:48:40,52689.5,22.3125,0.86679
2026-09-02 07:48:50,52699.5,22.3359,0.86675
2026-09-02 07:49:00,52709.6,22.3515,0.86670
2026-09-02 07:49:10,52719.7,22.3046,0.86666
2026-09-02 07:49:20,52729.3,22.3203,0.86663
2026-09-02 07:49:30,52739.4,22.3359,0.86659
2026-09-02 07:49:40,52749.5,22.3281,0.86655
2026-09-02 07:49:50,52759.5,22.3593,0.86651
2026-09-02 07:50:00,52769.6,22.3281,0.86647
2026-09-02 07:50:10,52779.6,22.3515,0.86642
2026-09-02 07:50:20,52789.3,22.3203,0.86639
2026-09-02 07:50:30,52799.4,22.3281,0.86634
2026-09-02 07:50:40,52809.4,22.3281,0.86630
2026-09-02 07:50:50,52819.5,22.3281,0.86627
2026-09-02 07:51:00,52829.5,22.3281,0.86623
2026-09-02 07:51:09,52839.2,22.3125,0.86619
2026-09-02 07:51:20,52849.3,22.3281,0.86616
2026-09-02 07:51:30,52859.3,22.3515,0.86612
2026-09-02 07:51:40,52869.4,22.3593,0.86609
2026-09-02 07:51:50,52879.5,22.3281,0.86606
2026-09-02 07:52:00,52889.5,22.3359,0.86602
2026-09-02 07:52:09,52899.2,22.3281,0.86598
2026-09-02 07:52:20,52909.2,22.3203,0.86594
2026-09-02 07:52:30,52919.3,22.3281,0.86590
2026-09-02 07:52:40,52929.4,22.3281,0.86586
2026-09-02 07:52:50,52939.4,22.3359,0.86582
2026-09-02 07:52:59,52949.1,22.3281,0.86578
2026-09-02 07:53:09,52959.2,22.3515,0.86574
2026-09-02 07:53:19,52969.2,22.3203,0.86570
2026-09-02 07:53:30,52979.3,22.3281,0.86565
2026-09-02 07:53:40,52989.3,22.3359,0.86560
2026-09-02 07:53:50,52999.4,22.3281,0.86555
2026-09-02 07:53:59,53009.1,22.3359,0.86551
2026-09-02 07:54:09,53019.1,22.3203,0.86547
2026-09-02 07:54:19,53029.2,22.3359,0.86544
2026-09-02 07:54:30,53039.2,22.3593,0.86540
2026-09-02 07:54:40,53049.3,22.3281,0.86536
2026-09-02 07:54:49,53059.0,22.3281,0.86533
2026-09-02 07:54:59,53069.0,22.3515,0.86529
2026-09-02 07:55:09,53079.1,22.3281,0.86526
2026-09-02 07:55:19,53089.2,22.3125,0.86521
2026-09-02 07:55:29,53099.2,22.3359,0.86517
2026-09-02 07:55:40,53109.3,22.3281,0.86513
2026-09-02 07:55:49,53119.0,22.3359,0.86509
2026-09-02 07:55:59,53129.0,22.3359,0.86505
2026-09-02 07:56:09,53139.1,22.3359,0.86501
2026-09-02 07:56:19,53149.1,22.3593,0.86497
2026-09-02 07:56:29,53159.2,22.3593,0.86494
2026-09-02 07:56:39,53168.9,22.3359,0.86490
2026-09-02 07:56:49,53178.9,22.3515,0.86486
2026-09-02 07:56:59,53189.0,22.3593,0.86482
2026-09-02 07:57:09,53199.0,22.3359,0.86479
2026-09-02 07:57:19,53209.1,22.3593,0.86474
2026-09-02 07:57:29,53219.2,22.3515,0.86470
2026-09-02 07:57:39,53228.8,22.3359,0.86467
2026-09-02 07:57:49,53238.9,22.3359,0.86461
2026-09-02 07:57:59,53249.0,22.3359,0.86457
2026-09-02 07:58:09,53259.0,22.3359,0.86454
2026-09-02 07:58:19,53269.1,22.3515,0.86449
2026-09-02 07:58:29,53278.8,22.3281,0.86445
2026-09-02 07:58:39,53288.8,22.3359,0.86440
2026-09-02 07:58:49,53298.9,22.3281,0.86437
2026-09-02 07:58:59,53308.9,22.3671,0.86434
2026-09-02 07:59:09,53319.0,22.3515,0.86430
2026-09-02 07:59:19,53329.1,22.3359,0.86427
2026-09-02 07:59:29,53338.7,22.3359,0.86424
2026-09-02 07:59:39,53348.8,22.3515,0.86421
2026-09-02 07:59:49,53358.8,22.3515,0.86418
2026-09-02 07:59:59,53368.9,22.3359,0.86415
2026-09-02 08:00:09,53379.0,22.3281,0.86411
2026-09-02 08:00:19,53388.6,22.3593,0.86407
2026-09-02 08:00:29,53398.7,22.3281,0.86403
2026-09-02 08:00:39,53408.8,22.3281,0.86399
2026-09-02 08:00:49,53418.8,22.3515,0.86395
2026-09-02 08:00:59,53428.9,22.3515,0.86391
2026-09-02 08:01:09,53438.9,22.3671,0.86387
2026-09-02 08:01:19,53448.6,22.3593,0.86383
2026-09-02 08:01:29,53458.7,22.3671,0.86379
2026-09-02 08:01:39,53468.7,22.3593,0.86375
2026-09-02 08:01:49,53478.8,22.3359,0.86370
2026-09-02 08:01:59,53488.8,22.3593,0.86365
2026-09-02 08:02:09,53498.5,22.3359,0.86361
2026-09-02 08:02:19,53508.6,22.3359,0.86357
2026-09-02 08:02:29,53518.6,22.3515,0.86353
2026-09-02 08:02:39,53528.7,22.3515,0.86349
2026-09-02 08:02:49,53538.8,22.3515,0.86346
2026-09-02 08:02:59,53548.4,22.3593,0.86344
2026-09-02 08:03:09,53558.5,22.3515,0.86342
2026-09-02 08:03:19,53568.5,22.3593,0.86339
2026-09-02 08:03:29,53578.6,22.3515,0.86336
2026-09-02 08:03:39,53588.7,22.3593,0.86334
2026-09-02 08:03:49,53598.7,22.3593,0.86331
2026-09-02 08:03:59,53608.4,22.3593,0.86328
2026-09-02 08:04:09,53618.5,22.3593,0.86324
2026-09-02 08:04:19,53628.5,22.3515,0.86320
2026-09-02 08:04:29,53638.6,22.3593,0.86318
2026-09-02 08:04:39,53648.6,22.3671,0.86314
2026-09-02 08:04:49,53658.3,22.3359,0.86311
2026-09-02 08:04:59,53668.4,22.3671,0.86308
2026-09-02 08:05:09,53678.4,22.3515,0.86304
2026-09-02 08:05:19,53688.5,22.3593,0.86302
2026-09-02 08:05:29,53698.5,22.3515,0.86298
2026-09-02 08:05:39,53708.6,22.3593,0.86296
2026-09-02 08:05:49,53718.3,22.3593,0.86293
2026-09-02 08:05:59,53728.3,22.3593,0.86290
2026-09-02 08:06:09,53738.4,22.3359,0.86287
2026-09-02 08:06:19,53748.5,22.3750,0.86284
2026-09-02 08:06:29,53758.5,22.3593,0.86281
2026-09-02 08:06:39,53768.6,22.3593,0.86278
2026-09-02 08:06:49,53778.2,22.3593,0.86274
2026-09-02 08:06:59,53788.3,22.3750,0.86271
2026-09-02 08:07:09,53798.4,22.3515,0.86269
2026-09-02 08:07:19,53808.4,22.3593,0.86266
2026-09-02 08:07:29,53818.5,22.3515,0.86262
2026-09-02 08:07:38,53828.2,22.3593,0.86259
2026-09-02 08:07:48,53838.2,22.3515,0.86257
2026-09-02 08:07:59,53848.3,22.3593,0.86254
2026-09-02 08:08:09,53858.3,22.3359,0.86251
2026-09-02 08:08:19,53868.4,22.3515,0.86248
2026-09-02 08:08:29,53878.5,22.3359,0.86245
2026-09-02 08:08:38,53888.1,22.3593,0.86241
2026-09-02 08:08:48,53898.2,22.3515,0.86236
2026-09-02 08:08:59,53908.2,22.3593,0.86233
2026-09-02 08:09:09,53918.3,22.3515,0.86229
2026-09-02 08:09:19,53928.4,22.3281,0.86225
2026-09-02 08:09:28,53938.0,22.3671,0.86220
2026-09-02 08:09:38,53948.1,22.3515,0.86217
2026-09-02 08:09:48,53958.2,22.3515,0.86215
2026-09-02 08:09:58,53968.2,22.3515,0.86212
2026-09-02 08:10:09,53978.3,22.3359,0.86208
2026-09-02 08:10:19,53988.3,22.3281,0.86205
2026-09-02 08:10:28,53998.0,22.3359,0.86201
2026-09-02 08:10:38,54008.1,22.3359,0.86198
2026-09-02 08:10:48,54018.1,22.3281,0.86193
2026-09-02 08:10:58,54028.2,22.3515,0.86190
2026-09-02 08:11:09,54038.3,22.3359,0.86186
2026-09-02 08:11:19,54048.3,22.3281,0.86183
2026-09-02 08:11:28,54058.0,22.3281,0.86180
2026-09-02 08:11:38,54068.0,22.3203,0.86176
2026-09-02 08:11:48,54078.1,22.3125,0.86173
2026-09-02 08:11:58,54088.2,22.3281,0.86170
2026-09-02 08:12:08,54098.2,22.3281,0.86166
2026-09-02 08:12:18,54107.9,22.3203,0.86163
2026-09-02 08:12:28,54118.0,22.3281,0.86160
2026-09-02 08:12:38,54128.0,22.3359,0.86157
2026-09-02 08:12:48,54138.1,22.3203,0.86154
2026-09-02 08:12:58,54148.1,22.3281,0.86151
2026-09-02 08:13:08,54158.2,22.3125,0.86148
2026-09-02 08:13:18,54167.9,22.3125,0.86146
2026-09-02 08:13:28,54177.9,22.3125,0.86143
2026-09-02 08:13:38,54188.0,22.3203,0.86139
2026-09-02 08:13:48,54198.0,22.3281,0.86135
2026-09-02 08:13:58,54208.1,22.3203,0.86130
2026-09-02 08:14:08,54218.2,22.3203,0.86127
2026-09-02 08:14:18,54227.8,22.3203,0.86122
2026-09-02 08:14:28,54237.9,22.3203,0.86119
2026-09-02 08:14:38,54248.0,22.3203,0.86115
2026-09-02 08:14:48,54258.0,22.3203,0.86111
2026-09-02 08:14:58,54268.1,22.3203,0.86107
2026-09-02 08:15:08,54278.2,22.3203,0.86103
2026-09-02 08:15:18,54287.8,22.3203,0.86099
2026-09-02 08:15:28,54297.9,22.3203,0.86095
2026-09-02 08:15:38,54307.9,22.2968,0.86092
2026-09-02 08:15:48,54318.0,22.3046,0.86088
2026-09-02 08:15:58,54328.1,22.3203,0.86085
2026-09-02 08:16:08,54338.1,22.3125,0.86081
2026-09-02 08:16:18,54347.8,22.3203,0.86078
2026-09-02 08:16:28,54357.8,22.3125,0.86074
2026-09-02 08:16:38,54367.9,22.3125,0.86071
2026-09-02 08:16:48,54378.0,22.2968,0.86067
2026-09-02 08:16:58,54388.0,22.3046,0.86063
2026-09-02 08:17:08,54397.7,22.3046,0.86060
2026-09-02 08:17:18,54407.8,22.3046,0.86057
2026-09-02 08:17:28,54417.8,22.2968,0.86054
2026-09-02 08:17:38,54427.9,22.2968,0.86052
2026-09-02 08:17:48,54437.9,22.3046,0.86049
2026-09-02 08:17:58,54448.0,22.3125,0.86046
2026-09-02 08:18:08,54457.7,22.2890,0.86043
2026-09-02 08:18:18,54467.7,22.2890,0.86040
2026-09-02 08:18:28,54477.8,22.2890,0.86036
2026-09-02 08:18:38,54487.8,22.3125,0.86032
2026-09-02 08:18:48,54497.9,22.2968,0.86029
2026-09-02 08:18:58,54507.6,22.3046,0.86026
2026-09-02 08:19:08,54517.6,22.3046,0.86022
2026-09-02 08:19:18,54527.7,22.3203,0.86019
2026-09-02 08:19:28,54537.8,22.3046,0.86015
2026-09-02 08:19:38,54547.8,22.3046,0.86012
2026-09-02 08:19:48,54557.9,22.3125,0.86009
2026-09-02 08:19:58,54567.5,22.3125,0.86006
2026-09-02 08:20:08,54577.6,22.3125,0.86001
2026-09-02 08:20:18,54587.7,22.3046,0.85997
2026-09-02 08:20:28,54597.7,22.3046,0.85993
2026-09-02 08:20:38,54607.8,22.3046,0.85990
2026-09-02 08:20:48,54617.9,22.3046,0.85986
2026-09-02 08:20:58,54627.5,22.3046,0.85983
2026-09-02 08:21:08,54637.6,22.2968,0.85979
2026-09-02 08:21:18,54647.6,22.3203,0.85975
2026-09-02 08:21:28,54657.7,22.2968,0.85972
2026-09-02 08:21:38,54667.8,22.3046,0.85968
2026-09-02 08:21:48,54677.8,22.3046,0.85964
2026-09-02 08:21:58,54687.5,22.2890,0.85959
2026-09-02 08:22:08,54697.5,22.2968,0.85956
2026-09-02 08:22:18,54707.6,22.3046,0.85952
2026-09-02 08:22:28,54717.7,22.2890,0.85948
2026-09-02 08:22:38,54727.7,22.3125,0.85944
2026-09-02 08:22:48,54737.4,22.3046,0.85941
2026-09-02 08:22:58,54747.5,22.3046,0.85938
2026-09-02 08:23:08,54757.5,22.2968,0.85934
2026-09-02 08:23:18,54767.6,22.3125,0.85931
2026-09-02 08:23:28,54777.7,22.2968,0.85927
2026-09-02 08:23:38,54787.7,22.3203,0.85924
2026-09-02 08:23:48,54797.4,22.2968,0.85920
2026-09-02 08:23:58,54807.4,22.3046,0.85917
2026-09-02 08:24:08,54817.5,22.2890,0.85914
2026-09-02 08:24:18,54827.6,22.2968,0.85911
2026-09-02 08:24:28,54837.6,22.3046,0.85909
2026-09-02 08:24:38,54847.7,22.3046,0.85905
2026-09-02 08:24:48,54857.3,22.2968,0.85902
2026-09-02 08:24:58,54867.4,22.2968,0.85899
2026-09-02 08:25:08,54877.5,22.2968,0.85896
2026-09-02 08:25:18,54887.5,22.2968,0.85893
2026-09-02 08:25:28,54897.6,22.3125,0.85890
2026-09-02 08:25:38,54907.7,22.2890,0.85885
2026-09-02 08:25:48,54917.3,22.2968,0.85882
2026-09-02 08:25:58,54927.4,22.3046,0.85880
2026-09-02 08:26:08,54937.4,22.2890,0.85878
2026-09-02 08:26:18,54947.5,22.3046,0.85875
2026-09-02 08:26:28,54957.6,22.3125,0.85873
2026-09-02 08:26:38,54967.6,22.3125,0.85870
2026-09-02 08:26:48,54977.3,22.2812,0.85867
2026-09-02 08:26:58,54987.4,22.2968,0.85865
2026-09-02 08:27:08,54997.4,22.2890,0.85862
2026-09-02 08:27:18,55007.5,22.3125,0.85859
2026-09-02 08:27:28,55017.5,22.3046,0.85855
2026-09-02 08:27:37,55027.2,22.2890,0.85851
2026-09-02 08:27:48,55037.3,22.2968,0.85848
2026-09-02 08:27:58,55047.3,22.3046,0.85844
2026-09-02 08:28:08,55057.4,22.2890,0.85841
2026-09-02 08:28:18,55067.5,22.3046,0.85838
2026-09-02 08:28:28,55077.5,22.2890,0.85834
2026-09-02 08:28:37,55087.2,22.3125,0.85831
2026-09-02 08:28:48,55097.2,22.2890,0.85828
2026-09-02 08:28:58,55107.3,22.2890,0.85825
2026-09-02 08:29:08,55117.4,22.2812,0.85821
2026-09-02 08:29:18,55127.4,22.3046,0.85817
2026-09-02 08:29:28,55137.5,22.2968,0.85814
2026-09-02 08:29:37,55147.1,22.2812,0.85811
2026-09-02 08:29:47,55157.2,22.3046,0.85808
2026-09-02 08:29:58,55167.3,22.2890,0.85806
2026-09-02 08:30:08,55177.3,22.3125,0.85802
2026-09-02 08:30:18,55187.4,22.2890,0.85799
2026-09-02 08:30:28,55197.5,22.2968,0.85796
2026-09-02 08:30:37,55207.1,22.2968,0.85793
2026-09-02 08:30:47,55217.2,22.2812,0.85790
2026-09-02 08:30:58,55227.2,22.3046,0.85787
2026-09-02 08:31:08,55237.3,22.2812,0.85784
2026-09-02 08:31:18,55247.4,22.2812,0.85782
2026-09-02 08:31:27,55257.0,22.3046,0.85780
2026-09-02 08:31:37,55267.1,22.3046,0.85777
2026-09-02 08:31:47,55277.2,22.3046,0.85773
2026-09-02 08:31:57,55287.2,22.2968,0.85770
2026-09-02 08:32:08,55297.3,22.2812,0.85767
2026-09-02 08:32:18,55307.3,22.2890,0.85764
2026-09-02 08:32:27,55317.0,22.2890,0.85762
2026-09-02 08:32:37,55327.1,22.2968,0.85758
2026-09-02 08:32:47,55337.1,22.2812,0.85755
2026-09-02 08:32:57,55347.2,22.3046,0.85752
2026-09-02 08:33:08,55357.2,22.2890,0.85749
2026-09-02 08:33:18,55367.3,22.2968,0.85745
2026-09-02 08:33:27,55377.0,22.2968,0.85742
2026-09-02 08:33:37,55387.0,22.2968,0.85738
2026-09-02 08:33:47,55397.1,22.2890,0.85736
2026-09-02 08:33:57,55407.2,22.2890,0.85733
2026-09-02 08:34:07,55417.2,22.3046,0.85731
2026-09-02 08:34:18,55427.3,22.2968,0.85728
2026-09-02 08:34:27,55436.9,22.2890,0.85725
2026-09-02 08:34:37,55447.0,22.2968,0.85723
2026-09-02 08:34:47,55457.1,22.2890,0.85720
2026-09-02 08:34:57,55467.1,22.2968,0.85716
2026-09-02 08:35:07,55477.2,22.2968,0.85714
2026-09-02 08:35:18,55487.2,22.3046,0.85710
2026-09-02 08:35:27,55496.9,22.2968,0.85707
2026-09-02 08:35:37,55507.0,22.3046,0.85703
2026-09-02 08:35:47,55517.0,22.2890,0.85701
2026-09-02 08:35:57,55527.1,22.2968,0.85697
2026-09-02 08:36:07,55537.2,22.2968,0.85695
2026-09-02 08:36:17,55547.2,22.2890,0.85692
2026-09-02 08:36:27,55556.9,22.2890,0.85689
2026-09-02 08:36:37,55567.0,22.2968,0.85686
2026-09-02 08:36:47,55577.0,22.3125,0.85683
2026-09-02 08:36:57,55587.1,22.3125,0.85680
2026-09-02 08:37:07,55597.1,22.3125,0.85677
2026-09-02 08:37:17,55607.2,22.3046,0.85674
2026-09-02 08:37:27,55616.9,22.2968,0.85670
2026-09-02 08:37:37,55626.9,22.3046,0.85668
2026-09-02 08:37:47,55637.0,22.3046,0.85666
2026-09-02 08:37:57,55647.0,22.3046,0.85664
2026-09-02 08:38:07,55657.1,22.2968,0.85660
2026-09-02 08:38:17,55667.2,22.3203,0.85657
2026-09-02 08:38:27,55676.8,22.2968,0.85654
2026-09-02 08:38:37,55686.9,22.3125,0.85651
2026-09-02 08:38:47,55697.0,22.2968,0.85648
2026-09-02 08:38:57,55707.0,22.3125,0.85645
2026-09-02 08:39:07,55717.1,22.3125,0.85642
2026-09-02 08:39:17,55726.8,22.2968,0.85639
2026-09-02 08:39:27,55736.8,22.2968,0.85636
2026-09-02 08:39:37,55746.9,22.3046,0.85633
2026-09-02 08:39:47,55756.9,22.2968,0.85630
2026-09-02 08:39:57,55767.0,22.2890,0.85627
2026-09-02 08:40:07,55777.1,22.3046,0.85624
2026-09-02 08:40:17,55786.7,22.3125,0.85621
2026-09-02 08:40:27,55796.8,22.2968,0.85619
2026-09-02 08:40:37,55806.8,22.2968,0.85616
2026-09-02 08:40:47,55816.9,22.3046,0.85613
2026-09-02 08:40:57,55827.0,22.3046,0.85607
2026-09-02 08:41:07,55837.0,22.2968,0.85602
2026-09-02 08:41:17,55846.7,22.3046,0.85600
2026-09-02 08:41:27,55856.8,22.3046,0.85597
2026-09-02 08:41:37,55866.8,22.2968,0.85594
2026-09-02 08:41:47,55876.9,22.2968,0.85590
2026-09-02 08:41:57,55886.9,22.2890,0.85588
2026-09-02 08:42:07,55897.0,22.2890,0.85585
2026-09-02 08:42:17,55907.1,22.2968,0.85583
2026-09-02 08:42:27,55916.7,22.3046,0.85582
2026-09-02 08:42:37,55926.8,22.3046,0.85579
2026-09-02 08:42:47,55936.8,22.2968,0.85576
2026-09-02 08:42:57,55946.9,22.2812,0.85573
2026-09-02 08:43:07,55957.0,22.3125,0.85570
2026-09-02 08:43:17,55967.0,22.2890,0.85567
2026-09-02 08:43:27,55976.7,22.2968,0.85564
2026-09-02 08:43:37,55986.8,22.2968,0.85561
2026-09-02 08:43:47,55996.8,22.2968,0.85558
2026-09-02 08:43:57,56006.9,22.2968,0.85556
2026-09-02 08:44:07,56017.0,22.2890,0.85553
2026-09-02 08:44:17,56027.0,22.2812,0.85550
2026-09-02 08:44:27,56036.7,22.2890,0.85548
2026-09-02 08:44:37,56046.7,22.3046,0.85545
2026-09-02 08:44:47,56056.8,22.2968,0.85542
2026-09-02 08:44:57,56066.9,22.3046,0.85540
2026-09-02 08:45:07,56076.9,22.2890,0.85537
2026-09-02 08:45:17,56087.0,22.3125,0.85534
2026-09-02 08:45:27,56096.6,22.3125,0.85531
2026-09-02 08:45:37,56106.7,22.2968,0.85528
2026-09-02 08:45:47,56116.8,22.3046,0.85525
2026-09-02 08:45:57,56126.8,22.2812,0.85521
2026-09-02 08:46:07,56136.9,22.3203,0.85518
2026-09-02 08:46:17,56147.0,22.3203,0.85516
2026-09-02 08:46:27,56156.6,22.3203,0.85514
2026-09-02 08:46:37,56166.7,22.2968,0.85512
2026-09-02 08:46:47,56176.7,22.2890,0.85510
2026-09-02 08:46:57,56186.8,22.3046,0.85509
2026-09-02 08:47:07,56196.9,22.3125,0.85506
2026-09-02 08:47:17,56206.5,22.3125,0.85503
2026-09-02 08:47:27,56216.6,22.3203,0.85501
2026-09-02 08:47:37,56226.7,22.3125,0.85498
2026-09-02 08:47:47,56236.7,22.3281,0.85495
2026-09-02 08:47:57,56246.8,22.2968,0.85491
2026-09-02 08:48:07,56256.8,22.3203,0.85488
2026-09-02 08:48:17,56266.9,22.3125,0.85486
2026-09-02 08:48:27,56276.6,22.3125,0.85484
2026-09-02 08:48:37,56286.6,22.3125,0.85480
2026-09-02 08:48:47,56296.7,22.3203,0.85477
2026-09-02 08:48:57,56306.8,22.3203,0.85473
2026-09-02 08:49:07,56316.8,22.3125,0.85469
2026-09-02 08:49:17,56326.5,22.3203,0.85467
2026-09-02 08:49:27,56336.5,22.3281,0.85465
2026-09-02 08:49:37,56346.6,22.3046,0.85463
2026-09-02 08:49:47,56356.7,22.3203,0.85460
2026-09-02 08:49:57,56366.7,22.3203,0.85458
2026-09-02 08:50:07,56376.8,22.3281,0.85456
2026-09-02 08:50:17,56386.4,22.3203,0.85454
2026-09-02 08:50:27,56396.5,22.3125,0.85452
2026-09-02 08:50:37,56406.6,22.3281,0.85449
2026-09-02 08:50:47,56416.6,22.3046,0.85447
2026-09-02 08:50:57,56426.7,22.3359,0.85445
2026-09-02 08:51:07,56436.8,22.3281,0.85442
2026-09-02 08:51:17,56446.4,22.3203,0.85440
2026-09-02 08:51:27,56456.5,22.3203,0.85437
2026-09-02 08:51:37,56466.5,22.3125,0.85435
2026-09-02 08:51:47,56476.6,22.3281,0.85433
2026-09-02 08:51:57,56486.7,22.3281,0.85431
2026-09-02 08:52:07,56496.7,22.3359,0.85428
2026-09-02 08:52:17,56506.4,22.3515,0.85425
2026-09-02 08:52:27,56516.5,22.3125,0.85422
2026-09-02 08:52:37,56526.5,22.3203,0.85418
2026-09-02 08:52:47,56536.6,22.3359,0.85414
2026-09-02 08:52:57,56546.6,22.3281,0.85411
2026-09-02 08:53:07,56556.7,22.3203,0.85409
2026-09-02 08:53:17,56566.4,22.3281,0.85406
2026-09-02 08:53:27,56576.4,22.3359,0.85403
2026-09-02 08:53:37,56586.5,22.3515,0.85401
2026-09-02 08:53:47,56596.5,22.3515,0.85399
2026-09-02 08:53:57,56606.6,22.3359,0.85397
2026-09-02 08:54:07,56616.7,22.3281,0.85395
2026-09-02 08:54:17,56626.3,22.3281,0.85393
2026-09-02 08:54:27,56636.4,22.3359,0.85390
2026-09-02 08:54:37,56646.5,22.3281,0.85386
2026-09-02 08:54:47,56656.5,22.3515,0.85382
2026-09-02 08:54:57,56666.6,22.3515,0.85380
2026-09-02 08:55:07,56676.6,22.3359,0.85378
2026-09-02 08:55:17,56686.3,22.3515,0.85375
2026-09-02 08:55:27,56696.4,22.3515,0.85372
2026-09-02 08:55:37,56706.4,22.3203,0.85369
2026-09-02 08:55:47,56716.5,22.3203,0.85366
2026-09-02 08:55:57,56726.5,22.3515,0.85364
2026-09-02 08:56:07,56736.6,22.3593,0.85362
2026-09-02 08:56:17,56746.3,22.3515,0.85359
2026-09-02 08:56:27,56756.3,22.3359,0.85357
2026-09-02 08:56:37,56766.4,22.3515,0.85355
2026-09-02 08:56:47,56776.5,22.3359,0.85353
2026-09-02 08:56:57,56786.5,22.3515,0.85351
2026-09-02 08:57:06,56796.2,22.3515,0.85348
2026-09-02 08:57:17,56806.2,22.3359,0.85345
2026-09-02 08:57:27,56816.3,22.3281,0.85343
2026-09-02 08:57:37,56826.4,22.3515,0.85342
2026-09-02 08:57:47,56836.4,22.3359,0.85340
2026-09-02 08:57:57,56846.5,22.3281,0.85338
2026-09-02 08:58:07,56856.6,22.3281,0.85336
2026-09-02 08:58:16,56866.2,22.3515,0.85333
2026-09-02 08:58:27,56876.3,22.3593,0.85330
2026-09-02 08:58:37,56886.3,22.3203,0.85327
2026-09-02 08:58:47,56896.4,22.3281,0.85323
2026-09-02 08:58:57,56906.5,22.3593,0.85320
2026-09-02 08:59:06,56916.1,22.3593,0.85317
2026-09-02 08:59:16,56926.2,22.3671,0.85314
2026-09-02 08:59:27,56936.2,22.3515,0.85311
2026-09-02 08:59:37,56946.3,22.3671,0.85307
2026-09-02 08:59:47,56956.4,22.3515,0.85305
2026-09-02 08:59:57,56966.4,22.3671,0.85301
2026-09-02 09:00:06,56976.1,22.3593,0.85298
2026-09-02 09:00:16,56986.2,22.3671,0.85296
2026-09-02 09:00:26,56996.2,22.3671,0.85293
2026-09-02 09:00:37,57006.3,22.3750,0.85290
2026-09-02 09:00:47,57016.4,22.3828,0.85287
2026-09-02 09:00:57,57026.4,22.3671,0.85285
2026-09-02 09:01:06,57036.1,22.3671,0.85283
2026-09-02 09:01:16,57046.1,22.3750,0.85282
2026-09-02 09:01:26,57056.2,22.3750,0.85279
2026-09-02 09:01:37,57066.3,22.3750,0.85277
2026-09-02 09:01:47,57076.3,22.3750,0.85275
2026-09-02 09:01:57,57086.4,22.3828,0.85272
2026-09-02 09:02:06,57096.0,22.3984,0.85270
2026-09-02 09:02:16,57106.1,22.3750,0.85268
2026-09-02 09:02:26,57116.2,22.3828,0.85265
2026-09-02 09:02:37,57126.2,22.3906,0.85262
2026-09-02 09:02:47,57136.3,22.3671,0.85259
2026-09-02 09:02:57,57146.4,22.3984,0.85255
2026-09-02 09:03:06,57156.0,22.3906,0.85252
2026-09-02 09:03:16,57166.1,22.3906,0.85249
2026-09-02 09:03:26,57176.1,22.4062,0.85247
2026-09-02 09:03:36,57186.2,22.3906,0.85245
2026-09-02 09:03:47,57196.3,22.3906,0.85243
2026-09-02 09:03:57,57206.3,22.4062,0.85241
2026-09-02 09:04:06,57216.0,22.3906,0.85239
2026-09-02 09:04:16,57226.1,22.4218,0.85237
2026-09-02 09:04:26,57236.1,22.3750,0.85236
2026-09-02 09:04:36,57246.2,22.3906,0.85234
2026-09-02 09:04:47,57256.2,22.3984,0.85232
2026-09-02 09:04:57,57266.3,22.3984,0.85230
2026-09-02 09:05:06,57276.0,22.4062,0.85228
2026-09-02 09:05:16,57286.0,22.4062,0.85225
2026-09-02 09:05:26,57296.1,22.3984,0.85223
2026-09-02 09:05:36,57306.2,22.4062,0.85219
2026-09-02 09:05:46,57316.2,22.3984,0.85216
2026-09-02 09:05:56,57325.9,22.3906,0.85213
2026-09-02 09:06:06,57335.9,22.3984,0.85210
2026-09-02 09:06:16,57346.0,22.3906,0.85207
2026-09-02 09:06:26,57356.1,22.4062,0.85204
2026-09-02 09:06:36,57366.1,22.3906,0.85201
2026-09-02 09:06:46,57376.2,22.4218,0.85199
2026-09-02 09:06:56,57385.8,22.4062,0.85198
2026-09-02 09:07:06,57395.9,22.4140,0.85197
2026-09-02 09:07:16,57406.0,22.4062,0.85195
2026-09-02 09:07:26,57416.0,22.4062,0.85193
2026-09-02 09:07:36,57426.1,22.4062,0.85191
2026-09-02 09:07:46,57436.2,22.4062,0.85190
2026-09-02 09:07:56,57445.8,22.3984,0.85186
2026-09-02 09:08:06,57455.9,22.4062,0.85183
2026-09-02 09:08:16,57465.9,22.3906,0.85180
2026-09-02 09:08:26,57476.0,22.4062,0.85177
2026-09-02 09:08:36,57486.1,22.4062,0.85174
2026-09-02 09:08:46,57495.7,22.4062,0.85170
2026-09-02 09:08:56,57505.8,22.4062,0.85167
2026-09-02 09:09:06,57515.9,22.4062,0.85165
2026-09-02 09:09:16,57525.9,22.4062,0.85162
2026-09-02 09:09:26,57536.0,22.4296,0.85159
2026-09-02 09:09:36,57546.0,22.4296,0.85156
2026-09-02 09:09:46,57555.7,22.4062,0.85153
2026-09-02 09:09:56,57565.8,22.3906,0.85150
2026-09-02 09:10:06,57575.8,22.3984,0.85149
2026-09-02 09:10:16,57585.9,22.4062,0.85145
2026-09-02 09:10:26,57596.0,22.4296,0.85141
2026-09-02 09:10:36,57605.6,22.4218,0.85138
2026-09-02 09:10:46,57615.7,22.4062,0.85136
2026-09-02 09:10:56,57625.7,22.4140,0.85134
2026-09-02 09:11:06,57635.8,22.4375,0.85131
2026-09-02 09:11:16,57645.9,22.4218,0.85131
2026-09-02 09:11:26,57655.9,22.4062,0.85130
2026-09-02 09:11:36,57665.6,22.4140,0.85127
2026-09-02 09:11:46,57675.6,22.4218,0.85124
2026-09-02 09:11:56,57685.7,22.4218,0.85120
2026-09-02 09:12:06,57695.8,22.4296,0.85118
2026-09-02 09:12:16,57705.8,22.4453,0.85116
2026-09-02 09:12:26,57715.9,22.4296,0.85115
2026-09-02 09:12:36,57725.6,22.4218,0.85113
2026-09-02 09:12:46,57735.6,22.4375,0.85110
2026-09-02 09:12:56,57745.7,22.4218,0.85108
2026-09-02 09:13:06,57755.8,22.4140,0.85106
2026-09-02 09:13:16,57765.8,22.4375,0.85103
2026-09-02 09:13:26,57775.5,22.4218,0.85101
2026-09-02 09:13:36,57785.5,22.4218,0.85099
2026-09-02 09:13:46,57795.6,22.4296,0.85097
2026-09-02 09:13:56,57805.7,22.4296,0.85095
2026-09-02 09:14:06,57815.7,22.4218,0.85093
2026-09-02 09:14:16,57825.8,22.4296,0.85091
2026-09-02 09:14:26,57835.4,22.4453,0.85088
2026-09-02 09:14:36,57845.5,22.4453,0.85087
2026-09-02 09:14:46,57855.6,22.4218,0.85085
2026-09-02 09:14:56,57865.6,22.4218,0.85082
2026-09-02 09:15:06,57875.7,22.3984,0.85081
2026-09-02 09:15:16,57885.3,22.4140,0.85078
2026-09-02 09:15:26,57895.4,22.4218,0.85075
2026-09-02 09:15:36,57905.5,22.4218,0.85074
2026-09-02 09:15:46,57915.5,22.4218,0.85072
2026-09-02 09:15:56,57925.6,22.4296,0.85071
2026-09-02 09:16:06,57935.7,22.4375,0.85068
2026-09-02 09:16:16,57945.3,22.4296,0.85066
2026-09-02 09:16:26,57955.4,22.4218,0.85063
2026-09-02 09:16:36,57965.5,22.4375,0.85060
2026-09-02 09:16:46,57975.5,22.4296,0.85058
2026-09-02 09:16:56,57985.6,22.4375,0.85056
2026-09-02 09:17:06,57995.2,22.4375,0.85054
2026-09-02 09:17:16,58005.3,22.4531,0.85052
2026-09-02 09:17:26,58015.4,22.4218,0.85049
2026-09-02 09:17:36,58025.4,22.4296,0.85046
2026-09-02 09:17:46,58035.5,22.4218,0.85043
2026-09-02 09:17:56,58045.5,22.4375,0.85040
2026-09-02 09:18:05,58055.2,22.4296,0.85038
2026-09-02 09:18:16,58065.3,22.4375,0.85034
2026-09-02 09:18:26,58075.3,22.4375,0.85032
2026-09-02 09:18:36,58085.4,22.4218,0.85029
2026-09-02 09:18:46,58095.5,22.4375,0.85027
2026-09-02 09:18:56,58105.5,22.4453,0.85024
2026-09-02 09:19:05,58115.2,22.4218,0.85022
2026-09-02 09:19:16,58125.2,22.4296,0.85020
2026-09-02 09:19:26,58135.3,22.4453,0.85018
2026-09-02 09:19:36,58145.4,22.4296,0.85017
2026-09-02 09:19:46,58155.4,22.4218,0.85014
2026-09-02 09:19:55,58165.1,22.4296,0.85011
2026-09-02 09:20:05,58175.2,22.4218,0.85008
2026-09-02 09:20:15,58185.2,22.4375,0.85006
2026-09-02 09:20:26,58195.3,22.4218,0.85005
2026-09-02 09:20:36,58205.3,22.4218,0.85002
2026-09-02 09:20:46,58215.4,22.4296,0.85000
2026-09-02 09:20:55,58225.1,22.4296,0.84998
2026-09-02 09:21:05,58235.1,22.4296,0.84997
2026-09-02 09:21:15,58245.2,22.4375,0.84994
2026-09-02 09:21:26,58255.2,22.4453,0.84992
2026-09-02 09:21:36,58265.3,22.4375,0.84990
2026-09-02 09:21:45,58275.0,22.4218,0.84989
2026-09-02 09:21:55,58285.0,22.4218,0.84986
2026-09-02 09:22:05,58295.1,22.4140,0.84984
2026-09-02 09:22:15,58305.2,22.4296,0.84981
2026-09-02 09:22:26,58315.2,22.4218,0.84978
2026-09-02 09:22:36,58325.3,22.4296,0.84975
2026-09-02 09:22:45,58334.9,22.4453,0.84973
2026-09-02 09:22:55,58345.0,22.4375,0.84970
2026-09-02 09:23:05,58355.1,22.4531,0.84969
2026-09-02 09:23:15,58365.1,22.4375,0.84966
2026-09-02 09:23:26,58375.2,22.4375,0.84964
2026-09-02 09:23:36,58385.2,22.4375,0.84962
2026-09-02 09:23:45,58394.9,22.4531,0.84960
2026-09-02 09:23:55,58405.0,22.4687,0.84958
2026-09-02 09:24:05,58415.0,22.4687,0.84956
2026-09-02 09:24:15,58425.1,22.4687,0.84954
2026-09-02 09:24:25,58435.2,22.4531,0.84953
2026-09-02 09:24:35,58444.8,22.4453,0.84950
2026-09-02 09:24:45,58454.9,22.4453,0.84948
2026-09-02 09:24:55,58465.0,22.4453,0.84947
2026-09-02 09:25:05,58475.0,22.4687,0.84947
2026-09-02 09:25:15,58485.1,22.4531,0.84945
2026-09-02 09:25:25,58494.7,22.4531,0.84943
2026-09-02 09:25:35,58504.8,22.4843,0.84943
2026-09-02 09:25:45,58514.9,22.4531,0.84941
2026-09-02 09:25:55,58524.9,22.4531,0.84939
2026-09-02 09:26:05,58535.0,22.4375,0.84937
2026-09-02 09:26:15,58545.0,22.4531,0.84936
2026-09-02 09:26:25,58554.7,22.4843,0.84933
2026-09-02 09:26:35,58564.8,22.4765,0.84930
2026-09-02 09:26:45,58574.8,22.4531,0.84928
2026-09-02 09:26:55,58584.9,22.4687,0.84926
2026-09-02 09:27:05,58595.0,22.4531,0.84925
2026-09-02 09:27:15,58604.6,22.4531,0.84923
2026-09-02 09:27:25,58614.7,22.4765,0.84922
2026-09-02 09:27:35,58624.7,22.4687,0.84921
2026-09-02 09:27:45,58634.8,22.4687,0.84920
2026-09-02 09:27:55,58644.9,22.4531,0.84918
2026-09-02 09:28:05,58654.9,22.4687,0.84916
2026-09-02 09:28:15,58664.6,22.4531,0.84914
2026-09-02 09:28:25,58674.7,22.4765,0.84913
2026-09-02 09:28:35,58684.7,22.4687,0.84910
2026-09-02 09:28:45,58694.8,22.4843,0.84908
2026-09-02 09:28:55,58704.8,22.4765,0.84906
2026-09-02 09:29:05,58714.5,22.4453,0.84904
2026-09-02 09:29:15,58724.6,22.4453,0.84902
2026-09-02 09:29:25,58734.6,22.4453,0.84900
2026-09-02 09:29:35,58744.7,22.4687,0.84899
2026-09-02 09:29:45,58754.8,22.4531,0.84897
2026-09-02 09:29:55,58764.4,22.4453,0.84896
2026-09-02 09:30:05,58774.5,22.4453,0.84895
2026-09-02 09:30:15,58784.5,22.4687,0.84893
2026-09-02 09:30:25,58794.6,22.4531,0.84891
2026-09-02 09:30:35,58804.7,22.4687,0.84889
2026-09-02 09:30:45,58814.7,22.4375,0.84886
2026-09-02 09:30:55,58824.4,22.4453,0.84885
2026-09-02 09:31:05,58834.4,22.4453,0.84882
2026-09-02 09:31:15,58844.5,22.4687,0.84879
2026-09-02 09:31:25,58854.6,22.4453,0.84877
2026-09-02 09:31:35,58864.6,22.4765,0.84875
2026-09-02 09:31:45,58874.7,22.4531,0.84873
2026-09-02 09:31:55,58884.4,22.4687,0.84871
2026-09-02 09:32:05,58894.4,22.4531,0.84870
2026-09-02 09:32:15,58904.5,22.4687,0.84869
2026-09-02 09:32:25,58914.5,22.4765,0.84866
2026-09-02 09:32:35,58924.6,22.4531,0.84864
2026-09-02 09:32:45,58934.3,22.4453,0.84861
2026-09-02 09:32:55,58944.3,22.4375,0.84860
2026-09-02 09:33:05,58954.4,22.4531,0.84859
2026-09-02 09:33:15,58964.5,22.4687,0.84856
2026-09-02 09:33:25,58974.5,22.4453,0.84855
2026-09-02 09:33:35,58984.6,22.4687,0.84853
2026-09-02 09:33:45,58994.2,22.4453,0.84851
2026-09-02 09:33:55,59004.3,22.4375,0.84849
2026-09-02 09:34:05,59014.4,22.4531,0.84847
2026-09-02 09:34:15,59024.4,22.4531,0.84846
2026-09-02 09:34:25,59034.5,22.4531,0.84844
2026-09-02 09:34:35,59044.5,22.4531,0.84842
2026-09-02 09:34:45,59054.2,22.4765,0.84841
2026-09-02 09:34:55,59064.3,22.4687,0.84840
2026-09-02 09:35:05,59074.3,22.4531,0.84838
2026-09-02 09:35:15,59084.4,22.4531,0.84837
2026-09-02 09:35:25,59094.5,22.4687,0.84834
2026-09-02 09:35:35,59104.1,22.4765,0.84831
2026-09-02 09:35:45,59114.2,22.4531,0.84829
2026-09-02 09:35:55,59124.2,22.4453,0.84828
2026-09-02 09:36:05,59134.3,22.4765,0.84827
2026-09-02 09:36:15,59144.4,22.4843,0.84825
2026-09-02 09:36:25,59154.4,22.4453,0.84823
2026-09-02 09:36:35,59164.1,22.4843,0.84822
2026-09-02 09:36:45,59174.2,22.4687,0.84820
2026-09-02 09:36:55,59184.2,22.4531,0.84818
2026-09-02 09:37:05,59194.3,22.4843,0.84817
2026-09-02 09:37:15,59204.3,22.4687,0.84815
2026-09-02 09:37:25,59214.4,22.4843,0.84814
2026-09-02 09:37:35,59224.1,22.4687,0.84812
2026-09-02 09:37:45,59234.1,22.4765,0.84809
2026-09-02 09:37:55,59244.2,22.4687,0.84807
2026-09-02 09:38:05,59254.2,22.4765,0.84804
2026-09-02 09:38:15,59264.3,22.4765,0.84801
2026-09-02 09:38:24,59274.0,22.4843,0.84798
2026-09-02 09:38:34,59284.0,22.4921,0.84796
2026-09-02 09:38:45,59294.1,22.4765,0.84793
2026-09-02 09:38:55,59304.2,22.4843,0.84791
2026-09-02 09:39:05,59314.2,22.4921,0.84789
2026-09-02 09:39:15,59324.3,22.4843,0.84787
2026-09-02 09:39:25,59334.3,22.4765,0.84784
2026-09-02 09:39:34,59344.0,22.4921,0.84781
2026-09-02 09:39:45,59354.1,22.4921,0.84780
2026-09-02 09:39:55,59364.1,22.4921,0.84778
2026-09-02 09:40:05,59374.2,22.4921,0.84776
2026-09-02 09:40:15,59384.3,22.4843,0.84774
2026-09-02 09:40:25,59394.3,22.4921,0.84772
2026-09-02 09:40:34,59404.0,22.4765,0.84771
2026-09-02 09:40:45,59414.0,22.5000,0.84770
2026-09-02 09:40:55,59424.1,22.4687,0.84768
2026-09-02 09:41:05,59434.2,22.4843,0.84766
2026-09-02 09:41:15,59444.2,22.4921,0.84764
2026-09-02 09:41:24,59453.9,22.4843,0.84762
2026-09-02 09:41:34,59464.0,22.4843,0.84759
2026-09-02 09:41:44,59474.0,22.4765,0.84757
2026-09-02 09:41:55,59484.1,22.4765,0.84755
2026-09-02 09:42:05,59494.1,22.4843,0.84753
2026-09-02 09:42:15,59504.2,22.4765,0.84751
2026-09-02 09:42:24,59513.9,22.4843,0.84748
2026-09-02 09:42:34,59523.9,22.4765,0.84746
2026-09-02 09:42:44,59534.0,22.4843,0.84745
2026-09-02 09:42:55,59544.0,22.4921,0.84744
2026-09-02 09:43:05,59554.1,22.4843,0.84742
2026-09-02 09:43:15,59564.2,22.4531,0.84739
2026-09-02 09:43:24,59573.8,22.5000,0.84737
2026-09-02 09:43:34,59583.9,22.4843,0.84735
2026-09-02 09:43:44,59594.0,22.4921,0.84733
2026-09-02 09:43:55,59604.0,22.4765,0.84731
2026-09-02 09:44:05,59614.1,22.4843,0.84730
2026-09-02 09:44:15,59624.1,22.4531,0.84727
2026-09-02 09:44:24,59633.8,22.4765,0.84727
2026-09-02 09:44:34,59643.9,22.4765,0.84726
2026-09-02 09:44:44,59653.9,22.4843,0.84723
2026-09-02 09:44:54,59664.0,22.4843,0.84721
2026-09-02 09:45:05,59674.1,22.4843,0.84719
2026-09-02 09:45:15,59684.1,22.4687,0.84718
2026-09-02 09:45:24,59693.8,22.5000,0.84716
2026-09-02 09:45:34,59703.8,22.4843,0.84715
2026-09-02 09:45:44,59713.9,22.4843,0.84713
2026-09-02 09:45:54,59724.0,22.4765,0.84712
2026-09-02 09:46:05,59734.0,22.4843,0.84710
2026-09-02 09:46:15,59744.1,22.4765,0.84709
2026-09-02 09:46:24,59753.8,22.4687,0.84708
2026-09-02 09:46:34,59763.8,22.4921,0.84707
2026-09-02 09:46:44,59773.9,22.5000,0.84706
2026-09-02 09:46:54,59783.9,22.4921,0.84704
2026-09-02 09:47:05,59794.0,22.4843,0.84703
2026-09-02 09:47:15,59804.1,22.4843,0.84700
2026-09-02 09:47:24,59813.7,22.4843,0.84699
2026-09-02 09:47:34,59823.8,22.4843,0.84697
2026-09-02 09:47:44,59833.8,22.4843,0.84696
2026-09-02 09:47:54,59843.9,22.4453,0.84694
2026-09-02 09:48:05,59854.0,22.4921,0.84692
2026-09-02 09:48:15,59864.0,22.4843,0.84691
2026-09-02 09:48:24,59873.7,22.4921,0.84689
2026-09-02 09:48:34,59883.8,22.4687,0.84687
2026-09-02 09:48:44,59893.8,22.4921,0.84685
2026-09-02 09:48:54,59903.9,22.4765,0.84684
2026-09-02 09:49:04,59914.0,22.4687,0.84682
2026-09-02 09:49:14,59923.6,22.4687,0.84681
2026-09-02 09:49:24,59933.7,22.4843,0.84679
2026-09-02 09:49:34,59943.7,22.4921,0.84678
2026-09-02 09:49:44,59953.8,22.4921,0.84676
2026-09-02 09:49:54,59963.9,22.5000,0.84675
2026-09-02 09:50:04,59973.9,22.4843,0.84674
2026-09-02 09:50:14,59983.6,22.5000,0.84672
2026-09-02 09:50:24,59993.6,22.5000,0.84671
2026-09-02 09:50:34,60003.7,22.5000,0.84670
2026-09-02 09:50:44,60013.8,22.4765,0.84668
2026-09-02 09:50:54,60023.8,22.5000,0.84667
2026-09-02 09:51:04,60033.5,22.4843,0.84667
2026-09-02 09:51:14,60043.5,22.5078,0.84664
2026-09-02 09:51:24,60053.6,22.4921,0.84661
2026-09-02 09:51:34,60063.7,22.4843,0.84659
2026-09-02 09:51:44,60073.7,22.4921,0.84657
2026-09-02 09:51:54,60083.8,22.4765,0.84655
2026-09-02 09:52:04,60093.5,22.4921,0.84654
2026-09-02 09:52:14,60103.5,22.4843,0.84653
2026-09-02 09:52:24,60113.6,22.5000,0.84650
2026-09-02 09:52:34,60123.7,22.4843,0.84648
2026-09-02 09:52:44,60133.7,22.4921,0.84647
2026-09-02 09:52:54,60143.8,22.4921,0.84645
2026-09-02 09:53:04,60153.4,22.4843,0.35692
