:020000022000DC
:106000000000012019620200016202000362020026
:10601000056202000762020009620200000000003F
:106020000000000000000000000000000B62020001
:106030000D620200000000000F6202001162020007
:10604000A5B3020013620200D9BC02001362020071
:10605000136202001362020009B7020005C00200C9
:106060001362020035CC02001362020013620200C8
:106070001362020013620200136202001362020044
:106080001362020065D8020013620200136202006C
:10609000A5D8020013620200490403001362020043
:1060A0001362020013620200136202001362020014
:1060B00013620200136202000000000000000000F2
:1060C000136202001362020013620200B5BC0200F8
:1060D000136202001362020013620200000000005B
:1060E00000000000000000000000000000000000B0
:1060F00000000000000000000000000000000000A0
:10610000000000000000000000000000000000008F
:10611000000000000000000000000000000000007F
:10612000000000000000000000000000000000006F
:10613000000000000000000000000000000000005F
:10614000000000000000000000000000000000004F
:10615000000000000000000000000000000000003F
:10616000000000000000000000000000000000002F
:10617000000000000000000000000000000000001F
:10618000000000000000000000000000000000000F
:1061900000000000000000000000000000000000FF
:1061A00000000000000000000000000000000000EF
:1061B00000000000000000000000000000000000DF
:1061C00000000000000000000000000000000000CF
:1061D00000000000000000000000000000000000BF
:1061E00000000000000000000000000000000000AF
:1061F000000000000000000000000000000000009F
:10620000FEE7FEE7FEE7FEE7FEE7FEE7FEE7FEE766
:10621000FEE7FEE7704700BF1048804710484FF088
:106220000701884385460F4880470F48016841F4BD
:1062300070010160BFF34F8FBFF36F8F00F01CB888
:106240000A480B490B4A884207D0521A05D00378F6
:1062500001300B700131013AF9D17047156202002B
:1062600000000120057A020088ED00E0180C030010
:10627000A82A0020A82A00203A493B480A1A02D03E
:10628000072291438D46394939480A1A06D0072218
:10629000914381F30988022282F3148835483649F4
:1062A000364A00F041F836483649374A00F03CF8A3
:1062B00036483749374A00F037F837483749384ABF
:1062C00000F032F837483849384A00F02DF838489D
:1062D0003849394A00F028F838483949394A00F035
:1062E00023F839483949002200F036F8384839494E
:1062F000002200F031F838483849091A0AF06EFBDC
:10630000374A904725482649884205D0026804301C
:1063100003B4904703BCF7E700208646EC46002014
:106320000021304A9047FEE7884214D0521A12D01A
:1063300003460B4313430324234206D1036804306E
:106340000B600431043AF9D17047037801300B70C7
:106350000131013AF9D17047884202D00270013010
:10636000FAE770470000012000E000200000012053
:106370000000012054280300A82A00202C2B002014
:10638000E8630200E8630200140B030054280300D2
:10639000A82A0020A82A0020180C0300180C0300CB
:1063A000180C0300180C0300180C0300180C030051
:1063B000180C0300180C030051280300D828030010
:1063C0002C2B00202C2B00202C2B002048390020C7
:1063D0004839002048390020483900204859002019
:0863E00041620200E9640200C1
:1063E8003FDF704700BF184641DF704700BF1846BF
:1063F80000B583B04FF40041002008F0B7FD0190CC
:10640800019B0093009B002B04D0054A472100986C
:1064180006F066FC08F040FD00BF03B05DF804FB21
:10642800180C030000B583B008F030FB0190019B05
:106438000093009B002B04D0044A5321009806F0D7
:106448004FFC00BF03B05DF804FB00BF180C03004D
:1064580000B583B007F028FA0190019B0093009BD8
:10646800002B04D0044A6721009806F039FC00BFCD
:1064780003B05DF804FB00BF180C030082B0019064
:106488000B46ADF8023000BF02B0704700B585B0CA
:1064980003468DF807309DF807308DF80F309DF8CA
:1064A8000F30042B17D801A252F823F0DF64020042
:1064B800C9640200CF640200DF640200D5640200F0
:1064C80000F048F808E000F04BF805E000F05CF850
:1064D8000346032B00E000BF00BF05B05DF804FBD6
:1064E80000B583B0FFF784FFFFF7B2FFFFF79AFF0D
:1064F8001249134800F0AEFB0120FFF771FF01902D
:10650800019B002B04D00F4A9321019806F0E8FB69
:1065180001F0CCF901F0CAF801F03EF90A4A0B4B38
:10652800D31ADB081B0443F003030949184608F093
:10653800FDFF00F0AFFFFFF757FFFCE7956402008F
:1065480085640200180C0300C80B0300980B0300B5
:10655800900C030008B5012000F008F800BF08BD42
:1065680008B5002000F002F800BF08BD82B003465D
:106578008DF80730034A9DF80730137000BF02B04A
:10658800704700BF2C2B0020014B1B781846704722
:106598002C2B002084B001900B468DF80330134655
:1065A8008DF8023000230393019B032B3CD89DF800
:1065B8000230012B0BD19DF80330012B04D1019B34
:1065C800DBB20E33DBB200E000238DF802309DF819
:1065D8000330022B0FD0022B23DC002B16D0012B0B
:1065E8001FD11449019A13465B0013440B449DF8CC
:1065F80002201A701AE00F49019A13465B001344EF
:106608000B4401339DF802201A700FE00949019AE2
:1066180013465B0013440B4402339DF802201A70A2
:1066280004E00723039301E007230393039B184621
:1066380004B07047302B002000B583B00122002140
:106648000020FFF7A7FF0190019B002B04D0019BBE
:10665800072B01D0019B1CE0072202210120FFF734
:1066680099FF0190019B002B04D0019B072B01D0BF
:10667800019B0EE0042202210020FFF78BFF01900E
:10668800019B002B04D0019B072B01D0019B00E04C
:106698000023184603B05DF804FB00B583B001225F
:1066A80002210020FFF776FF0190019B002B04D008
:1066B800019B072B01D0019B1CE00722022101202E
:1066C800FFF768FF0190019B002B04D0019B072B6B
:1066D80001D0019B0EE00A2200210020FFF75AFF9B
:1066E8000190019B002B04D0019B072B01D0019B3B
:1066F80000E00023184603B05DF804FB00B585B040
:1067080001900091019B1B88102B02D0112B18D0EF
:106718002FE01A4B1B68002B0DD1FFF78DFF03905C
:10672800039B002B07D0164B1B68002B03D0144B80
:106738001B6803989847114B1B6801330F4A136075
:1067480017E00E4B1B68013B0C4A13600B4B1B6890
:10675800002B0DD1FFF7A1FF0390039B002B07D05F
:10676800074B1B68002B03D0054B1B680398984701
:1067780000BF00BF05B05DF804FB00BF402B002040
:106788003C2B0020A8DF704700BF1846AEDF7047DB
:1067980000BF184662DF704700BF184600B587B0D3
:1067A80001900091019B039303238DF80830019B0E
:1067B8005B6902AA1046984700BF07B05DF804FB62
:1067C80000B587B001900091019B039302238DF8D7
:1067D8000830019B5B6902AA1046984700BF07B0C2
:1067E8005DF804FB00B589B001900091009B063369
:1067F800079303AB1022002118460AF057F9019BB2
:106808000493079B1A88019B1B899A421CD1079BFA
:106818005B89022B18D1079B0C33184603F0F4FA56
:106828000346002B03D000238DF80C3002E001232F
:106838008DF80C30019B5B69002B1FD0019B5B69B5
:1068480003AA1046984719E0079B1A88019B9B8961
:106858009A4213D1019B5B69002B0FD004238DF85A
:106868000C30079B0C330593079B5B89ADF81830F8
:10687800019B5B6903AA10469847FFE700BF09B070
:106888005DF804FB00B585B001900091009B03936F
:10689800039B002B1CD0019B002B19D0019B1B884C
:1068A800502B10D0502B15DC102B02D0112B05D0FB
:1068B80010E001990398FFF771FF0CE00199039824
:1068C800FFF77EFF07E001990398FFF78BFF02E0CF
:1068D80000BF00E000BF05B05DF804FB10B592B042
:1068E80001900091019B002B02D0009B002B01D14D
:1068F8000E2394E04B4B0AAC0FCB84E80F00009BAF
:106908001A68019B5A61019A0AAB11461846FFF7AB
:1069180041FF1190119B1093109B002B01D0109BED
:106928007DE0019B1B788DF83A304FF4A053ADF809
:106938003830019B9A1C0EAB19460120FFF722FF45
:106948001190119B0F930F9B002B01D00F9B66E0BA
:1069580002AB2022002118460AF0A8F841F20243AF
:10696800ADF80830019B1B788DF80A306423ADF828
:106978000C300123ADF80E3001238DF814309DF84A
:10698800153043F008038DF815309DF8153043F0A5
:1069980004038DF8153001238DF8193001238DF883
:1069A8001A30019B5888019B03F10C0202AB19466F
:1069B80003F0B2FA1190119B002B01D0119B2EE02D
:1069C80002AB2022002118460AF070F841F2014378
:1069D800ADF80830019B1B788DF80A306423ADF8B8
:1069E8000C300123ADF80E3001238DF814309DF8DA
:1069F800153043F010038DF8153001238DF8193048
:106A080001238DF81A3001238DF81B30019B58881B
:106A1800019B1A1D02AB194603F07EFA034618467D
:106A280012B010BDA00C030000B58BB0039002910A
:106A38000192ADF8023000230993039B002B01D18A
:106A48000E2330E0099B002B01D0099B2BE0BDF8F9
:106A580002304FF6FF72934224D005AB102200217A
:106A680018460AF023F8039B9B88ADF81430029B64
:106A78000893019B079301238DF8163005AABDF8EA
:106A8800023011461846FFF781FE0990084A094B63
:106A9800D31ADB081B0443F00303099A0649184676
:106AA80008F052FD099B18460BB05DF804FB00BFC7
:106AB800C80B0300980B0300B00C030076DF704787
:106AC80000BF184677DF704700BF18467ADF704767
:106AD80000BF18467CDF704700BF18467FDF70474D
:106AE80000BF18468FDF704700BF1846B1DF7047F8
:106AF80000BF184600B585B001900B46ADF80230CE
:106B0800114B1B880DF102020199104804F01CF981
:106B18000390039B082B0FD0039B132B0CD0039BD4
:106B2800052B09D0039B0293029B002B04D0084A33
:106B38002821029806F0D4F8039B132BE0D000BF5D
:106B480000BF05B05DF804FBCC2A0020B02A002065
:106B5800D00C03002DE9F04786B000AF034639603A
:106B6800FB711346BB716B469A46BB795E1C731E5C
:106B78007B6132460023904699464FF000024FF061
:106B880000034FEAC90343EA58734FEAC802324682
:106B9800002314461D464FF000024FF00003EB009F
:106BA80043EA5473E20033460733DB08DB00ADEBFE
:106BB800030D6B4600333B613B69FA791A703B69F8
:106BC8000133BA793968184609F03EFFB3B27B81C0
:106BD8000C4B1B8807F10A0239690B48FFF724FFA1
:106BE800F8600A4A0A4BD31ADB081B0443F0030374
:106BF8000849184608F09AFCD54600BF1837BD4624
:106C0800BDE8F087CC2A0020C02D0020C80B030067
:106C1800980B03005C0D030000B583B0FFF7B4FCCC
:106C280003468DF807309DF80730002B02D0012B62
:106C380006D00BE0002200210120FFF78BFF05E0C2
:106C4800002200210220FFF785FF00BF00BF03B02C
:106C58005DF804FB00B583B001900091434A444BB2
:106C6800D31ADB081B0443F003034249184608F013
:106C78005DFC08F0B7FC0346002BFAD13E4A019BA5
:106C880013603E4A009B136000F028FB374A384BDC
:106C9800D31ADB081B0443F003033949184608F0EC
:106CA80045FC08F09FFC0346002BFAD100F088F859
:106CB8002E4A2F4BD31ADB081B0443F00303314938
:106CC800184608F033FC08F08DFC0346002BFAD177
:106CD80000F072FB254A264BD31ADB081B0443F04D
:106CE80003032949184608F021FC08F07BFC0346F9
:106CF800002BFAD100F0D4F81C4A1D4BD31ADB083C
:106D08001B0443F003032149184608F00FFC08F060
:106D180069FC0346002BFAD100F07AFB134A144BA6
:106D2800D31ADB081B0443F003031949184608F07B
:106D3800FDFB08F057FC0346002BFAD100F060F980
:106D48000A4A0B4BD31ADB081B0443F0030311490F
:106D5800184608F0EBFB08F045FC0346002BFAD177
:106D680000BF00BF03B05DF804FB00BFC80B030001
:106D7800980B0300680D0300D82D0020DC2D00209F
:106D8800880D0300A00D0300BC0D0300D00D030007
:106D9800E80D0300040E030000B583B0034600911C
:106DA800ADF80630BDF80630009A1946034805F0DC
:106DB80097FF00BF03B05DF804FB00BFEFBEADDE78
:106DC80000B587B09DF80030012262F303038DF807
:106DD80000309DF80030012262F307138DF800306F
:106DE8006B460C221A491846FFF774FE0590059B5E
:106DF8000493049B002B04D0164A7621049805F0CE
:106E08006FFF01AB08220021184609F04FFE10233E
:106E1800ADF804303C23ADF806300023ADF8083057
:106E28004FF4C873ADF80A3001AB1846FFF74EFEB1
:106E38000590059B0393039B002B04D0054A8021F2
:106E4800039805F04DFF00BF07B05DF804FB00BFD5
:106E5800280E0300D00C030000B583B00190044A4B
:106E68008621019805F03CFF00BF03B05DF804FBE4
:106E7800D00C030000B583B00190019B1B78002B58
:106E880007D1064B1B68019A1069019A928A11462C
:106E9800984700BF03B05DF804FB00BFD82D002061
:106EA80000B589B000230093374B00936B46194611
:106EB800364803F067FC0790079B0693069B002B58
:106EC80004D0334A9D21069805F00AFF03AB04223B
:106ED8000021184609F0EAFD2E4B039303AB19462F
:106EE8002D4803F08BFE0790079B0593059B002B0D
:106EF80004D0274AA421059805F0F2FE01AB082228
:106F08000021184609F0D2FD244B01939DF8093061
:106F1800012262F303038DF809309DF8093001223C
:106F280062F307138DF809309DF80A30012262F3E5
:106F380003038DF80A309DF80A30012262F3071323
:106F48008DF80A309DF80B30012262F303038DF8A7
:106F58000B309DF80B30012262F307138DF80B30CC
:106F680001AB19460E48FFF7B9FC0790079B04933D
:106F7800049B002B04D0064AB421049805F0B0FE07
:106F880000BF09B05DF804FB616E02005C2B0020B5
:106F9800D00C03007D6E0200B02A0020D1740200DC
:106FA800C02D002000B585B00190019B1B78002BF7
:106FB80010D10A4B1B883B211846FFF77FFD039031
:106FC800039B0293029B002B04D0054ABF21029821
:106FD80005F086FE00BF05B05DF804FBCC2A002052
:106FE800D00C030000B583B00190044AC621019873
:106FF80005F076FE00BF03B05DF804FBD00C03007B
:1070080000B58BB001AB1C220021184609F04EFDDB
:10701800002301934FF4203302934FF4702303931A
:1070280003238DF810300023ADF8123000238DF8BB
:1070380014300B4B06930B4B079301AB184602F029
:107048007DFB0990099B0893089B002B04D0064AF6
:10705800DB21089805F044FE00BF0BB05DF804FB87
:10706800AD6F0200ED6F0200D00C030000B585B0D3
:1070780003468DF807309DF80730002B01D0032B0D
:107088000FE00321094802F0C9F80390039B02931B
:10709800029B002B04D0064AF521029805F020FE39
:1070A80000BF00BF05B05DF804FB00BF682B0020DF
:1070B800D00C030000B58DB001900091019B1B8896
:1070C800562B00F0D880562B00F3E880522B00F0A6
:1070D800AB80522B00F3E280212B2DDC102BC0F269
:1070E800DD80103B112B00F2D98001A252F823F069
:1070F80049710200B5710200A5720200097202000E
:10710800A5720200A5720200A5720200A572020013
:10711800A5720200A5720200A5720200A572020003
:10712800A5720200A5720200A5720200A5720200F3
:10713800A5720200D57102003B2B00F08980ADE0FA
:107148005F4A604BD31ADB081B0443F003035E4914
:10715800184608F0EBF9019B9A885C4B1A805B4B48
:107168001B8819465A4803F02FFB0B900B9B05937D
:10717800059B002B05D0574A4FF48471059805F0FC
:10718800AFFD524B1B88042219460320FFF79AFCD7
:107198000B900B9B0493049B002B00F081804D4ABD
:1071A8004FF48671049805F09BFD79E0444A454BFD
:1071B800D31ADB081B0443F003034749184608F0B9
:1071C800B5F9424B4FF6FF721A8074E000238DF830
:1071D8000C3000238DF80D30019B9B8803AA1146C3
:1071E8001846FFF77FFC0B900B9B0793079B002B20
:1071F80058D0384A4FF49071079805F071FD51E066
:10720800324B1888002300228521FFF767FC0B907A
:107218000B9B0693069B002B46D02E4A4FF4937186
:10722800069805F05DFD3FE0284B188800230022F2
:107238000021FFF75BFC0B900B9B0993099B002B2C
:1072480034D0244A4FF49671099805F049FD2DE091
:10725800019B9B8813211846FFF730FC0B900B9B72
:107268000893089B002B23D01A4A40F23311089840
:1072780005F036FD1CE0019B9B8813211846FFF79B
:107288001DFC0B900B9B0A930A9B002B12D0114AF2
:107298004FF49D710A9805F023FD0BE000BF0AE04A
:1072A80000BF08E000BF06E000BF04E000BF02E046
:1072B80000BF00E000BF00BF0DB05DF804FB00BFD9
:1072C800C80B0300980B0300380E0300CC2A0020DB
:1072D8005C2B0020D00C0300440E030000B587B0DF
:1072E80009F02CF80590059B0493049B002B05D00E
:1072F800164A40F24911049805F0F2FC0023019364
:1073080001AB1946012009F0D1F80590059B0393BC
:10731800039B002B05D00D4A40F24F11039805F04E
:10732800DFFC01AB184609F0DFF90590059B0293D5
:10733800029B002B05D0054A40F25311029805F034
:10734800CFFC00BF07B05DF804FB00BFD00C030002
:1073580000B583B001900091009B5A88114B1B889F
:107368009A421AD1009B1B8840F67722934214D187
:10737800009B9B88033B9AB20B4B1A800B4A0C4B21
:10738800D31ADB081B0443F00300074B1B881A467B
:10739800054B1B88074908F0E8F800BF03B05DF803
:1073A80004FB00BFCC2A0020CE2A0020C80B030013
:1073B800980B0300540E030000B585B0114912481C
:1073C80003F0E0F80390039B0293029B002B05D087
:1073D8000E4A4FF4B671029805F082FCF7210A486C
:1073E80003F0FBF80390039B0193019B002B05D04E
:1073F800064A40F26F11019805F072FC00BF05B013
:107408005DF804FB59730200482B0020D00C0300E0
:1074180000B5AFB001ABAC220021184609F046FB1D
:1074280002238DF8043000238DF8063005238DF8EB
:1074380007300123ADF85030124B159301238DF816
:1074480080304023239344F2506324930E4B2A93B5
:1074580001AB19460D4801F0FCFD2D902D9B2C9396
:107468002C9B002B05D00A4A4FF4C3712C9805F0C9
:1074780037FC0121054801F0DFFD00BF2FB05DF8A2
:1074880004FB00BFD02A002075700200682B002082
:10749800D00C030000B583B00321094801F0BEFEFB
:1074A8000190019B0093009B002B05D0054A4FF4E7
:1074B800C771009805F014FC00BF03B05DF804FB29
:1074C800682B0020D00C030000B583B00190019B0D
:1074D8001B78042B17D801A252F823F0F974020084
:1074E8000F7502000F7502000F750200FF7402008D
:1074F800FFF792FB08E0064B1B68019A9268127826
:107508001046984700E000BF00BF03B05DF804FBD9
:10751800DC2D002000B583B001900091019B002B69
:1075280001D1054B01930099019804F08BFE0346A5
:10753800184603B05DF804FB880F030082B0019081
:107548000B46ADF80230BDF80230019A13441846D4
:1075580002B0704782B00190019BD3F81035DBB2BE
:10756800184602B0704782B00190019B9BB250331D
:107578009BB29B009BB2184602B070472DE9F04FB2
:1075880087B001908DF803109DF8031005910199BB
:1075980000200E460746304639464FF0000A4FF0A5
:1075A800000B4FEA411B4BEAD06B4FEA401A50469A
:1075B8005946821B61EB07034FF000004FF00001B2
:1075C800990041EA9271900002460B4612EB0608B8
:1075D80043EB07094FF000024FF000034FEAC913CD
:1075E80043EA58634FEAC8129046994642464B46CA
:1075F8000599C1F12006A1F1200022FA01F403FA4D
:1076080006F6344323FA00F0044323FA01F5CDE9E2
:107618000245DDE90223012B04D305494FF42F70FD
:10762800FFF7BAFB029B184607B0BDE8F08F00BF12
:10763800700E030010B582B001900091019B5B7938
:107648001A46009B934204D3094940F27510FFF78C
:10765800A3FB019B1C680098FFF785FF03461946AA
:107668002046FFF76BFF0346184602B010BD00BF67
:10767800A00E030000B583B001900091019B1B6828
:107688001846FFF767FF034619460098FFF776FF8D
:107698000346184603B05DF804FB82B00346009128
:1076A800ADF8063000BF02B07047000000B58DB0DD
:1076B80003F0EAFC0B900B9B0A930A9B002B04D067
:1076C800314A17210A9805F00BFB00238DF8083082
:1076D80000238DF8093000238DF80A3006238DF831
:1076E8000B300023039303238DF80A3002AB274A9B
:1076F8001946274805F0BAF80B900B9B0993099B8C
:10770800002B04D0204A1C21099805F0E9FA4FF40F
:107718007A711F48FFF7AEFF0890002300930123FA
:10772800089A00211A4805F00AFA194805F0A0F944
:1077380000211748FFF77EFF079004F085FE0690AA
:10774800144804F0EBF90B900B9B0593059B002B59
:1077580004D00D4A2D21059805F0C2FA0D4B1B786F
:10776800069A0799184604F033FA0B900B9B04937A
:10777800049B002B04D0044A3221049805F0B0FA87
:1077880000BF0DB05DF804FBDC0E0300A376020019
:10779800800F0300E82D002000B583B0094B1B784B
:1077A800184604F04EFA0190019B0093009B002BB1
:1077B80004D0054A3A21009805F092FA00BF03B0B8
:1077C8005DF804FBE82D0020DC0E030000B589B04D
:1077D8000190019B1B78002B57D1019B5B6802210C
:1077E800184604F043FE0690069B0593059B002B64
:1077F80004D0284A4521059805F072FA264A274BF5
:10780800D31ADB081B0443F00303254A12782549E1
:10781800184607F099FE002307932DE0019B5A684C
:10782800079B5B001344B3F90030ADF812301C4BD2
:107838001B788DF80C30BDF812301B0A9BB2DBB2F6
:107848008DF80D30BDF81230DBB28DF80E3003AB79
:1078580003211846FFF74EF90F4A104BD31ADB08DD
:107868001B0443F00303BDF812200F49184607F024
:107878006BFE079B01330793079B012BCEDD084B5B
:107888001B780133DAB2064B1A7000BF09B05DF8F5
:1078980004FB00BFDC0E0300C80B0300980B0300B9
:1078A800E92D0020640F03007C0F030000B58BB0A6
:1078B80001238DF8133003238DF8103000238DF841
:1078C800113006238DF8123004AB38491846FFF7FB
:1078D80021FE0990099B0893089B002B04D0344A89
:1078E8007121089805F0FCF900238DF8073004236E
:1078F8008DF8063005238DF8083000238DF80930FF
:1079080002238DF80B3000238DF80C3000238DF8FE
:10791800043000238DF8053000238DF80730042348
:107928008DF8063005238DF8083000238DF80930CE
:1079380003238DF80B3000238DF80C3000238DF8CD
:10794800043000238DF8053001AB1946002004F0FF
:10795800E9FC0990099B0793079B002B04D0144A64
:107968009521079805F0BCF90221124804F07EFD24
:107978000990099B0693069B002B04D00C4A98217A
:10798800069805F0ADF902210B4804F06FFD099047
:10799800099B0593059B002B04D0054A9B2105985C
:1079A80005F09EF900BF0BB05DF804FBD577020027
:1079B800DC0E0300E02D0020E42D0020BFF34F8FE4
:1079C80000BF074BDB6803F4E0620549054B13432E
:1079D800CB60BFF34F8F00BF00BF00BFFCE700BF05
:1079E80000ED00E00400FA05024B034A1A6000BFEC
:1079F800704700BFD42A00200090D00308B500F0DB
:107A080097F90346002B06D0B74B1B681B0AB74AE9
:107A180003F01F03136000F0B7F90346002B02D0F0
:107A2800B34BB44A1A6000F0CBF90346002B06D0DA
:107A3800B14B1B685B0BB14A03F00703136000F0FE
:107A4800EBF90346002B05D0AD4BDB68AC4A23F0BD
:107A58008073D36000F0FCF90346002B0ED04FF082
:107A680080430022C3F80C214FF080430022C3F862
:107A780010214FF080430022C3F8382500F014FA93
:107A88000346002B02D09F4B03221A6000F028FA0D
:107A98000346002B0BD09C4B05221A609B4B0122FE
:107AA8001A609B4B00221A609A4B3F221A6000F022
:107AB80033FA0346002B76D04FF08053964AD3F81A
:107AC8000434C2F820354FF08053934AD3F8083471
:107AD800C2F824354FF080538F4AD3F80C34C2F8DB
:107AE80028354FF080538C4AD3F81034C2F82C351F
:107AF8004FF08053884AD3F81434C2F830354FF029
:107B08008053854AD3F81834C2F834354FF080537F
:107B1800814AD3F81C34C2F840354FF080537E4A6E
:107B2800D3F82034C2F844354FF080537A4AD3F85A
:107B38002434C2F848354FF08053774AD3F82834B4
:107B4800C2F84C354FF08053734AD3F82C34C2F83E
:107B580050354FF08053704AD3F83034C2F854355A
:107B68004FF080536C4AD3F83434C2F860354FF084
:107B78008053694AD3F83834C2F864354FF08053DB
:107B8800654AD3F83C34C2F868354FF08053624AEE
:107B9800D3F84034C2F86C354FF080535E4AD3F8BE
:107BA8004434C2F8703500F0D3F90346002B05D0F1
:107BB8005A4B1B685A4A03F04F03136000F0F4F95C
:107BC8000346002B0DD04FF08043D3F8003403F068
:107BD8000103002B05D04FF080436FF00102C3F87A
:107BE800002400F00DFA0346002B05D04D4B1B680E
:107BF8004C4A43F4806313604B4BD3F888304A4AAD
:107C080043F47003C2F88830BFF34F8F00BFBFF34F
:107C18006F8F00BF4FF01023D3F80C3203F001032D
:107C2800012B25D1414B0122C3F8042500BF3F4B4E
:107C3800D3F80034002BFAD04FF01023D3F80C32CD
:107C48004FF0102223F00103C2F80C3200BF374B6B
:107C5800D3F80034002BFAD0344B0022C3F80425A3
:107C680000BF324BD3F80034002BFAD0FFF7A6FE42
:107C78004FF01023D3F80032002B05DB4FF0102310
:107C8800D3F80432002B2BDA284B0122C3F8042541
:107C980000BF264BD3F80034002BFAD04FF0102346
:107CA8001522C3F8002200BF204BD3F80034002B64
:107CB800FAD04FF010231522C3F8042200BF1B4B43
:107CC800D3F80034002BFAD0184B0022C3F804254F
:107CD80000BF164BD3F80034002BFAD0FFF76EFE26
:107CE800FFF782FE00BF08BD2403001040350140A5
:107CF80074C007400DF0ADBA440200103C050040C6
:107D0800F0ED00E0A0050040105600408856004005
:107D1800185600401456004000C000405802001099
:107D2800E40E00403C17004000ED00E000E0014098
:107D3800124B1B68DBB2062B1DD1114B1B6803F0DD
:107D48000F03002B17D10F4B1B6803F0F003302BE8
:107D580001D1012310E00B4B1B6803F0F003402B0B
:107D680001D1012308E0074B1B6803F0F003502BF7
:107D780001D1012300E0002318467047E00F00F00E
:107D8800E40F00F0E80F00F00A4B1B68DBB2062B8B
:107D98000DD1094B1B6803F00F03002B07D1074BCC
:107DA8001B6803F0F003302B01D1012300E000230E
:107DB80018467047E00F00F0E40F00F0E80F00F0FD
:107DC800124B1B68DBB2062B1DD1114B1B6803F04D
:107DD8000F03002B17D10F4B1B6803F0F003302B58
:107DE80001D1012310E00B4B1B6803F0F003402B7B
:107DF80001D1012308E0074B1B6803F0F003502B67
:107E080001D1012300E0002318467047E00F00F07D
:107E1800E40F00F0E80F00F00A4B1B68DBB2062BFA
:107E28000DD1094B1B6803F00F03002B07D1074B3B
:107E38001B6803F0F003302B01D1012300E000237D
:107E480018467047E00F00F0E40F00F0E80F00F06C
:107E5800124B1B68DBB2062B1DD1114B1B6803F0BC
:107E68000F03002B17D10F4B1B6803F0F003302BC7
:107E780001D1012310E00B4B1B6803F0F003402BEA
:107E880001D1012308E0074B1B6803F0F003502BD6
:107E980001D1012300E0002318467047E00F00F0ED
:107EA800E40F00F0E80F00F00A4B1B68DBB2062B6A
:107EB8000DD1094B1B6803F00F03002B07D1074BAB
:107EC8001B6803F0F003302B01D1012300E00023ED
:107ED80018467047E00F00F0E40F00F0E80F00F0DC
:107EE8000A4B1B68DBB2062B0DD1094B1B6803F04C
:107EF8000F03002B07D1074B1B6803F0F003302B4F
:107F080001D1012300E0002318467047E00F00F07C
:107F1800E40F00F0E80F00F00A4B1B68DBB2062BF9
:107F28000DD1094B1B6803F00F03002B07D1074B3A
:107F38001B6803F0F003502B01D1012300E000235C
:107F480018467047E00F00F0E40F00F0E80F00F06B
:107F5800124B1B68DBB2062B1DD1114B1B6803F0BB
:107F68000F03002B17D10F4B1B6803F0F003302BC6
:107F780001D1012310E00B4B1B6803F0F003402BE9
:107F880001D1012308E0074B1B6803F0F003502BD5
:107F980001D1012300E0002318467047E00F00F0EC
:107FA800E40F00F0E80F00F0124B1B68DBB2062B61
:107FB8001DD1114B1B6803F00F03002B17D10F4B7A
:107FC8001B6803F0F003302B01D1012310E00B4BA9
:107FD8001B6803F0F003402B01D1012308E0074B95
:107FE8001B6803F0F003502B01D1012300E00023AC
:107FF80018467047E00F00F0E40F00F0E80F00F0BB
:10800800064B1B68062B05D1054B1B68062B01D1B7
:10801800012300E000231846704700BF300100101C
:10802800340100106DDF704700BF184679DF7047D4
:1080380000BF18467DDF704700BF184664DF7047F1
:1080480000BF184682B003460091ADF80630BDF86F
:108058000630DAB2009B1A70BDF806301B0A9AB2D5
:10806800009B0133D2B21A700223184602B070473F
:1080780000B589B0039002911346ADF80630029B13
:108088001B8803F10902BDF806309A4201D90C2376
:1080980053E004AB1846FFF7C5FF0790079B06930C
:1080A800069B002B01D0069B47E0029B1B881A46C3
:1080B800039B134408221A70029B1B8801339AB24F
:1080C800029B1A80029B1B881A46039B13441B229F
:1080D8001A70029B1B8801339AB2029B1A80029B7A
:1080E8001B881A46039B981804AB013306221946CD
:1080F80008F0AAFC029B1B8806339AB2029B1A80DE
:108108009DF8103023F00103DBB2002B07D1029B4E
:108118001B881A46039B134400221A7006E0029B30
:108128001B881A46039B134401221A70029B1B8862
:1081380001339AB2029B1A800023184609B05DF8F1
:1081480004FB00B589B0039002910192ADF80230AA
:10815800039B1B78012B05D1039B5B78002B01D176
:10816800072391E0019B1B889A1CBDF802309A42B4
:108178000ED8039B1B78012B0CD1019B1B881A4638
:10818800039B5B7813449A1CBDF802309A4201D9CC
:108198000C2379E0019B1B88BDF80220D31A9BB2FF
:1081A800023BADF81C30BDF81C30ADF81230019B15
:1081B8001B880233029A13440DF112021146184625
:1081C800FFF738FF0690069B0593059B002B01D00F
:1081D800059B59E0039B1B78022B06D0039B5B7819
:1081E8001A46BDF812309A4209D3BDF81230BDF8CC
:1081F8001C209A4203D309238DF81F3016E0082368
:108208008DF81F30039B1B78012B0BD1039B5B78E8
:108218001A46BDF81C30934204D3039B5B78ADF833
:10822800123003E0BDF81C30ADF81230BDF8123042
:10823800FE2B01D90C2327E0BDF81230DAB2019BDE
:108248001B881946029B0B440132D2B21A70019B5B
:108258001B8801339AB2019B1A80019B1B881A461E
:10826800029B13449DF81F201A70019B1B88013341
:108278009AB2019B1A80019B1A88BDF812301344E8
:108288009AB2019B1A800023184609B05DF804FBD6
:1082980000B589B0039002911346ADF80630029BF1
:1082A8001B881A1DBDF806309A4201D90C233AE002
:1082B8000DF116031846FFF7B9FE0790079B0693C2
:1082C800069B002B01D0069B2DE0029B1B881A46BB
:1082D800039B134403221A70029B1B8801339AB232
:1082E800029B1A80029B1B881A46039B134419227F
:1082F8001A70029B1B8801339AB2029B1A80BDF840
:108308001620029B1B881946039B0B4419461046EE
:10831800FFF798FE03461A46029B1B8813449AB23D
:10832800029B1A800023184609B05DF804FB84B04C
:10833800029101921A4603468DF80F301346ADF8A4
:108348000C30019B1B88DA1CBDF80C309A4201D90D
:108358000C2328E0019B1B881A46029B1344022227
:108368001A70019B1B8801339AB2019B1A80019BEA
:108378001B881A46029B134401221A70019B1B8812
:1083880001339AB2019B1A80019B1B881A46029BF3
:1083980013449DF80F201A70019B1B8801339AB271
:1083A800019B1A800023184604B0704784B00291DC
:1083B80001921A4603468DF80F301346ADF80C307B
:1083C800019B1B88DA1CBDF80C309A4201D90C239A
:1083D80028E0019B1B881A46029B134402221A704C
:1083E800019B1B8801339AB2019B1A80019B1B8851
:1083F8001A46029B13440A221A70019B1B880133F8
:108408009AB2019B1A80019B1B881A46029B13444F
:108418009DF80F201A70019B1B8801339AB2019BAB
:108428001A800023184604B0704700B58FB0039037
:1084380001930B468DF80B3013468DF80A30002354
:108448008DF83330109B1B88ADF8303000230D9326
:1084580070E0039B5A680D9B9B001A4405AB10689B
:1084680018600DF11B0105AB00221846FFF7E6FD69
:108478000A900A9B0993099B002B01D0099B7BE07A
:108488009DF81B309DF80A209A4250D19DF8333050
:10849800002B01D0002300E002238DF82330109B2D
:1084A8001B881A469DF81B301A449DF823301A443D
:1084B800BDF844309A4201DD0C235DE09DF833306D
:1084C80083F00103DBB2002B16D0109B1B8801330D
:1084D8009AB2109B1A80109B1B881A46019B134462
:1084E8009DF80B201A70109B1B8801339AB2109BC1
:1084F8001A8001238DF83330109B1B881A46019B84
:108508001A440DF11B0105AB1846FFF797FD0A90B9
:108518000A9B0793079B002B01D0079B2CE0109B1D
:108528001B889DF81B2013449AB2109B1A800D9B40
:1085380001330D93039B1B881A460D9B934288DBDE
:108548009DF83330002B16D0109B1A88BDF83030B8
:10855800D31A9BB2013BADF82E30BDF82E30FF2B5D
:1085680001D90C2308E0BDF83030019A1344BDF856
:108578002E20D2B21A70002318460FB05DF804FB03
:1085880000B58BB0059003930B468DF81330134656
:108598008DF812309DF81310BDF8343001930C9B00
:1085A8000093039B02220598FFF73FFF0990099B60
:1085B8000893089B002B01D0089B14E09DF812102B
:1085C800BDF8343001930C9B0093039B102205984F
:1085D800FFF72BFF0990099B0793079B002B01D0FE
:1085E800079B00E0002318460BB05DF804FB82B03F
:1085F8000190019B1B88052B0AD9019B1B88B3F5A9
:10860800486F07D9019B1B884FF6FF72934201D030
:10861800072325E0019B5B88052B0AD9019B5B8812
:10862800B3F5486F07D9019B5B884FF6FF729342F9
:1086380001D0072314E0019B1B884FF6FF72934279
:108648000DD0019B5B884FF6FF72934207D0019BC8
:108658001A88019B5B889A4201D9072300E000230E
:10866800184602B0704700B587B003900291019296
:10867800ADF80230019B1B889A1DBDF802309A4262
:1086880001D90C234BE00398FFF7B1FF0590059B38
:108698000493049B002B01D0049B40E0019B1B88A2
:1086A8001A46029B134405221A70019B1B8801334A
:1086B8009AB2019B1A80019B1B881A46029B13449D
:1086C80012221A70019B1B8801339AB2019B1A80EF
:1086D800039B1A88019B1B881946029B0B44194669
:1086E8001046FFF7AFFC03461A46019B1B8813444C
:1086F8009AB2019B1A80039B5A88019B1B881946D2
:10870800029B0B4419461046FFF79CFC03461A4689
:10871800019B1B8813449AB2019B1A8000231846B8
:1087280007B05DF804FB00B587B003900291019291
:10873800ADF80230039B9B8802330593019B1B888D
:108748001A46059B13449A1CBDF802309A4201D977
:108758000C2353E0059BFE2B01D90C234EE0059B0F
:10876800DAB2019B1B881946029B0B440132D2B234
:108778001A70019B1B8801339AB2019B1A80019BD6
:108788001B881A46029B1344FF221A70019B1B8800
:1087980001339AB2019B1A80039B1A88019B1B889C
:1087A8001946029B0B4419461046FFF74BFC03463B
:1087B8001A46019B1B8813449AB2019B1A80039B9B
:1087C8009B88002B19D0039B9B68002B01D10723A2
:1087D80014E0019B1B881A46029B9818039B996812
:1087E800039B9B881A4608F02FF9019B1A88039B64
:1087F8009B8813449AB2019B1A800023184607B03D
:108808005DF804FB00B589B0039002910192ADF8C0
:108818000230039B9B6A002B01D1072371E00023E0
:108828008DF81F3065E0039B996A9DF81F20134659
:108838005B0013449B000B440693069B9B88023302
:108848000593059BFE2B01D90C235AE0059BDAB250
:10885800019B1B881946029B0B440132D2B21A7045
:10886800019B1B8801339AB2019B1A80019B1B88CC
:108878001A46029B134416221A70019B1B88013367
:108888009AB2019B1A80069B1A88019B1B8819467D
:10889800029B0B4419461046FFF7D4FB03461A46C1
:1088A800019B1B8813449AB2019B1A80069B9B88E4
:1088B800002B19D0069B9B68002B01D1072320E0D1
:1088C800019B1B881A46029B9818069B9968069B71
:1088D8009B881A4608F0B8F8019B1A88069B9B8863
:1088E80013449AB2019B1A809DF81F3001338DF80A
:1088F8001F30039B93F82C309DF81F209A4292D387
:108908000023184609B05DF804FB00B595B0059042
:108918000491039200231393039B1B88ADF84A30FC
:10892800039B00221A80059B93F82D30002B0ED054
:10893800BDF84A301A4603990498FFF799FB13903B
:10894800139B1193119B002B01D0119BD8E0059B21
:108958009B78002B0ED0BDF84A301A46039904982C
:10896800FFF796FC1390139B1093109B002B01D0DC
:10897800109BC5E0059BDB78002B10D0059BDB78AE
:1089880058B2BDF84A30039A0499FFF7D0FC139007
:10899800139B0F930F9B002B01D00F9BB0E0059BFF
:1089A8005B68002B11D0059B5B6893F90000BDF84C
:1089B8004A30039A0499FFF7F9FC1390139B0E931E
:1089C8000E9B002B01D00E9B9AE0059B1B89002B68
:1089D80014D0059B03F10800BDF84A300193039BAE
:1089E8000093049B06220221FFF7CAFD1390139BF4
:1089F8000D930D9B002B01D00D9B81E0059B1B8ADD
:108A0800002B14D0059B03F11000BDF84A300193E8
:108A1800039B0093049B07220321FFF7B1FD1390EA
:108A2800139B0C930C9B002B01D00C9B68E0059BBF
:108A38001B8B002B14D0059B03F11800BDF84A309E
:108A48000193039B0093049B15221421FFF798FDC3
:108A58001390139B0B930B9B002B01D00B9B4FE0A8
:108A6800059B1B6A002B0FD0059B186ABDF84A307E
:108A7800039A0499FFF7F7FD1390139B0A930A9B37
:108A8800002B01D00A9B3BE0059B5B6A002B0FD0B3
:108A9800059B586ABDF84A30039A0499FFF743FECC
:108AA8001390139B0993099B002B01D0099B27E086
:108AB800059B93F82C30002B0ED0BDF84A30039A52
:108AC80004990598FFF79EFE1390139B0893089B43
:108AD800002B01D0089B13E0059B1B78002B0ED0C0
:108AE800BDF84A30039A04990598FFF72AFB1390BA
:108AF800139B0793079B002B01D0079B00E0139B58
:108B0800184615B05DF804FB86B0039001921A462A
:108B18000B46ADF80A3013468DF80930039B002B3D
:108B280002D0019B002B01D100233BE00023ADF8CC
:108B380016300CE0BDF81630039A13441B781A4619
:108B4800BDF8163013449BB20133ADF81630019BC3
:108B58001B88BDF816209A4209D3BDF81630013398
:108B6800039A13441B789DF809209A4205D0BDF852
:108B78001620BDF80A309A42DCD3BDF81620BDF89D
:108B88000A309A4201D300230CE0BDF816300233B4
:108B98009AB2019B1A80BDF81630039A13441B78C9
:108BA800013B9BB2184606B0704700B585B00190EE
:108BB8000B46ADF8023013468DF801300023ADF8AE
:108BC8000C309DF8013003AABDF802100198FFF798
:108BD8009BFF0346ADF80E30BDF80E30002B01D1D7
:108BE800002304E0BDF80C301A46019B13441846D4
:108BF80005B05DF804FB72DF704700BF184673DFED
:108C0800704700BF184682B00190019B93F8543218
:108C1800184602B0704784B00190002303930AE01D
:108C2800019A039B13441B78002B01D0012306E013
:108C3800039B01330393039B052BF1D900231846AB
:108C480004B0704782B003468DF807309DF80730AE
:108C58005A1C074B83FB02135910D317C91A0B462A
:108C68009B000B44D11ACBB2184602B0704700BF24
:108C78006766666682B001900091009BDB7B012BE2
:108C880004D1009B9A88019BA3F8482200BF02B038
:108C9800704700B585B001900091019B002283F8D0
:108CA8005222009B9A88019BB3F848329A4216D107
:108CB800019B1B7983F00103DBB2002B0FD001214C
:108CC800019800F0ABFA0390039B002B07D0019B9F
:108CD8009B6B002B03D0019B9B6B0398984700BFAD
:108CE80005B05DF804FB00B585B001900091009BCC
:108CF8001B88262B1ED1009B1B7A012B03D0009BBF
:108D08001B7A022B17D1019B9B781846FFF79AFF15
:108D180003461946019800F081FA0390039B002B43
:108D280009D0019B9B6B002B05D0019B9B6B039883
:108D3800984700E000BF05B05DF804FB00B585B0BA
:108D480001900B468DF80330019B03F24B23184624
:108D5800FFF761FF03468DF80F309DF80330013BA4
:108D6800032B33D801A252F823F000BF858D0200EF
:108D7800A98D0200BD8D0200C98D0200019B9B795F
:108D8800002B0DD0019B93F8243083F00103DBB254
:108D9800002B05D09DF80F30002B01D0012316E0E1
:108DA800019BDB79002B05D09DF80F30002B01D0FB
:108DB80002230CE0019B1B7A002B01D0032306E061
:108DC800019B5B7A002B01D0042300E000231846A6
:108DD80005B05DF804FB00BF82B001900091019BD3
:108DE800012283F83120019B0022C3F84422019B11
:108DF80003F24A22009B5A60009B00229A60009B63
:108E080002221A70009B80229A810023184602B021
:108E1800704782B001900091019B022283F83120B3
:108E2800019B93F82430002B03D0009B07221A7073
:108E380002E0009B03221A70019B1B699AB2009BF7
:108E48009A81019B0022C3F84422019B03F24A2223
:108E5800009B5A60019BDA68009B9A6000231846C1
:108E680002B0704700B583B00190019B5B79002B7D
:108E78000FD0019B93F8523283F00103DBB2002B31
:108E880007D00198FFF7BFFE0346002B01D001234E
:108E980000E0002303F00103DBB2184603B05DF8DD
:108EA80004FB00B585B001900B468DF80330019B9B
:108EB800D3F83402019BB3F8383201221946FFF780
:108EC80074FE0390039B002B03D0039B9DF80320A3
:108ED8001A70019B03F15400019B03F50D71019B6E
:108EE8003C331A46FFF787FE0346184605B05DF87F
:108EF80004FB00B585B001900091019B5A69009B65
:108F08009A60019B9B699AB2009B9A81019B93F896
:108F18002430002B04D0019B062283F83C2003E078
:108F2800019B012283F83C200198FFF79BFF034631
:108F3800002B13D0009B02221A7504210198FFF719
:108F4800B0FF0390039B0293029B002B01D0029B6E
:108F58000FE0019B052283F8312003E0019B0322E7
:108F680083F83120019B03F50D72019BC3F844225D
:108F78000023184605B05DF804FB00B585B00190E4
:108F88000091019BDA69009B9A60019B1B6A9AB267
:108F9800009B9A81019B93F82430002B04D0019BFD
:108FA800062283F83C2003E0019B012283F83C2041
:108FB8000198FFF757FF0346002B13D0009B0222AE
:108FC8001A7504210198FFF76CFF0390039B029325
:108FD800029B002B01D0029B0FE0019B062283F825
:108FE800312003E0019B042283F83120019B03F523
:108FF8000D72019BC3F844220023184605B05DF8A2
:1090080004FB82B00190019B9B78002B06D0019B4A
:1090180093F82030002B01D000230AE0019B9B6AC3
:10902800042B03D0019B5B6A042B01D1002300E0D1
:109038000123184602B0704782B001900B468DF8A4
:109048000330019B9DF8032083F8302000BF02B055
:10905800704730B587B001900091009B002B02D07B
:10906800019B002B01D10E23C4E0009B78331846E6
:10907800FFF7C7FF034683F00103DBB2002B01D0E3
:109088000723B7E0019B00229A70019A009B141DE8
:1090980003F178050FCD0FC40FCD0FC495E8070075
:1090A80084E80700019B002283F83020009BD3F856
:1090B800A420019B5A63009BD3F8A820019B9A63C4
:1090C800019B4FF6FF72A3F84822019B03F50D722E
:1090D800019BC3F84422019B03F24A230722002183
:1090E800184607F0E3FC019B1B7883F00103DBB211
:1090F800002B03D0019BFF2283F85420019B03F12E
:109108005502019BC3F83422019B93F82430002BAD
:1091180004D0019BEE22A3F8382203E0019B1F2212
:10912800A3F838220098019B03F15501019B03F530
:109138000E731A46FFF7E9FB0590059B0493049B01
:10914800002B01D0049B55E0019B03F24312019BC5
:10915800C3F83C22019B93F82430002B04D0019BD8
:10916800EE22A3F8402203E0019B1F22A3F840222D
:10917800009B03F13C00019BD3F83C12019B03F5D3
:1091880010731A46FFF7C1FB0590059B0393039BD9
:10919800002B01D0039B2DE0019B012283F8512075
:1091A800019B9B699AB2019BA3F84820019B01226D
:1091B80083F83C20019B00221A64019B002283F85B
:1091C8005020019B5A69019B5A64019B03F154008A
:1091D800019B3C331A460021FFF70DFD0590059BC6
:1091E8000293029B002B01D0029B03E0019B01220A
:1091F8001A70059B184607B030BD82B00190019BDC
:109208001B68012B03D0019B1B68022B01D1012392
:1092180000E00023184602B07047000000B585B092
:1092280001900B468DF80330019B1B7883F00103F6
:10923800DBB2002B01D0082309E1019B9DF8032034
:109248009A70019B03F24A2307220021184607F06F
:109258002DFC019B9B79002B03D0019B9B78012B54
:109268000FD0019BDB79002B03D0019B9B78012B4E
:1092780007D0019BDB79002B14D0019B9B78022B34
:1092880010D1019B5B6B002B08D0019B012283F856
:109298005122019B5B6B0820984703E0019B002249
:1092A80083F851229DF8033019460198FFF746FDCF
:1092B80003461A46019B9A70019B5B6B002B20D0DA
:1092C800019B9B78032B03D0019B9B78042B18D11F
:1092D800019B5B79002B14D0019B93F8523283F0E9
:1092E8000103DBB2002B0CD0019B002283F854222F
:1092F800019B012283F85322019B5B6B072098474F
:1093080003E0019B002283F85322019B3C3318227F
:109318000021184607F0CAFB019B012283F83C2074
:10932800019B2C331846FFF768FF0346002B06D035
:10933800019BDB6ADAB2019B83F8512003E0019BB1
:10934800012283F85120019B93F82430002B12D07E
:10935800019B2C331846FFF750FF0346002B06D01D
:10936800019B9B6ADAB2019B83F8522003E0019BC0
:10937800012283F85220019B002283F85020019B90
:109388009B78042B31D801A252F823F0E99302000C
:10939800A9930200B9930200C9930200D99302006D
:1093A800019B3C3319460198FFF716FD03901DE019
:1093B800019B3C3319460198FFF72BFD039015E0FC
:1093C800019B3C3319460198FFF793FD03900DE08C
:1093D800019B3C3319460198FFF7CFFD039005E048
:1093E800019B002283F8312000E000BF019B9B789D
:1093F800002B20D0019B03F15400019BD3F84412A9
:10940800019B3C331A46FFF7F6FB0390039B002BA6
:1094180001D0039B1BE0019B93F85420019B93F818
:10942800303019461046FFF7EAFB0390039B002BE8
:1094380001D0039B0BE0019B5B6B002B06D0019BCB
:109448005B6B019A92F83120104698470023184622
:1094580005B05DF804FB00BF00B585B00190009130
:10946800009B0393019B1B88262B10D0262B13DC13
:10947800102B02D0112B05D00EE001990398FFF7AD
:10948800F9FB0AE001990398FFF703FC05E001994D
:109498000398FFF728FC00E000BF00BF05B05DF8A7
:1094A80004FB82B00190009100BF02B0704775DFE5
:1094B800704700BF184676DF704700BF18467ADF4E
:1094C800704700BF18467BDF704700BF1846000092
:1094D80084B00346ADF806300023039316E00F4925
:1094E800039A13469B0013449B000B441B88BDF84A
:1094F80006209A4207D1039A13469B0013449B0007
:10950800064A134406E0039B01330393039B002B95
:10951800E5D00023184604B0704700BF0C2E002089
:1095280082B001900B46ADF80230019BBDF80220D5
:109538001A80019B00221A72019B054903F10A0255
:109548000B4603CB1060516000BF02B0704700BFEC
:109558003C2E002082B00190019B4FF6FF721A80CA
:1095680000BF02B0704788B00390029111461A46B6
:109578000B46ADF806301346ADF80430039B9B88C4
:109588001A46BDF8063013440793039B9B88194677
:10959800039B9B88BDF80620934228BF13469BB2C5
:1095A800CB1A0693039BDB881A46BDF80430134494
:1095B8000593039BDB881946039BDB88BDF80420D1
:1095C800934228BF13469BB2CB1A0493029B5A8836
:1095D800039B1B889A4205D3029B5A88039B5B888E
:1095E8009A4201D900231CE0029B9B881A46069BDD
:1095F800934205D8029B9B881A46079B934201D247
:1096080000230EE0029BDB881A46049B934205D890
:10961800029BDB881A46059B934201D2002300E097
:109628000123184608B0704700B583B00190064B77
:109638009B69002B03D0044B9B690198984700BF96
:1096480003B05DF804FB00BF202E002000B585B0F4
:1096580003460091ADF80630BDF80630009918466B
:10966800FFF725FF0390039B002B05D0039B112BCD
:1096780002D00398FFF7D8FF039B002B0CBF0123F0
:109688000023DBB2184605B05DF804FB00B589B0CD
:109698000190019B0793079B9BB21846FFF718FFA1
:1096A8000690069B002B42D0069B1A7A224B1B7B06
:1096B8009A4215D2079B9AB2069B0A33194610465E
:1096C800FFF7C4FF03468DF813309DF81330002BC5
:1096D8002DD0069B1B7A0133DAB2069B1A7226E05C
:1096E800069B00221A72144B1B7C002B0FD0079B81
:1096F8009BB23B211846FFF7DEFE0590059B002B29
:1097080005D0059B082B02D00598FFF78DFF0A4B63
:109718005B69002B0BD000238DF80C30079B9BB2A4
:10972800ADF80E30044B5B6903AA1046984700BF9A
:1097380009B05DF804FB00BF202E002030B587B0CB
:109748000190019B002B01D10E2353E02B4A019B72
:1097580014461D460FCD0FC495E8070084E807009E
:10976800264B274A1A60019B1B68002B11D0019BCE
:109778001B681846FFF7A3FE0490049B002B01D03A
:10978800049B37E0019B1A681D4B1068516803C39E
:1097980008E01B48FFF797FE0490049B002B01D0BC
:1097A800049B27E00023059320E0059A13469B00BD
:1097B80013449B00134A134403930398FFF7CAFE0C
:1097C800059B5B01104A1A44039B5A60039B0433B0
:1097D8000E4A0021184604F09BF80490049B002BC5
:1097E80001D0032306E0059B01330593059B002B5D
:1097F800DBD00023184607B030BD00BF202E002064
:109808003C2E00200C2E0020EC2D00209596020006
:1098180000B587B003460091ADF80630009B5B7A2F
:10982800002B1AD1009B1B7A002B03D1164B5B68C7
:10983800059302E0144B9B680593009B5B68BDF899
:1098480006200599184604F093F80490049B002B11
:1098580016D00498FFF7E8FE12E0009B00221A7267
:10986800094B5B69002B0BD001238DF80C30BDF838
:109878000630ADF80E30044B5B6903AA10469847D2
:1098880000BF07B05DF804FB202E002000B585B0AE
:109898000190019BDB7B8DF80F30019B9B88ADF815
:1098A8000C309DF80F30012B2CD14FF6FF70FFF7CD
:1098B8000FFE0290029B002B03D10420FFF7B4FE99
:1098C80021E0BDF80C3019460298FFF729FE029BEB
:1098D80003F10A00019B03F110014FF6FF7340F2F8
:1098E800F312FFF740FE03461A46029B5A72074BD3
:1098F800DB89002B07D1BDF80C3002991846FFF719
:1099080087FF00E000BF05B05DF804FB202E0020B3
:1099180000B587B00190019B9B88ADF81630BDF863
:1099280016301846FFF7D4FD0490049B002B0ED088
:10993800049B5B68184604F04DF80390039B002BCA
:1099480002D00398FFF770FE0498FFF703FE00BFEC
:1099580007B05DF804FB000000B587B00190019BDB
:1099680006330593059B1A88194BDB899A422BD13C
:10997800059B5B89022B27D1019B9B88ADF8123090
:10998800BDF812301846FFF7A3FD0390039B002B88
:109998001AD0059B0C33184600F036FA0346002B04
:1099A80006D0BDF8123003991846FFF731FF0BE0D7
:1099B800039B5B68184604F00DF80290029B002B8D
:1099C80002D00298FFF730FE00BF07B05DF804FB35
:1099D800202E002000B585B00190019B9B88ADF832
:1099E8000E30BDF80E301846FFF772FD0290029B4C
:1099F800002B15D0029B03F10A00019B03F108011B
:109A08004FF6FF7340F2F312FFF7ADFD03461A4617
:109A1800029B5A72BDF80E3002991846FFF7F8FEFD
:109A280000BF05B05DF804FB00B583B0019000915C
:109A3800019B1B88502B12D0502B18DC122B12D0F4
:109A4800122B14DC102B02D0112B04D00FE001983C
:109A5800FFF71CFF0CE00198FFF75AFF08E0019898
:109A6800FFF77AFF04E00198FFF7B4FF00E000BFBA
:109A780000BF03B05DF804FB30B58FB001900091D2
:109A880000230293009B002B1AD000230D9314E0AF
:109A98006B460D99184604F0B1F80346002B09D01F
:109AA800029B5A1C02920D9A92B25B0038336B44A7
:109AB80023F82C2C0D9B01330D930D9B132BE7D909
:109AC800019B1D4602AC0FCC0FC50FCC0FC594E807
:109AD800070085E8070001980FB030BD00B583B0D6
:109AE8000346ADF80630BDF80630132B01D9002324
:109AF8000CE0BDF806301946064804F04EF8BDF8EB
:109B080006301946044804F048F80123184603B003
:109B18005DF804FB4C2E0020482E002000B585B0CF
:109B28000346ADF80630002303930DE0039B9B002A
:109B3800094A13440433BDF806201146184604F0B8
:109B480044F8039B01330393039B1C2BEED900BFFE
:109B580000BF05B05DF804FB442E002000B583B0BB
:109B68000346ADF80630BDF806301946034804F040
:109B78002CF800BF03B05DF804FB00BF4C2E00209A
:109B880030B59BB0184B9B68DB431893164B5A684B
:109B980018AB1146184604F090F8189A6B4611460F
:109BA8001846FFF769FF0DAC6D460FCD0FC40FCDFA
:109BB8000FC495E8070084E80700002319930BE019
:109BC800199B5B0068336B4433F8303C1846FFF749
:109BD800A5FF199B013319930D9B199A9A42EFD34C
:109BE80000BF00BF1BB030BD442E002000B585B0BB
:109BF80001900091019B9B88ADF80E30019B1B885A
:109C08001A2B2AD01A2B68DC102B02D0112B1ED04D
:109C180063E0FFF7B5FFBDF80E301846FFF75EFFAB
:109C2800034683F00103DBB2002B05D02D4AE32164
:109C3800042003F055F84FE0019BDB7B012B4BD050
:109C4800BDF80E301946284803F0A7FF44E0BDF8D8
:109C58000E301846FFF782FF3FE0019B1B7AC3F3E3
:109C68000313DBB2012B8CBF012300238DF80D30C9
:109C7800019B1B7AC3F30313DBB2022B8CBF0123B6
:109C880000238DF80C309DF80D30002B17D0BDF84F
:109C98000E301946154803F080FF9DF80C30002B54
:109CA80006D0BDF80E301946114803F076FF14E0CF
:109CB800BDF80E3019460E4803F087FF0DE0BDF8D9
:109CC8000E301946094803F080FFBDF80E301946DA
:109CD800074803F07AFF00E000BF00BF05B05DF859
:109CE80004FB00BF8C0F0300502E0020542E0020D0
:109CF800582E002000B583B00346ADF80630BDF8F5
:109D08000630132B01D9002306E0BDF806301946AA
:109D1800034803F073FF0346184603B05DF804FBDD
:109D2800482E002000B583B00346ADF80630BDF8D4
:109D380006301846FFF7DEFF0346002B02D0BDF8B9
:109D4800063000E01423184603B05DF804FB00B5A4
:109D580087B003900B460192ADF80A30019B002BA7
:109D680001D10E2338E0019B00221A60039B002BCF
:109D780001D10E2330E0039B1B68002B01D10E2379
:109D88002AE0039BDB8803F003039BB2002B01D07E
:109D9800072321E0BDF80A301846FFF7C3FF034642
:109DA8008DF817309DF81730142B01D1052313E0D7
:109DB800039B1B799DF817209A4201D304230BE0DB
:109DC800039B1B689DF817200399C98801FB02F2C1
:109DD8001A44019B1A600023184607B05DF804FB7B
:109DE80082B00190019B1B781AB2019B01331B784A
:109DF8001B021BB213431BB29BB2184602B070473A
:109E0800AADF704700BF184600B585B001900198D9
:109E1800FFF7E6FF0346ADF80E30BDF80E3003F04D
:109E28000103002B14BF01230023DBB2184605B041
:109E38005DF804FB82B0034600918DF80730009A64
:109E480013786FF303031370009A13786FF30713F3
:109E580013709DF80730052B5BD801A252F823F048
:109E6800819E0200979E0200B19E0200CB9E0200D6
:109E7800E59E0200FF9E0200009A13786FF3030329
:109E88001370009A13786FF30713137040E0009A69
:109E98001378012161F303031370009A13780121E9
:109EA80061F30713137033E0009A1378012161F30B
:109EB80003031370009A1378022161F307131370D8
:109EC80026E0009A1378012161F303031370009AC6
:109ED8001378032161F30713137019E0009A1378BC
:109EE800022161F303031370009A1378012161F3CF
:109EF800071313700CE0009A1378022161F303032F
:109F08001370009A1378022161F30713137000BFCE
:109F180000BF00BF02B0704700B595B0034602917C
:109F28000192ADF80E30029B9B78002B03D10123E0
:109F38008DF81E3003E0029B9B788DF81E30029B43
:109F48001B88ADF81C3006AB03220021184606F02A
:109F5800ADFD029B5B7C06AA11461846FFF76AFF17
:109F6800029B9A7C06AB013319461046FFF762FF45
:109F7800029BDA7B9DF81A3062F3C3038DF81A301E
:109F8800029B1A7C9DF81A3062F304138DF81A307C
:109F9800029B1A7B9DF81A3062F300038DF81A3081
:109FA800029B1B7D002B01D0022200E001229DF8BC
:109FB8001A3062F342038DF81A300DAB1C220021CF
:109FC800184606F073FD029B5B7B03F01003DBB2BF
:109FD800002B06D1029B5B7B03F02003DBB2002B36
:109FE80024D004AB03220021184606F05FFD029B33
:109FF800DA7C04AB013319461046FFF71BFF9DF8C6
:10A008001030012262F303038DF810309DF81030F0
:10A01800012262F307138DF810309DF812300122E7
:10A0280062F342038DF8123004AB1293029B5B7B00
:10A038008DF83430029B9B7B8DF8353008AB1422A9
:10A048000021184606F032FD07AB089306AB0993CA
:10A05800029B9B88ADF82C30029B9B68002B06D096
:10A06800029BDB88ADF82830029B9B680C93029B0F
:10A078009B69002B4FD005AB03220021184606F040
:10A0880015FD029B9B691B88ADF83C30029B9B69C0
:10A098005B88ADF83E30029B9B695B680E9305AB0D
:10A0A8001193029B9B691B7B05AA11461846FFF773
:10A0B800C1FE029B9B695A7B05AB013319461046CA
:10A0C800FFF7B8FE029B9B699A7A9DF8163062F3F7
:10A0D800C3038DF81630029B9B69DA7A9DF8163017
:10A0E80062F304138DF81630029B9B691A7A9DF867
:10A0F800163062F300038DF81630029B9B699B7B38
:10A10800002B01D0022200E001229DF8163062F3F4
:10A1180042038DF81630029BDB69002B02D0029BAC
:10A12800DB69109308AA0DA9BDF80E00019BFFF783
:10A1380067FE0346184615B05DF804FB90DF7047CC
:10A1480000BF1846A5DF704700BF1846B5DF704747
:10A1580000BF184682B00190019BF7221A80019B2C
:10A1680017225A80019B00221A71019B00225A7102
:10A17800019BFB229A71019B1B22DA7100BF02B07E
:10A188007047000030B589B003460A46ADF806307E
:10A198001346ADF80430BDF80430ADF81430BDF8FE
:10A1A8000430ADF816300023ADF818300023ADF8B0
:10A1B8001A3003AB00221A609A8003AA05A9BDF8D9
:10A1C80006301846FFF7BAFF0790079B002B39D0D7
:10A1D8001E4A1F4BD31ADB081B0443F00104BDF8C9
:10A1E8000650079804F0E2FC03462A46194920461F
:10A1F80005F0BBF9BDF80C30002B03D1BDF80E30CB
:10A20800002B0ED0114A124BD31ADB081B0443F063
:10A218000100BDF80C301A46BDF80E300E4905F0A5
:10A22800A4F9BDF81030002B0CD0084A084BD31AFB
:10A23800DB081B0443F00103BDF81020074918464A
:10A2480005F082F9079B184609B030BDE00B030002
:10A25800980B030008100300541003009410030027
:10A2680010B586B001900091009B9B88ADF80E3028
:10A27800BDF80E30DB00019A134406330593019BA9
:10A288001A79059B9A71009BDB7B012B02D0022B6C
:10A2980005D009E0019B1A88059B1A8004E0019B00
:10A2A8005A88059B1A8000BF059B1A88059B5B8806
:10A2B8009A4226D9059B1A88BDF80E3011461846D1
:10A2C800FFF740FF0490049B002B03D1059B01225C
:10A2D8005A7116E0049B112B03D1059B01221A71B8
:10A2E8000FE0114A114BD31ADB081B0443F0010499
:10A2F800049804F05BFC03461A460D49204605F015
:10A3080023F9059B9A79059BDB799A4208D9059B25
:10A318009B791A46BDF80E3011461846FFF732FFF2
:10A3280000BF06B010BD00BFE00B0300980B030090
:10A33800EC10030000B583B001900091009B9B884E
:10A34800DB00019A134406331846FFF703FF00BFEA
:10A3580003B05DF804FB00B587B001900091009B45
:10A368009B88ADF81630009B5B89ADF81430BDF8BA
:10A378001630DB00019A134406330493049B1B88B0
:10A38800BDF81420934228BF13469AB2049B5A8002
:10A39800049B5B88172B38BF17239AB2049B5A80FB
:10A3A800019B1B69002B15D0049B5B79002B11D0F6
:10A3B80040F67723ADF80830BDF81630ADF80A300E
:10A3C800049B5B88ADF80C30019B1B6902AA1146FF
:10A3D80001989847049B00225A71049B00221A7125
:10A3E80000BF07B05DF804FB10B588B0019000917C
:10A3F800009B9B88ADF81A30009BDB88ADF81830BD
:10A40800BDF81A30DB00019A134406330593BDF8F2
:10A418001830172B38BF1723ADF81830059B1B8849
:10A42800BDF81820934228BF13469AB2059B5A805C
:10A43800059B00221A71059B1A88BDF81A3011462F
:10A448001846FFF783FE0790079B002B0FD0174A8B
:10A45800174BD31ADB081B0443F00104079804F0D8
:10A46800A5FB03461A461349204605F06DF8059BDF
:10A478005B79002B16D1019B1B69002B13D040F68A
:10A488007723ADF80C30BDF81A30ADF80E30059BC7
:10A498005B88ADF81030019B1B6903AA114601982F
:10A4A800984700E000BF08B010BD00BFE00B0300F4
:10A4B800980B03002011030030B591B00190009172
:10A4C800009B04AC1D1D0FCD0FC40FCD0FC495E824
:10A4D800070084E80700BDF81030ADF83E30BDF83D
:10A4E8001420BDF83E30D1B2019ADB0013440A466D
:10A4F8005A73019B1B69002B19D002AB00221A600A
:10A508009A804DF67A23ADF80830BDF83E30ADF8A4
:10A518000A30BDF83E30019ADB0013445B7B8DF8AE
:10A528000C30019B1B6902AA11460198984700BF8D
:10A5380011B030BD00B587B001900091009B043385
:10A548000593059B1B88DB00019A1344063304938B
:10A55800059B9B888DF80F30049B9B799DF80F20F5
:10A56800934228BF13468DF80E30059B1B889DF833
:10A578000E2092B211461846FFF704FE00BF07B03E
:10A588005DF804FB00B585B001900091019B002B9C
:10A5980001D10E231DE0019B009A1A61019BF7224D
:10A5A8001A80019BF7225A80019BFB221A71002313
:10A5B80003930AE0039BDB00019A13440633184611
:10A5C800FFF7C8FD039B01330393039B002BF1D0D6
:10A5D8000023184605B05DF804FB82B001900B46D5
:10A5E800ADF80230019B002B01D10E230EE0BDF81F
:10A5F8000230162B03D9BDF80230F72B01D90723F7
:10A6080004E0019BBDF802201A800023184602B01E
:10A618007047000010B586B001900091009B05932B
:10A62800019B9B88ADF81230BDF81230002B40F02A
:10A638009880019B1B88552B48D0552B55DC242B23
:10A6480032DC102B51DB103B142B4ED801A252F8F0
:10A6580023F000BFB7A60200C1A60200F3A60200BD
:10A66800F3A60200F3A60200F3A60200F3A6020076
:10A67800F3A60200F3A60200F3A60200F3A6020066
:10A68800F3A60200F3A60200F3A60200F3A6020056
:10A69800F3A60200F3A60200F3A60200F3A6020046
:10A6A800E9A60200DFA602003A2B0AD01DE00199B4
:10A6B8000598FFF7D5FD19E001990598FFF73AFECF
:10A6C80014E001990598FFF746FE0FE001990598F7
:10A6D800FFF78AFE0AE001990598FFF7EDFE05E00D
:10A6E80001990598FFF726FF00E000BFBDF812307A
:10A6F800059ADB0013449B7A002B33D0BDF8123047
:10A70800059ADB001344DA88BDF812301146184662
:10A71800FFF718FD0390039B002B0ED1BDF81230F4
:10A72800059ADB00134400229A72BDF81230059A8C
:10A73800DB0013440122DA7214E0039B112B11D0C1
:10A74800094A0A4BD31ADB081B0443F00104039897
:10A7580004F02CFA03461A460549204604F0F4FE94
:10A7680000E000BF06B010BDE00B0300980B03002B
:10A77800EC100300B0DF704700BF184666DF704773
:10A7880000BF184682B001900091019B002B01D1B7
:10A798000E2316E0009B002B01D10E2311E0019B34
:10A7A8001B78DE2B01D108230BE0009B1A68019B64
:10A7B8005A60019BDE221A70019B4FF6FF725A8085
:10A7C8000023184602B0704782B001900B46ADF8DE
:10A7D8000230019B002B01D10E230AE0019B1B785C
:10A7E800DE2B01D0082304E0019BBDF802205A802B
:10A7F8000023184602B0704700B585B00190019B50
:10A808001B7A002B18D0019B5B8800211846FFF7A4
:10A81800B5FF0390039B002B03D1019B00221A7202
:10A828000AE0039B112B03D1019B01221A7203E05A
:10A83800019B5B680398984700BF05B05DF804FB6F
:10A8480000B583B001900091009B1B79012B0BD1BF
:10A85800009B1A88019B5B889A4205D1019B0122C3
:10A868001A720198FFF7C8FF00BF03B05DF804FB38
:10A8780082B00190009100BF02B0704700B589B066
:10A8880001900091009B1A88019B5B889A4236D1FF
:10A89800009B02330793079B1B78022B31D1079B40
:10A8A8001B7A042B07D0079B1B7A062B03D0079B28
:10A8B8001B7A052B27D102AB00221A605A609A60D6
:10A8C800DA6002238DF808304FF4C073ADF80C300D
:10A8D800079B1B7A052B02D10023ADF80C30009B97
:10A8E8001B8802AA11461846FFF744FF0690069BEC
:10A8F800002B09D0019B5B680698984704E000BFCD
:10A9080002E000BF00E000BF09B05DF804FB00B53D
:10A9180085B001900091009B002B43D0019B002B38
:10A9280040D0009B0393039B1B78DE2B3AD1019BFD
:10A938009A88039B5B889A4202D10398FFF75CFFD1
:10A94800019B1B88512B18D0512B28DC112B1BD0B5
:10A95800112B24DC012B02D0022B07D01FE0019B16
:10A96800043319460398FFF76BFF1BE0019B043380
:10A9780019460398FFF77CFF14E0019B043319463E
:10A988000398FFF77BFF0DE0019B9A88039B5B8888
:10A998009A4206D1039B4FF6FF725A8001E000BF2E
:10A9A80000E000BF05B05DF804FBA8DF704700BFFA
:10A9B8001846ADDF704700BF1846AEDF704700BFCE
:10A9C800184662DF704700BF184600B58FB0019087
:10A9D800009100230393019B5869009B9B8803AA5D
:10A9E8001946FFF7B4F90D9005AB08220021184667
:10A9F80006F05CF804AB06930223ADF8143000238C
:10AA0800ADF81630009B9888019B1B8A05AA194649
:10AA1800FFF7CFFF0D900D9B002B26D1019B9B6963
:10AA2800002B22D0069B1846FFF7EEF90346002BB1
:10AA38001BD0039B002B02D0039B01221A7007AB8B
:10AA480018220021184606F031F802238DF81C3030
:10AA5800019B0893009B9B88ADF82430039B0A93C5
:10AA6800019B9B6907AA1046984700BF0FB05DF885
:10AA780004FB00B58DB001900091009B06330B9349
:10AA8800019B5869009B9B8803AA1946FFF75FF949
:10AA98000A9004AB18220021184606F007F8019B1B
:10AAA8000593009B9B88ADF81830039B07930B9B7D
:10AAB8001A88019B1B899A4225D10B9B5B89022B23
:10AAC80021D1039B002B38D00B9B0C331846FFF782
:10AAD8009BF90346002B06D0039B01221A70022320
:10AAE8008DF8103005E0039B00221A7003238DF8BF
:10AAF8001030019B9B69002B1FD0019B9B6904AA06
:10AB08001046984719E00B9B1A88019B9B899A422B
:10AB180014D1019B9B69002B10D000238DF81030B5
:10AB28000B9B0C3308930B9B5B89ADF82430019B7E
:10AB38009B6904AA1046984700E000BF00BF0DB00B
:10AB48005DF804FB00B58BB001900091019B58693A
:10AB5800009B9B8802AA1946FFF7F9F80990099B00
:10AB6800002B1AD1029B1B78002B17D003AB18229D
:10AB78000021184605F09AFF01238DF80C30019B3F
:10AB88000493009B9B88ADF81430029B0693019BAD
:10AB98009B6903AA1046984700E000BF0BB05DF818
:10ABA80004FB00B585B001900091009B002B1ED0DE
:10ABB800019B002B1BD0009B0393019B1B88572BE9
:10ABC80010D0572B15DC102B02D0502B05D010E0DD
:10ABD80001990398FFF7F9FE0CE001990398FFF734
:10ABE80048FF07E001990398FFF7ACFF02E000BFB8
:10ABF80000E000BF05B05DF804FB000010B592B09E
:10AC0800019000914F4B0AAC0FCB84E80F00019BD9
:10AC1800002B01D10E2391E0009B002B01D10E23C4
:10AC28008CE0009B1A68019B9A61019A0AAB114655
:10AC38001846FFF7C6FE1190119B1093109B002B2E
:10AC480001D0109B7AE0019B1B788DF83A300123E4
:10AC5800ADF83830019B9A1C0EAB19460120FFF75E
:10AC6800A4FE1190119B0F930F9B002B01D00F9BFB
:10AC780064E002AB20220021184605F017FF0223EA
:10AC8800ADF80830019B1B788DF80A30F423ADF835
:10AC98000C300123ADF80E3001238DF814309DF8E7
:10ACA800153043F008038DF815309DF8153043F042
:10ACB80004038DF8153001238DF8193001238DF820
:10ACC8001A30019B5888019B03F10C0202AB19460C
:10ACD800FFF722F91190119B002B01D0119B2DE059
:10ACE80002AB20220021184605F0E0FE0323ADF850
:10ACF8000830019B1B788DF80A30F423ADF80C302E
:10AD08000123ADF80E3001238DF814309DF815306D
:10AD180043F010038DF8153001238DF81930012305
:10AD28008DF81A3001238DF81B30019B5888019B40
:10AD38001A1D02AB1946FFF7EFF80346184612B082
:10AD480010BD00BF5811030000B58DB003900291EB
:10AD58000192ADF80230039B002B01D10E2342E093
:10AD6800039B5B6905AABDF802101846FEF7EFFFC2
:10AD78000B900B9B0A930A9B002B01D00A9B32E095
:10AD8800BDF802304FF6FF72934202D0059B002BAC
:10AD980001D1052327E0059B1B7883F00103DBB273
:10ADA800002B01D008231EE0019B1B88F42B01D93E
:10ADB800072318E006AB10220021184605F076FE9E
:10ADC800039B9B88ADF81830029B0993019B08935D
:10ADD80001238DF81A3006AABDF80230114618462C
:10ADE800FFF7EBFD034618460DB05DF804FB0000C5
:10ADF80082B003468DF807309DF8073003F01F0234
:10AE080006499DF907305B09012000FA02F2203358
:10AE180041F8232000BF02B0704700BF00E100E006
:10AE280008B505F0DFFA034683F00103DBB2002B17
:10AE380003D105497920FBF7AFFF00F095FA034BE2
:10AE480000229A7000BF08BD70110300BC2E0020BC
:10AE580000B583B000230193144B1B78002B02D05C
:10AE6800852301931CE0114B00229A600F4B0022AE
:10AE78005A600E4B00221A610C4B0022DA600C4813
:10AE880000F036FA019005F0ADFA034683F00103AD
:10AE9800DBB2002B01D000F053FA044B01221A70E8
:10AEA800019B184603B05DF804FB00BFBC2E0020D0
:10AEB80091AF020084B00190019B1B680393039B30
:10AEC800002B03D0039B1A68019B1A60039B18464A
:10AED80004B0704700B583B0164B1B78002B04D123
:10AEE80015494FF48570FBF757FF124BDB68002BB1
:10AEF80004D1114940F20B10FBF74EFF00238DF8E7
:10AF080007300DF10703184602F0FAFD094BDB681C
:10AF1800013B084AD360074BDB68002B01D1FFF7E0
:10AF28007FFF9DF80730184602F000FE00BF03B00F
:10AF38005DF804FBBC2E00207011030000B585B03D
:10AF480003468DF807309DF80730002B02D10C4BD3
:10AF5800039301E00B4B03930398FFF7ABFF0290B9
:10AF6800029B002B06D0029B5B689DF807201046C9
:10AF78009847F1E700BF00BF05B05DF804FB00BFCC
:10AF8800C42E0020CC2E002000B583B003468DF8D7
:10AF980007309DF80730002B05D10A4B01225A7063
:10AFA8000020FFF7CBFF9DF80730012B05D1054B9B
:10AFB80001229A700120FFF7C1FF00BF03B05DF8BE
:10AFC80004FB00BFBC2E002000B583B001900091A7
:10AFD800019B002B05D1054B01225A700020FFF779
:10AFE800ADFF00BF03B05DF804FB00BFBC2E00201E
:10AFF80000B585B0034600918DF807309DF80730FD
:10B00800032B29D0032B35DC002B02D0012B04D0D5
:10B0180030E00020FFF7ECFE2DE000238DF80F3024
:10B028000DF10F03184602F06BFD154B1B7883F0EA
:10B038000103DBB2002B01D0FFF70AFF104BDB68DE
:10B0480001330F4AD3600E4B01229A709DF80F30DE
:10B05800184602F06BFD0EE0094B1B78002B04D15B
:10B06800084940F24520FBF797FE00F069F9FFF721
:10B0780031FF00E000BF00BF05B05DF804FB00BF72
:10B08800BC2E002070110300054B1B78002B04D147
:10B09800034B01221A70002300E0852318467047ED
:10B0A800D02E002082B003468DF807309DF8073077
:10B0B80003F01F0205499DF907305B09012000FADA
:10B0C80002F241F8232000BF02B0704700E100E01F
:10B0D80082B0034600918DF807309DF90730002BA8
:10B0E8000CDA009BDAB20C499DF8073003F00F0325
:10B0F800043B5201D2B20B441A7609E0009BDAB243
:10B1080006499DF907305201D2B20B4483F8002357
:10B1180000BF02B0704700BF00ED00E000E100E0B2
:10B1280082B00190019B1B0B5BB2184602B07047BE
:10B1380000B583B003460A468DF8073013468DF8EC
:10B1480006309DF80630012B03D99DF80630032BF5
:10B158000BD99DF80630042B03D99DF80630072B30
:10B1680003D908496B20FBF717FE9DF806209DF9C7
:10B17800073011461846FFF7ABFF00BF03B05DF874
:10B1880004FB00BFE011030000B583B003468DF84F
:10B1980007309DF907301846FFF784FF00BF03B05A
:10B1A8005DF804FB82B003468DF807300F4A9DF91D
:10B1B8000730002B00DA1F335B115BB252F82320F3
:10B1C8009DF90730594203F01F0301F01F0158BFD2
:10B1D8004B425BB222FA03F303F00103002B14BFC6
:10B1E80001230023DBB2184602B0704700E100E0FB
:10B1F80082B001904FF08042019BC2F8083300BF33
:10B2080002B0704782B003468DF807309DF80730CA
:10B2180003F1804301221A6000BF02B0704784B076
:10B228000346ADF80630BDF8063003F1804300222E
:10B238001A60BDF8063003F180431B680393039B33
:10B2480000BF04B0704782B00346ADF80630BDF8C1
:10B25800063003F180431B68002B14BF0123002331
:10B26800DBB2184602B0704782B001904FF08042BE
:10B27800019BC2F8183500BF02B070474FF08043F9
:10B28800D3F818341B0C03F00103002B14BF01235F
:10B298000023DBB21846704700B583B006238DF84B
:10B2A80007304FF08040FFF73BFF03461846FFF793
:10B2B80079FF034683F00103DBB2002B13D04FF074
:10B2C8008040FFF72DFF03461A469DF807301946C0
:10B2D8001046FFF72DFF4FF08040FFF721FF034690
:10B2E8001846FFF751FF00BF03B05DF804FB0000EC
:10B2F80000B585B00190019B002B03D10E49A02019
:10B30800FBF74AFD002303930C4B1B79002B02D05B
:10B31800852303930BE0094B00229A71074A019B8E
:10B328001360064B01221A71044B00225A71039BC9
:10B33800184605B05DF804FB18120300D42E00204F
:10B3480008B5074B1B79002B03D10649B920FBF739
:10B3580023FDFFF7A1FF0020FFF786FF00BF08BD10
:10B36800D42E00201812030008B50A4B1B79002BB5
:10B3780003D10949F320FBF70FFD0C20FFF742FF2B
:10B3880000BFFFF77BFF0346002BFAD100BF00BFC9
:10B3980008BD00BFD42E00201812030008B54FF4D2
:10B3A8008070FFF750FF0346002B14D04FF48070D5
:10B3B800FFF735FF0120FFF71BFF264B5B7983F072
:10B3C8000103DBB2002B06D0224B01225A71214B1C
:10B3D8001B68002098474FF48270FFF734FF03463C
:10B3E800002B0AD04FF48270FFF719FF0220FFF7F5
:10B3F800FFFE184B1B68012098474FF48870FFF731
:10B4080022FF0346002B0AD04FF48870FFF707FF8E
:10B418001020FFF7EDFE0F4B1B68022098474FF4F2
:10B428008670FFF710FF0346002B10D00A4B00224E
:10B438001A604FF48670FFF7F2FE0820FFF7D8FE77
:10B44800044B00229A71034B1B680320984700BFE6
:10B4580008BD00BFD42E0020340C004000B583B0D6
:10B468000346ADF80630BDF80630184600F026F859
:10B4780003461B68012B0CBF01230023DBB21846CF
:10B4880003B05DF804FB00B585B00346ADF806309F
:10B49800BDF80630184600F011F803461A46002396
:10B4A8001360BDF80630184600F008F803461B681C
:10B4B8000393039B00BF05B05DF804FB82B003460D
:10B4C800ADF80630BDF8063003F1804303F5C043FC
:10B4D800184602B07047000082B00190034BD3F8C1
:10B4E8000423019B1340184602B0704700600040D7
:10B4F80082B00190054A019B03F5A27352F82330EC
:10B508001B0A03F01F03184602B070470060004092
:10B5180082B00190064A019B03F5A27352F82330CA
:10B528001B0C03F00303DBB2184602B0704700BFE0
:10B538000060004000B583B00190019B1B681F2B81
:10B5480004D905494FF4F370FBF726FC4FF0A043EC
:10B55800184603B05DF804FBB412030000B585B0CB
:10B5680001900B468DF8033001AB1846FFF7E2FF58
:10B578000390019A039B02F5E07253F82230019A76
:10B5880023F44031039B02F5E07243F82210019A3C
:10B59800039B02F5E07253F822109DF803301B0458
:10B5A800019A1943039B02F5E07243F8221000BF89
:10B5B80005B05DF804FB00B585B0019001AB1846F5
:10B5C800FFF7B8FF0390019A039B02F5E07253F866
:10B5D80022301B0C03F00303DBB2184605B05DF8FC
:10B5E80004FB82B00190019BD3F81035184602B0D5
:10B5F8007047000000B587B00390029101924FF0A8
:10B60800A0430493039A029B1344012B04D91249C3
:10B6180040F21630FBF7C0FB039B059311E0059B36
:10B628009B0018336B4453F8083C1846FFF7D9FFC2
:10B638000246019B1A60019B04330193059B013369
:10B648000593039A029B1344059A9A42E7D300BFD5
:10B6580000BF07B05DF804FBB412030084B001908A
:10B668000091009B0393019BDB080293019B03F06D
:10B67800070301930122019B02FA03F30399029A3B
:10B688000A4412781340184604B0704784B00190F9
:10B698000091009B0393019BDB080293019B03F03D
:10B6A80007030193039A029B13441B785AB20121A2
:10B6B800019B01FA03F35BB2134359B2039A029B4D
:10B6C8001344CAB21A7000BF04B0704782B0019028
:10B6D800044A019B1344303393F90030184602B0F2
:10B6E800704700BFDC2E002082B00190034A019B06
:10B6F80052F82330184602B0704700BFDC2E0020F5
:10B7080000B595B000231093002303934FF4807382
:10B71800ADF83A300123129300230F9321E0BDF8CE
:10B728003A301846FFF79AFE0346002B0ED01298BF
:10B73800FFF7D2FE0346002B08D0BDF83A30184672
:10B74800FFF7A1FE109A129B13431093129B5B0004
:10B758001293BDF83A300433ADF83A300F9B0133F9
:10B768000F930F9B072BDAD94FF4BE70FFF776FEC5
:10B778000346002B0DD04FF4BE70FFF784FE109BDC
:10B7880043F00043109303AB1A4601210020FFF752
:10B7980031FF109BDBB2002B29D001231293002329
:10B7A8000F9321E0129A109B1340002B16D00F988C
:10B7B800FFF79EFE0D900F98FFF7AAFE03468DF83F
:10B7C80033300F98FFF790FF0B900B9B002B05D0A1
:10B7D8009DF833200B9B11460D989847129B5B00F0
:10B7E80012930F9B01330F930F9B072BDAD9109BF2
:10B7F800002B80F2EE8000238DF84F300023029357
:10B80800002311930AE0119B9B0050336B444FF0C7
:10B81800FF3243F84C2C119B01331193119B002BE1
:10B82800F1D000238DF84F3000230F9378E06B4A56
:10B838000F9B1344503393F900308DF82B309DF84B
:10B848002B3023F0C0030993644A0F9B13445033F1
:10B8580093F90030B3F1FF3F5FD001AB1946099867
:10B86800FFF7FCFE0346002B57D09DF82B309B09B1
:10B878008DF823300998FFF729FF03461846FFF78C
:10B8880033FF0790079B002B03D19DF82330032B30
:10B8980043D19DF82330032B04D102AB19460998F4
:10B8A800FFF7F4FE0998FFF786FE03468DF81B3074
:10B8B80003AB19460998FFF7D1FE0590059B002BAD
:10B8C80003D09DF81B30022B06D0059B002B24D1FA
:10B8D8009DF81B30032B20D19DF82330032B13D167
:10B8E8009DF81B30022B01D1032300E002238DF8C1
:10B8F80013309DF8133019460998FFF72FFE9DF86D
:10B908004F3001338DF84F30079B002B05D09DF841
:10B918002320079B1146099898470F9B01330F93E3
:10B928000F9B032B83D99DF84F30002B4CD001235C
:10B938008DF84E306B461A4601210020FFF75AFE5B
:10B948000023119314E0119B9B0050336B4453F870
:10B95800502C119B9B0050336B4453F8443C9A4243
:10B9680003D000238DF84E3005E0119B013311936D
:10B97800119B002BE7D09DF84E30002B03D00023FD
:10B988008DF84F3020E0002311931AE0119B9B00A3
:10B9980050336B4453F8502C119B9B0050336B442D
:10B9A80043F8442C119B9B0050336B4453F8482CAC
:10B9B800119B9B0050336B4443F84C2C119B013373
:10B9C8001193119B002BE1D09DF84F30002B7FF491
:10B9D80028AF00BF15B05DF804FB00BFDC2E0020C7
:10B9E80082B003468DF807309DF80730044A0121DC
:10B9F80001FA03F3C2F8043500BF02B0704700BF74
:10BA080000F0014084B00346029101928DF80F3096
:10BA180008499DF80F30A233029A41F83320054AAD
:10BA28009DF80F30A233DB001344019A5A6000BF1F
:10BA380004B0704700F0014082B003468DF807302B
:10BA48009DF80730012202FA03F3184602B0704746
:10BA580000B583B003468DF807309DF807301846C7
:10BA6800FFF7EAFF0346C3F31003002B14BF0123BB
:10BA78000023DBB2184603B05DF804FB82B00190E6
:10BA8800019BB3F5003F34BF01230023DBB2184606
:10BA980002B0704700B583B003468DF807309DF8B3
:10BAA80007301846FFF7C8FF03461846FFF7E6FFBA
:10BAB8000346184603B05DF804FB000000B583B0E8
:10BAC80003468DF807309DF807301846FFF7B4FF96
:10BAD8000246064B1B681340002B14BF01230023AA
:10BAE800DBB2184603B05DF804FB00BF382F002016
:10BAF80000B583B003468DF807309DF80730184627
:10BB0800FFF79AFF0246044B1B681343024A13606F
:10BB180000BF03B05DF804FB382F002000B587B0E4
:10BB28000190002304930023059304230493274BD7
:10BB3800059300238DF80F303EE000238DF80E307A
:10BB48000DF10E03184601F0DBFF9DF80F30184683
:10BB5800FFF772FF0246059B1340002B15D09DF896
:10BB68000F301846FFF7AAFF034683F00103DBB244
:10BB7800002B0AD09DF80F301846FFF7B9FF019B3C
:10BB88009DF80F201A70002304939DF80E30184674
:10BB980001F0CCFF049B002B12D09DF80F30184603
:10BBA800FFF74AFF0346DB43059A134005939DF8C8
:10BBB8000F3001338DF80F30059B002BBDD100E00D
:10BBC80000BF049B184607B05DF804FBFFFF0100A7
:10BBD80000B587B00346029101928DF80F30029BA1
:10BBE800002B02D0019B002B01D10E2325E000235E
:10BBF80005939DF80F301846FFF72AFF034683F098
:10BC08000103DBB2002B02D00723059314E09DF853
:10BC18000F301846FFF752FF034683F00103DBB2EB
:10BC2800002B02D00823059306E09DF80F30019AF7
:10BC380002991846FFF7E6FE059B184607B05DF81F
:10BC480004FB00B585B003468DF807300023039345
:10BC58009DF807301846FFF71DFF034683F00103E0
:10BC6800DBB2002B02D0072303931AE09DF80730BC
:10BC78001846FFF7EDFE0346002B0DD09DF8073060
:10BC88001846FFF71BFF034683F00103DBB2002BC6
:10BC980002D00823039304E09DF807301846FFF705
:10BCA8009FFE039B184605B05DF804FB08B5064BDC
:10BCB8001B68002B03D105494B20FBF76DF8024B9D
:10BCC8001B68984708BD00BF3C2F00206013030085
:10BCD80008B5064B1B68002B03D105495120FBF71B
:10BCE8005BF8024B1B68984708BD00BF442F002033
:10BCF8006013030082B003468DF807309DF80730C3
:10BD080003F01F0205499DF907305B09012000FA7D
:10BD180002F241F8232000BF02B0704700E100E0C2
:10BD280082B0034600918DF807309DF90730002B4B
:10BD38000CDA009BDAB20C499DF8073003F00F03C8
:10BD4800043B5201D2B20B441A7609E0009BDAB2E6
:10BD580006499DF907305201D2B20B4483F80023FB
:10BD680000BF02B0704700BF00ED00E000E100E056
:10BD780000B583B003460A468DF8073013468DF8A0
:10BD880006309DF80630012B03D99DF80630032BA9
:10BD98000BD99DF80630042B03D99DF80630072BE4
:10BDA80003D908496B20FAF7F7FF9DF806209DF99B
:10BDB800073011461846FFF7B3FF00BF03B05DF820
:10BDC80004FB00BFD013030000B583B003468DF811
:10BDD80007309DF907301846FFF78CFF00BF03B006
:10BDE8005DF804FB82B003468DF807309DF80730F4
:10BDF80003F1804303F5E04301221A6000BF02B05B
:10BE0800704782B003468DF807309DF8073003F17C
:10BE1800804303F5E043184602B0704782B00346FA
:10BE2800ADF80630BDF8063003F1804303F5E04372
:10BE38001B68002B14BF01230023DBB2184602B095
:10BE4800704784B00346ADF80630BDF8063003F1FC
:10BE5800804303F5E04300221A60BDF8063003F181
:10BE6800804303F5E0431B680393039B00BF04B0C2
:10BE78007047000082B003468DF807300B468DF8F6
:10BE8800063013468DF805300A499DF807309DF8AD
:10BE9800052051331B010B4404331A6005499DF8F2
:10BEA80007309DF8062051331B010B441A6000BF70
:10BEB80002B070470070004082B00190034A019BB5
:10BEC800C2F8043300BF02B0704700BF00700040E2
:10BED80082B00190034A019BC2F8083300BF02B048
:10BEE800704700BF00700040024B0122C3F80025D4
:10BEF80000BF704700700040024B0022C3F80025C5
:10BF080000BF70470070004082B001900091054A60
:10BF1800019BC2F82C36034A009BC2F8303600BF9A
:10BF280002B070470070004082B003468DF80730B9
:10BF3800034A9DF80730C2F8F03500BF02B07047D9
:10BF48000070004082B003468DF80730034A9DF820
:10BF58000730C2F8F43500BF02B0704700700040E7
:10BF6800024BD3F8F435DBB2184670470070004036
:10BF780000B583B0034600918DF80730009B1B780D
:10BF880003F00302009B5B781B0103F030031A43A4
:10BF9800009B9B781B0203F4E0631A43009BDB7849
:10BFA8001B0303F480531A43009B1B791B0403F4FF
:10BFB800E0231A43009B5B791B0503F4801342EAD4
:10BFC8000301009B9B791B0603F080720A489DF8C9
:10BFD80007300A431B01034403F5A3631A60009B5F
:10BFE800D979009B1A7A9DF807301846FFF742FF67
:10BFF80000BF03B05DF804FB0070004000B58DB0D1
:10C008004FF48270FFF70AFF0346002B46D04FF427
:10C018008270FFF716FF8A4B93F82E3083F00103E6
:10C02800DBB2002B04D1864B93F82F30002B35D090
:10C0380000238DF81830824B5B680793804B1B896F
:10C048009BB2ADF820307E4BDB68002B03D17C4BD4
:10C0580000221A7419E07A4B1A8B794B5A83784B61
:10C06800DB68774A5360764B1A8B754B1A81744B91
:10C078000022DA60724B93F82E3083F00103DBB2B2
:10C08800002B02D00020FFF7ADFE6D4B1B6806AAFF
:10C09800104698476A4B002283F82F20684B93F884
:10C0A8002E30002B5ED04FF48070FFF7B7FE0346AA
:10C0B800002B57D04FF48070FFF7C3FE604B5B8BAB
:10C0C8005F4A92F82D2093421BD95D4B5B8B5C4AEB
:10C0D80092F82D209B1A9AB2594B5A83584B5A689A
:10C0E800574B1B899BB21946554B5B8BCB1A5B0090
:10C0F8001344534A92F82D2011461846FFF704FFBF
:10C1080029E04F4B5B8B4E4A92F82D20934214D175
:10C118004B4BDB68002B10D0494B012283F82F20B2
:10C12800474B00225A83464BDB68454A92F82D203C
:10C1380011461846FFF7E8FE0DE0414B5B8B404A7D
:10C1480092F82D20934206D13D4B012283F82F20EF
:10C158003B4B00225A834FF48270FFF772FE042093
:10C16800FFF740FE4FF48870FFF758FE0346002B98
:10C178000ED04FF48870FFF764FE314B00221A741A
:10C1880002238DF80C302E4B1B6803AA10469847E3
:10C198004FF48A70FFF742FE0346002B07D04FF496
:10C1A8008A70FFF74EFE264B00221A7444E0244B97
:10C1B8005B690B933DE00B9BB3FA83F30A934FF053
:10C1C80000420A9B22FA03F3DB430B9A13400B93BA
:10C1D8000A9B9BB246339BB29B00ADF82630BDF854
:10C1E80026301846FFF71AFE0346002B21D0BDF86B
:10C1F80026301846FFF725FE01238DF80030BDF8DC
:10C208002630A3F58C73DB08DBB28DF80430BDF85B
:10C218002630A3F58C7303F00403002B0CBF012315
:10C228000023DBB28DF80530054B1B686A461046C3
:10C2380098470B9B002BBED100BF0DB05DF804FBE7
:10C248004C2F002000B585B001900091019B002B78
:10C2580003D13249D620FAF79FFD009B002B03D16A
:10C268002E49D720FAF798FD2D4B93F82C30002B48
:10C2780003D008230393039B4CE0294A009B1360D7
:10C28800019B1B781846FFF74FFE019B5B78184609
:10C29800FFF758FE019BDA78214B83F82E20204BBC
:10C2A800012283F82C201E4B00221A741C4B0022FA
:10C2B80083F82D201A4B00225A61194B002283F86B
:10C2C8002F206FF00040FFF703FE4FF48270FFF756
:10C2D800B8FD4FF48070FFF7B4FD4FF48A70FFF794
:10C2E800B0FD019B9B7819460720FFF741FD072009
:10C2F800FFF76AFD0220FFF7DFFD094B93F82E30A8
:10C30800002B02D00120FFF7D7FDFFF7EDFD00233A
:10C318000393039B184605B05DF804FB381403002B
:10C328004C2F002000B585B0034600918DF80730EA
:10C33800434B93F82C30002B04D1424940F2231090
:10C34800FAF72AFD9DF80730072B04D93D494FF429
:10C358009270FAF721FDFFF703FE0346002B09D080
:10C36800374B93F82D30002B04D036494FF4937097
:10C37800FAF712FD009BDB79092B03D8009BDB79C8
:10C38800002B04D12F494FF49470FAF705FD009B58
:10C398001B7A092B04D92B494FF49570FAF7FCFC4A
:10C3A800274B1B7CDBB2002B03D011230393039B89
:10C3B80041E0009B1B79002B03D0009B1B79012BCC
:10C3C80001D1FFF799FD9DF807301D4A0C335B003A
:10C3D80013441B79002B07D1194B93F82D300133E7
:10C3E800DAB2174B83F82D209DF80730009AD179DF
:10C3F800134A0C335B0013440A461A719DF8073040
:10C40800009A117A0E4A0C335B0013440A465A719B
:10C418009DF8073000991846FFF7AAFD009B1B7985
:10C42800002B03D0009B1B79012B01D1FFF75CFD8A
:10C4380000230393039B184605B05DF804FB00BF77
:10C448004C2F00203814030008B5074B93F82E3002
:10C45800002B01D0002300E004231846FFF7D1FC8D
:10C468000346184608BD00BF4C2F002000B585B014
:10C4780001900B46ADF802304C4B93F82C30002B52
:10C4880004D14B4940F2BF10FAF786FCBDF80230E0
:10C49800464A92F82D2093FBF2F101FB02F29B1A17
:10C4A800002B04D042494FF4E070FAF775FC1220D3
:10C4B800FFF70EFD3D4B1B7CDBB2022B06D1122091
:10C4C800FFF7FAFC11230393039B6BE0374B1B7CAC
:10C4D800DBB2012B35D1354BDB68002B06D00220AF
:10C4E800FFF7EAFC11230393039B5BE02F4A019BB0
:10C4F800D3602E4ABDF8023013832C4B93F82E30AC
:10C5080083F00103DBB2002B14D000BF4FF480701E
:10C51800FFF784FC034683F00103DBB2002BF5D15F
:10C528004FF48070FFF78DFCBDF802301946019872
:10C53800FFF7EAFC0220FFF7BFFC00230393039BED
:10C5480030E00220FFF7B8FC184B01221A74174A92
:10C55800019B5360154ABDF802301381134B00222A
:10C56800DA60124B93F82E30002B0BD00F4ABDF82F
:10C57800023053830D4B93F82D3019460198FFF77D
:10C58800C3FC0CE0BDF8023019460198FFF7BCFC6B
:10C598004FF48070FFF755FC0020FFF723FC0023C1
:10C5A8000393039B184605B05DF804FB4C2F00204D
:10C5B8003814030082B003468DF807309DF8073021
:10C5C80003F01F0205499DF907305B09012000FAB5
:10C5D80002F241F8232000BF02B0704700E100E0FA
:10C5E80082B0034600918DF807309DF90730002B83
:10C5F8000CDA009BDAB20C499DF8073003F00F0300
:10C60800043B5201D2B20B441A7609E0009BDAB21D
:10C6180006499DF907305201D2B20B4483F8002332
:10C6280000BF02B0704700BF00ED00E000E100E08D
:10C6380082B00190019B1B0B5BB2184602B0704799
:10C6480000B583B003460A468DF8073013468DF8C7
:10C6580006309DF80630012B03D99DF80630032BD0
:10C668000BD99DF80630042B03D99DF80630072B0B
:10C6780003D908496B20FAF78FFB9DF806209DF92E
:10C68800073011461846FFF7ABFF00BF03B05DF84F
:10C6980004FB00BFA414030000B583B003468DF863
:10C6A80007309DF907301846FFF784FF00BF03B035
:10C6B8005DF804FB82B001900B468DF803309DF8BD
:10C6C8000330019A134401221A6000BF02B0704778
:10C6D80084B001900B46ADF80230BDF80230019AE3
:10C6E800134400221A60BDF80230019A13441B68F3
:10C6F8000393039B00BF04B0704782B001900B46C0
:10C70800ADF80230BDF80230019A13441B68002BC3
:10C7180014BF01230023DBB2184602B0704782B071
:10C7280001900091019BD3F80022009B1A43019BC2
:10C73800C3F8002200BF02B0704782B00190009198
:10C74800019BD3F80022009BDB431A40019BC3F8EE
:10C75800002200BF02B0704782B001900091019B97
:10C76800009AC3F8042300BF02B0704782B001905A
:10C778000091019B009AC3F8082300BF02B07047DC
:10C7880082B001900091019BD3F80423009B1340D1
:10C79800002B14BF01230023DBB2184602B07047F8
:10C7A80082B001900B468DF80330019BD3F8043515
:10C7B80023F003029DF8033003F003031A43019B9F
:10C7C800C3F8042500BF02B0704782B001900B4641
:10C7D8008DF80330019BD3F8083523F003029DF848
:10C7E800033003F003031A43019BC3F8082500BF75
:10C7F80002B0704782B001900B468DF80330019B60
:10C80800D3F8103523F00F029DF8033003F00F031F
:10C818001A43019BC3F8102500BF02B0704784B0CB
:10C8280003900B4601928DF80B309DF80B20039B6B
:10C8380002F5A872019943F8221000BF04B07047AE
:10C8480082B00190019B9BB250339BB29B009BB27C
:10C85800184602B0704782B001904FF48032019BB5
:10C8680002FA03F3184602B07047000010B588B00A
:10C87800039002910192039B1B791A4613465B00B1
:10C8880013449B00734A13440793039B1B68724A23
:10C89800934203D171494820FAF77EFA029B002B94
:10C8A80003D16E494A20FAF777FA019B002B03D18E
:10C8B8006A494B20FAF770FA079B1B7A002B03D0C2
:10C8C80008230593059BC2E0039B1B68624A9342B9
:10C8D8000FD1029B9B78012B63D0029B9B78002B86
:10C8E8005FD0029B9B78022B5BD0029B9B78032B2B
:10C8F80057D0039B1B685A4A93420FD1029B9B78DF
:10C90800012B4ED0029B9B78002B4AD0029B9B7830
:10C91800022B46D0029B9B78032B42D0039B1B68BB
:10C92800504A93420FD1029B9B78012B39D0029B2E
:10C938009B78002B35D0029B9B78022B31D0029B31
:10C948009B78032B2DD0039B1B68474A93420FD13A
:10C95800029B9B78012B24D0029B9B78002B20D034
:10C96800029B9B78022B1CD0029B9B78032B18D030
:10C97800039B1B683D4A93420FD1029B9B78012B76
:10C988000FD0029B9B78002B0BD0029B9B78022B2D
:10C9980007D0029B9B78032B03D030495F20FAF71E
:10C9A800FBF9079B019A1A60029B5A68079B5A6019
:10C9B80000238DF81B3010E0039B1C689DF81B308A
:10C9C8001846FFF73DFF034619462046FFF780FE4D
:10C9D8009DF81B3001338DF81B30039B5B799DF864
:10C9E8001B209A42E8D3039B1B681846FFF720FEDA
:10C9F80003461A46029BDB7819461046FFF720FECD
:10CA0800039B1B681846FFF713FE03461846FFF7FB
:10CA180043FE039B1A68029B5B7819461046FFF792
:10CA2800BFFE039B1A68029B9B7819461046FFF7C6
:10CA3800CCFE039B1A68029B1B7819461046FFF729
:10CA4800D9FE079B01221A7200230593059B1846FD
:10CA580008B010BD7C2F002000800040DC140300CB
:10CA68000090004000A0004000A0014000B001403C
:10CA780000B583B00190019B1B791946114A0B46FA
:10CA88005B000B449B00134408331B78012B03D035
:10CA98000D498F20FAF780F9019B1B680021184681
:10CAA800FFF708FE019B1B791946064A0B465B00F7
:10CAB8000B449B001344083302221A7000BF03B0D2
:10CAC8005DF804FB7C2F0020DC14030010B586B051
:10CAD800039001921A460B468DF80B3013468DF8D9
:10CAE8000A309DF80B301846FFF7B5FE05909DF803
:10CAF8000A30002B12D0039B1C689DF80B30184697
:10CB0800FFF79EFE034619462046FFF7E1FD039B0B
:10CB18001B6805991846FFF71FFE05E0039B1B6875
:10CB280005991846FFF722FE039B1B689DF80B101A
:10CB3800019A1846FFF773FE00BF06B010BD00B596
:10CB480085B0039001921A460B468DF80B301346B8
:10CB5800ADF80830039B18689DF80B304FF48072CD
:10CB68009A409DF80B30012101FA03F3134319464B
:10CB7800FFF7E3FD039B1B68BDF808201146184624
:10CB8800FFF7CDFD9DF818309DF80B10019A03981A
:10CB9800FFF79CFF00BF05B05DF804FB00B587B048
:10CBA8000390029113468DF8073000238DF8173053
:10CBB80030E09DF817301846FFF742FE0346ADF8FF
:10CBC80014309DF817301846FFF745FE0490BDF85D
:10CBD800143019460398FFF790FD0346002B14D034
:10CBE80004990398FFF7CCFD0346002B0DD0BDF840
:10CBF800143019460398FFF76BFD029B1B68029AD5
:10CC08005168BDF81420104698479DF81730013335
:10CC18008DF817309DF817209DF807309A42C8D331
:10CC280000BF00BF07B05DF804FB000008B5042290
:10CC380002490348FFF7B2FF00BF08BD7C2F002060
:10CC48000090004086B003900291019201238DF874
:10CC580017309DF81730214A039B13601F4A029B27
:10CC680053601E4A019B9360039B44F20102934266
:10CC780013D0039B44F20202934221D1019B174A2D
:10CC8800D360164BDB681B881A46144B9A61134B0A
:10CC9800DB685B68114AD36112E0019B0F4A13619C
:10CCA8000E4B1B699B680D4A53610C4B1B691B6833
:10CCB8000A4A9361094B1B695B68084AD36100BF44
:10CCC80072B600BF00BF9DF81730DBB2002BFAD157
:10CCD80062B600BF00BF06B0704700BF882F0020B3
:10CCE80000B583B002900091019244F201007146B0
:10CCF8006A4600F003F803B000BD00BF30B58BB042
:10CD080007900691059272B600BF02F0ABFE02F0E2
:10CD180069FC0346002BFAD1079B44F202029342B6
:10CD28002FD0079B44F20202934269D8079B44F232
:10CD38000102934237D0079B44F2010293425FD825
:10CD4800079B012B05D0079B41F2010293420CD0AF
:10CD580056E0394A394BD31ADB081B0443F0010368
:10CD68003749184602F0E2FB57E0334A334BD31AEF
:10CD7800DB081B0443F001033249184602F0D6FBD6
:10CD88004BE0059B09932C4A2C4BD31ADB081B0458
:10CD980043F00100099B5B681A46099B1B882A49D6
:10CDA80002F0E3FB39E0059B0893234A234BD31A8F
:10CDB800DB081B0443F00104089B9D68089B9B68E3
:10CDC800184601F0F3FE03461846089B5B681946AF
:10CDD800089B1B68069A02920193009103462A4613
:10CDE8001A49204602F0D5FB134A144BD31ADB0824
:10CDF8001B0443F001031649184602F097FB0CE0A8
:10CE08000D4A0E4BD31ADB081B0443F00103069AA4
:10CE18001049184602F098FB00BF0F4B1B6803F03F
:10CE28000103002B00D000BE059A06990798FFF76A
:10CE380009FF00BF0BB030BDC80B0300980B0300FF
:10CE480048150300681503008C150300A815030096
:10CE5800D0150300E4150300F0ED00E082B00346AE
:10CE68008DF807309DF8073003F01F0205499DF93A
:10CE780007305B09012000FA02F241F8232000BFC5
:10CE880002B0704700E100E082B003468DF8073039
:10CE98009DF8073003F01F0206499DF907305B092A
:10CEA800012000FA02F2203341F8232000BF02B02B
:10CEB800704700BF00E100E082B003468DF80730FC
:10CEC8009DF8073003F01F0206499DF907305B09FA
:10CED800012000FA02F2403341F8232000BF02B0DB
:10CEE800704700BF00E100E082B003468DF80730CC
:10CEF8009DF8073003F01F0206499DF907305B09CA
:10CF0800012000FA02F2603341F8232000BF02B08A
:10CF1800704700BF00E100E082B0034600918DF841
:10CF280007309DF90730002B0CDA009BDAB20C4968
:10CF38009DF8073003F00F03043B5201D2B20B44B3
:10CF48001A7609E0009BDAB206499DF907305201CA
:10CF5800D2B20B4483F8002300BF02B0704700BF71
:10CF680000ED00E000E100E000B585B00190019B14
:10CF7800002B0AD0074B43F001030393019B9B014D
:10CF88000293039B0298984700E000BF05B05DF844
:10CF980004FB00BF0016030000B583B00190064AE9
:10CFA800019BC2F8083506211120FFF7B5FF00BF25
:10CFB80003B05DF804FB00BF0010014008B50D4B3D
:10CFC8004FF48032C3F844230A4B4FF48032C3F83D
:10CFD80004231120FFF788FF1120FFF73FFF054BBF
:10CFE80001221A602F20FFF7BFFF034B01221A709E
:10CFF80000BF08BD00100140C630002008B5112050
:10D00800FFF742FF0E4B4FF48032C3F848230C4B16
:10D018004FF48032C3F80823094B01225A602F20AD
:10D02800FFF7A2FF064B01229A60064B00221A6006
:10D038002F20FFF799FF044B00221A7000BF08BD8C
:10D0480000100140B8300020C6300020024BD3F851
:10D0580004351846704700BF0010014082B00190A7
:10D068000091019A009BD31A23F07F43184602B01F
:10D078007047000082B00190034A019BC2F8403516
:10D0880000BF02B0704700BF0010014086B0019099
:10D09800284B1B68002B03D1264A019B136045E0EF
:10D0A800019B1A68234B1B681B689A4210D8214BB6
:10D0B8001B681968019B1A681E4B1B688A1A1A603C
:10D0C8001C4B1A68019BDA611A4A019B13602DE018
:10D0D800019B1B680393174B1B680593154B1B6833
:10D0E800049309E0049B1B68039AD31A0393049BD7
:10D0F8000593049BDB690493049B002B04D0049BD9
:10D108001B68039A9A42EDD8049B002B05D0049B18
:10D118001A68039BD21A049B1A60019B039A1A602F
:10D12800019B049ADA61059B019ADA6100BF06B097
:10D13800704700BFB430002000B587B001902A4B7B
:10D148001B680393284B1B680593059B049308E011
:10D15800049A019B9A4208D0049B0593049BDB69BF
:10D168000493049B002BF3D100E000BF049B002B29
:10D1780001D1002333E0059A049B9A4214D11A4B3B
:10D188001B68DB69184A1360174B1B68002B0BD10F
:10D19800164B01229A60164B00221A60154B012289
:10D1A8001A702F20FFF7E0FE049B1B680293049B74
:10D1B800DA69059BDA61059BDB690493049B002B04
:10D1C80005D0049B1A68029B1A44049B1A60064BFC
:10D1D8001B68039A9A4214BF01230023DBB2184646
:10D1E80007B05DF804FB00BFB43000200010014018
:10D1F800B8300020C730002008B51120FFF75CFECA
:10D2080000BF08BD08B51420FFF756FE00BF08BDD3
:10D2180000B583B00190019B5B69019A9269104641
:10D22800984700BF03B05DF804FB000000B585B067
:10D238002B4B1B68002B4ED000230193FFF706FFF2
:10D248000246284B1B6819461046FFF707FF029055
:10D25800234B1B6803931DE0039B1B68029A9A42A9
:10D268001CD3039B1B68029AD31A0293039B1B6867
:10D27800019A13440193039B0093039BDB69039377
:10D28800009B1B7C002B05D0009B00221A74009881
:10D29800FFF7BEFF039B002BDED100E000BF124B5F
:10D2A8001A78124B1B789A420CD1104B1B78013319
:10D2B800DAB20E4B1A700D4B1B78022B02D10B4BB6
:10D2C80000221A70094B1B781946094A019B42F83B
:10D2D8002130FFF797FF00BF05B05DF804FB00BFE2
:10D2E800B4300020B8300020C4300020C530002001
:10D2F800BC30002082B00190184B1A78184B1B786C
:10D308009A4223D0154B1B780133DAB2134B1A70AB
:10D31800124B1B78022B02D1104B00221A700F4BB4
:10D328001B781A460F4B53F82220019B1A60019B69
:10D338001A680D4B1B6813440B4A13600A4B1B6891
:10D3480023F07F43084A1360012303E0019B002276
:10D358001A600023184602B0704700BFC43000208E
:10D36800C5300020BC300020B830002088B00390C1
:10D37800029101920023079338E0204B1B68069323
:10D38800069B1B68039A9A4206D2069B1A68039B5F
:10D39800D21A069B1A602EE0069B1B68039AD31AC2
:10D3A8000393069B1B68079A13440793069B002266
:10D3B8001A60124B1B680593069BDB690F4A1360C2
:10D3C800069BDB68002B11D0029A079B134423F0BD
:10D3D8007F42069B5A60069BDA68069B9A60019B0F
:10D3E8001A68069BDA61019B059A1A60034B1B6851
:10D3F800002BC2D100BF00BF08B07047B430002076
:10D4080000B589B0019000238DF81F30664B1B686A
:10D418000593AAE0019B002B05D0019B0693069B70
:10D42800DB69019361E0614B1B781A4613465B0088
:10D438001344DB005D4A1344043304935B4B1B78AD
:10D448000133DAB2594B1A70584B1A78574B9B78FC
:10D458009A4202D1554B00221A70049B5B680693CE
:10D46800049B1B78032B1ED0032B7EDC012B1FD0C3
:10D47800022B7AD1049B5B681846FFF75DFE0346D2
:10D48800002B02D001238DF81F30069B00221A744E
:10D498006BE0454B1B680393039B00221A74039BA4
:10D4A800DB69414A1360404B1B68002BF1D15CE0FB
:10D4B80000BF069B1B7C002B00D056E0049B9A689B
:10D4C800069B5A60049BDA68069B9A60049B1A695B
:10D4D800069BDA60049B5A69069B9A61344B1B7859
:10D4E800002B02D0069B00225A60069B5A68314BDB
:10D4F8001B68D31A23F07F432F4A93420ED8069B0A
:10D508005B682C4A126811461846FFF7A7FD0246C9
:10D51800069B9B681A44069B1A6017E0254B1A68FD
:10D52800069B5B6819461046FFF798FD0290069B1C
:10D538009B68029A9A4206D2069B9A68029BD21A64
:10D54800069B1A6002E0069B00221A60069B0022D6
:10D558005A60069B00229A60069B01221A74069B59
:10D568000022DA610698FFF791FD019B002B7FF4FA
:10D5780051AF0E4B1A780D4B5B789A427FF44AAF45
:10D588009DF81F30002B04D1074B1B68059A9A425F
:10D5980001D0012300E0002303F00103DBB21846A9
:10D5A80009B05DF804FB00BFB4300020A82F0020AC
:10D5B800C7300020B8300020FEFF7F0010B588B0CB
:10D5C8000190274B1B68002B44D0254B1B681B6818
:10D5D8000793FFF73BFD0690224B1B6805930599BF
:10D5E8000698FFF73BFD0346033304931E4B1B7855
:10D5F80083F00103DBB2002B01D0FFF7DFFC049AB4
:10D60800079B934238BF1346059A13440593059B1D
:10D6180023F07F4305930598FFF72CFDFFF716FDD0
:10D62800039006990398FFF719FD0346DC1C069939
:10D638000598FFF713FD03469C420DD9FFF706FD39
:10D6480003461846FFF716FD2F20FFF78DFCFFF75E
:10D65800D3FD01E0FFF7D2FC00BF08B010BD00BF4A
:10D66800B4300020B8300020C630002000B587B0A4
:10D678000023019300238DF81730194B1B6804937E
:10D68800184B1B6803936B461846FFF733FE034697
:10D698008DF80B309DF80B30002B08D0009B01AAA9
:10D6A80004991846FFF762FE01238DF81730019B95
:10D6B8001846FFF7A5FE0346002B02D001238DF87C
:10D6C80017309DF81730002B02D00398FFF776FF2C
:10D6D800054B00221A7000BF07B05DF804FB00BFBD
:10D6E800B8300020B4300020C730002082B0034694
:10D6F8008DF80730034A9DF80730537000BF02B019
:10D70800704700BFA82F002084B00190144B5B78AD
:10D7180001338DF80F30124B9B789DF80F209A42F9
:10D7280002D100238DF80F300D4B1B789DF80F2088
:10D738009A4201D100230FE0019B9DF80F201A7037
:10D74800074B5B781A4613465B001344DB00044A18
:10D75800134404330293029B184604B0704700BF79
:10D76800A82F002000B589B0039002910192009380
:10D778000023079300238DF816300DF11603184681
:10D7880000F0BEF90DF117031846FFF7BDFF06902C
:10D79800069B002B02D10423079318E0069B012265
:10D7A8001A70069B039A5A60FFF750FC0246069BC4
:10D7B8009A60069B029ADA60069B019A1A61069B98
:10D7C800009A5A619DF817301846FFF78FFF9DF8A9
:10D7D8001630184600F0AAF9079B002B01D1FFF775
:10D7E80011FD079B184609B05DF804FB00B587B02A
:10D7F80001900B468DF803300023059300238DF824
:10D808000E300DF10E03184600F07AF90DF10F03F2
:10D818001846FFF779FF0490049B002B02D10423DC
:10D8280005930BE0049B9DF803201A70049B019A52
:10D838005A609DF80F301846FFF758FF9DF80E30D4
:10D84800184600F073F9059B002B01D1FFF7DAFCAD
:10D85800059B184607B05DF804FB000008B50E4BA1
:10D868000022C3F840210C4B0022C3F844210A4B84
:10D878000022C3F84821084B0022C3F84C21064B6C
:10D888000022C3F80021044B0022C3F80421FFF74B
:10D89800CDFC00BF08BD00BF0010014008B5FFF770
:10D8A800E5FE00BF08BD000008B5FFF7A7FB134B56
:10D8B80000221A70114B00225A70104B0B229A70DA
:10D8C8000F4B00221A600F4B00221A700E4B0022D9
:10D8D8001A701420FFF708FB06211420FFF71CFB21
:10D8E8001420FFF7BBFA0020FFF756FBFFF7AEFB4B
:10D8F8000346064A13600023184608BDA82F0020D7
:10D90800B4300020C4300020C5300020B8300020DA
:10D9180086B003900B4601928DF80B30134B9B7821
:10D92800002B01D108231EE0019B002B01D1072306
:10D9380019E0039B002B01D1072314E0039B1B680C
:10D948001B7C002B01D008230DE0039B1B6805936B
:10D95800059B00221A74059B9DF80B205A74059BA1
:10D96800019A5A610023184606B07047A82F002074
:10D9780000B587B0039002910192039B0593144B65
:10D988009B78002B01D108231EE0039B002B01D1BB
:10D99800082319E0029B042B01D8072314E0059BF8
:10D9A8005B69002B01D108230EE0059B5B7C012BF2
:10D9B80001D1029B00E000230493019B049A029981
:10D9C8000598FFF7CFFE0346184607B05DF804FB3D
:10D9D800A82F002000B585B00190019B03930D4B43
:10D9E8009B78002B01D1082310E0019B002B03D06A
:10D9F800039B5B69002B01D1082307E0039B0022EE
:10DA08001A7402210398FFF7F1FE0346184605B081
:10DA18005DF804FBA82F002082B0EFF31083009379
:10DA2800009B019372B600BF019B184602B0704775
:10DA380062B600BF00BF704700B585B00190FFF720
:10DA4800EBFF0390164B9B68002B1BD1144B012254
:10DA58009A60144BD3F88020134B1340104A13607C
:10DA6800104B114AC3F880200E4BD3F884300C4A6F
:10DA780053600C4B4FF0FF32C3F88420019B002207
:10DA88001A7002E0019B01221A70039B002B01D13E
:10DA9800FFF7CEFF0023184605B05DF804FB00BF72
:10DAA800C830002000E100E0FC06FFBD00B585B0ED
:10DAB80003468DF80730104B9B68002B16D09DF855
:10DAC8000730002B12D1FFF7A7FF03900B4A0A4B30
:10DAD8001B681360094A084B5B685360064B0022B9
:10DAE8009A60039B002B01D1FFF7A2FF0023184681
:10DAF80005B05DF804FB00BFC830002000E100E07D
:10DB080000B583B0019000F02BF80346012B03D039
:10DB180005494320F9F740F90198FFF78DFF00BF49
:10DB280003B05DF804FB00BF0816030000B583B01E
:10DB380003468DF8073000F013F80346012B03D095
:10DB480006495120F9F728F99DF807301846FFF7DC
:10DB5800ADFF00BF03B05DF804FB00BF081603006B
:10DB680084B0EFF305830193019BC3F30803039388
:10DB7800039B002B0DD1EFF314830093009B0293BA
:10DB8800029B03F00103002B0CBF01230023DBB22F
:10DB980000E00123184604B0704700B585B0019035
:10DBA8000091009B5B099B00019A1A44009B03F0BB
:10DBB8001F03012101FA03F31946104600F04DF83E
:10DBC800039000BF05B05DF804FB00B585B0019077
:10DBD8000091009B5B099B00019A1A44009B03F08B
:10DBE8001F03012101FA03F3DB431946104600F035
:10DBF80064F8039000BF05B05DF804FB82B00190A3
:10DC08000091009B5B099B00019A13441A68009BD2
:10DC180003F01F0322FA03F303F00103002B14BFE0
:10DC280001230023DBB2184602B0704710B487B056
:10DC380001900091019B009A53E8004F104643E879
:10DC4800000191F0000FF7D1059404900391059B12
:10DC5800184607B05DF8044B704710B487B00190C0
:10DC68000091019B009A53E8004F44EA020043E800
:10DC7800000191F0000FF6D1059404900391049BE4
:10DC8800184607B05DF8044B704710B487B0019090
:10DC98000091019B009A53E8004F04EA020043E810
:10DCA800000191F0000FF6D1059404900391059BB3
:10DCB800184607B05DF8044B704710B487B0019060
:10DCC8000091019B009A53E8004F04EA020043E8E0
:10DCD800000191F0000FF6D1059404900391049B84
:10DCE800184607B05DF8044B704710B487B0019030
:10DCF8000091019B009A53E8004F04EB020043E8AF
:10DD0800000191F0000FF6D1059404900391049B53
:10DD1800184607B05DF8044B704710B487B00190FF
:10DD28000091019B009A53E8004FA4EB020043E8DE
:10DD3800000191F0000FF6D1059404900391049B23
:10DD4800184607B05DF8044B704700B583B00190E2
:10DD580001210198FFF781FF0346184603B05DF8DB
:10DD680004FB00B583B0019000210198FFF78DFFF7
:10DD78000346184603B05DF804FB000000B583B005
:10DD880001900B468DF80330019B002B03D1084905
:10DD9800E820F9F701F8019BDA689DF8033001994A
:10DDA800098A01FB03F31344184603B05DF804FB2A
:10DDB8007C16030000B583B001900091019B002BF5
:10DDC80003D10849F520F8F7E7FF009B019AD268CC
:10DDD8009B1A019A128AB3FBF2F3DBB2184603B01E
:10DDE8005DF804FB7C16030000B585B00190019B2B
:10DDF800002B01D10E234CE0019B1B68002B03D1A3
:10DE08002649FF20F8F7C8FF019B5B68002B04D167
:10DE180022494FF48070F8F7BFFF019B9B68002BE5
:10DE280004D11E4940F20110F8F7B6FF019BDB68E8
:10DE3800002B04D119494FF48170F8F7ADFF019B0D
:10DE48001B8A002B04D1154940F20310F8F7A4FFF0
:10DE5800019B9A68019B5B68D31A8DF80F30019B70
:10DE68001B68019A52681A6007E0019B1A681368D8
:10DE7800591C11609DF80F201A709DF80F305A1E1A
:10DE88008DF80F20002BF0D1019B1B6800221A711E
:10DE98000023184605B05DF804FB00BF7C1603009C
:10DEA80000B585B00190019B002B04D11F494FF4A8
:10DEB8009270F8F771FF0023039300238DF80A305E
:10DEC8000DF10A031846FFF71BFE019B1B681A6831
:10DED800019B5B689A421FD9019B1B681A68013A2B
:10DEE8001A601B681B7819460198FFF747FF0390D3
:10DEF800019B9A68019B1B681B68D31A8DF80B302D
:10DF0800019B1B681B799DF80B209A4204D9019B41
:10DF18001B689DF80B201A719DF80A301846FFF708
:10DF280005FE039B184605B05DF804FB7C1603004C
:10DF380010B584B001900091019B002B04D11549C4
:10DF480040F24710F8F728FF009B002B04D1114935
:10DF58004FF4A470F8F720FF009B039300238DF87B
:10DF68000B300DF10B031846FFF7CAFD019B1B6828
:10DF78001C68621C1A6003990198FFF71BFF03468F
:10DF880023709DF80B301846FFF7D0FD00BF04B092
:10DF980010BD00BF7C16030000B583B00190019B43
:10DFA800002B03D10C493120F8F7F6FE019B9B6842
:10DFB800002B0CD0019B5B69019A1069019A1168CA
:10DFC800019A92689847019B00229A6000E000BF7E
:10DFD80003B05DF804FB00BFEC1603000EB400B5F7
:10DFE80084B00190019B002B03D118494220F8F717
:10DFF800D3FE019B5B69002B03D114494320F8F73A
:10E00800CBFE019B1B68002B03D110494420F8F775
:10E01800C3FE019B5B68002B03D10C494520F8F730
:10E02800BBFE059B002B0AD00023039306AB03938A
:10E0380003AB1A460599019800F0B8F900E000BF53
:10E0480004B05DF804EB03B0704700BFEC160300A2
:10E0580000B583B001900B468DF803309DF803306E
:10E068000A2B03D10D210198FFF7F2FF019B1A68D3
:10E07800019B9B68581C0199886013449DF80320F4
:10E088001A70019B9A68019B5B689A4202D30198B7
:10E09800FFF782FF00BF03B05DF804FB00B587B04F
:10E0A800039002910192009300230593009B03F0D3
:10E0B8000103002B24D00BE0029B01330293059B44
:10E0C800013305939DF8133019460398FFF7C0FFF5
:10E0D800029B1B788DF813309DF81330002BEBD181
:10E0E80006E0019B013B019320210398FFF7B0FF55
:10E0F800019A059B9A422ED9019B002BF1D12AE067
:10E10800029B002B0BD0029802F06EFC059006E0F3
:10E11800019B013B019320210398FFF799FF019A86
:10E12800059B9A420FD9019B002BF1D10BE0029B72
:10E1380001330293059B013305939DF8133019466B
:10E148000398FFF785FF029B1B788DF813309DF825
:10E158001330002BEBD100BF07B05DF804FB0000C3
:10E1680000B589B00390029101920093029B079336
:10E178000123069307E0079A019BB2FBF3F3079389
:10E18800069B01330693079A019B9A42F3D2009AA1
:10E19800069B9A4201D9009B06930B9B03F001034F
:10E1A800002B22D10A9B002B1FD00B9B03F00203EC
:10E1B800002B06D0009B002B03D130238DF817309D
:10E1C80002E020238DF8173008E00A9B013B0A93F0
:10E1D8009DF8173019460398FFF73AFF0A9B002B62
:10E1E80003D0069A0A9B9A42EFD301230793009B18
:10E1F800012B03D9009B013B009309E0029A079B7E
:10E20800B2FBF3F30493049A019B9A4200D205E00F
:10E21800079B019A02FB03F30793E8E7029A079B1F
:10E22800B2FBF3F30493049B079A02FB03F3029AED
:10E23800D31A0293154A049B13441B781946039872
:10E24800FFF706FF079A019BB2FBF3F30793079BBF
:10E25800002BE3D10B9B03F00103002B11D00A9B89
:10E26800002B0ED006E00A9B013B0A93202103985D
:10E27800FFF7EEFE0A9B002B03D0069A0A9B9A42F0
:10E28800F1D300BF09B05DF804FB00BFBC17030061
:10E2980000B589B00590049103920293049B002B6A
:10E2A800B8BF5B4206930123079307E0039B069AD6
:10E2B80092FBF3F30693079B01330793039B069A9C
:10E2C8009A42F3DA029A079B9A4201D9029B079372
:10E2D8000A9B002B0AD0049B002B04DB0B9B03F04A
:10E2E8000403002B02D00A9B013B0A930B9B03F00B
:10E2F8000203002B02D0029B002B16D00B9B03F0CD
:10E308000103002B11D10A9B002B0ED006E00A9BBB
:10E31800013B0A9320210598FFF79AFE0A9B002BE0
:10E3280003D0079A0A9B9A42F1D3049B002B07DA81
:10E33800049B5B4204932D210598FFF789FE08E0B2
:10E348000B9B03F00403002B03D02B210598FFF748
:10E358007FFE0B9B03F00203002B19D00B9B03F0ED
:10E368000103002B14D1029B002B11D10A9B002B17
:10E378000ED006E00A9B013B0A9330210598FFF76F
:10E3880067FE0A9B002B03D0079A0A9B9A42F1D397
:10E3980004990B9B01930A9B0093029B039A05988F
:10E3A800FFF7DEFE00BF09B05DF804FB00B58FB0D3
:10E3B800059004910392059B002B04D1AD494FF4BD
:10E3C800A270F8F7E9FC059B5B69002B04D1A94909
:10E3D8004FF4A370F8F7E0FC059B1B68002B04D1F1
:10E3E800A44940F24710F8F7D7FC059B5B68002B5F
:10E3F80004D1A0494FF4A470F8F7CEFC049B002B7D
:10E4080000F09381049B1B788DF83730049B01330F
:10E4180004939DF83730002B00F07E819DF837304B
:10E42800252B40F06D8100230A9301230C93049B54
:10E438001B788DF837309DF83730302B0DD0302BC6
:10E448001BDC2B2B11D02D2B17D10A9B43F001037A
:10E458000A93049B0133049312E00A9B43F00203DE
:10E468000A93049B013304930AE00A9B43F00403D4
:10E478000A93049B0133049302E000230C9300BF2A
:10E488000C9B002BD3D1002309939DF837302A2BFE
:10E498000CD1039B1B68191D039A11601B68099A0C
:10E4A80013440993049B013304931AE0049B1B78DB
:10E4B8008DF837309DF837302F2B12D99DF837302B
:10E4C800392B0ED8049B01330493099A13469B00F9
:10E4D80013445B001A469DF837301344303B0993C8
:10E4E800D3E700230B93049B1B788DF837309DF8F6
:10E4F80037302E2B1DD1049B01330493049B1B78CA
:10E508008DF837309DF837302F2B12D99DF83730DA
:10E51800392B0ED8049B013304930B9A13469B00A6
:10E5280013445B001A469DF837301344303B0B9375
:10E53800E4E7049B1B788DF837309DF837306C2B57
:10E5480003D09DF83730682B07D1049B013304931F
:10E55800049B1B788DF83730EFE79DF83730252B73
:10E5680000F0C480252BC0F2C680782B00F3C3804E
:10E57800582BC0F2C080583B202B00F2BC8001A26F
:10E5880052F823F081E60200FFE60200FFE60200EF
:10E59800FFE60200FFE60200FFE60200FFE60200D7
:10E5A800FFE60200FFE60200FFE60200FFE60200C7
:10E5B80011E6020033E60200FFE60200FFE6020071
:10E5C800FFE60200FFE6020033E60200FFE6020073
:10E5D800FFE60200FFE60200FFE60200FFE6020097
:10E5E800FFE60200C1E60200FFE60200FFE60200C5
:10E5F800A5E60200FFE6020057E60200FFE6020079
:10E60800FFE6020081E60200039B1B68191D039ABE
:10E6180011601B680C930C9B8DF81F309DF81F3000
:10E6280019460598FFF714FD66E0039B1B68191D42
:10E63800039A11601B680C930A9B0193099B009332
:10E648000B9B0A220C990598FFF722FE54E0039BC6
:10E658001B68191D039A11601B680C930C990A9B7F
:10E668000193099B00930B9B0A220598FFF778FDFD
:10E6780042E000BF50170300039B1B68191D039A53
:10E6880011601B680C930C990A9B0193099B0093DA
:10E698000B9B10220598FFF763FD2DE0039B1B6879
:10E6A800191D039A11601B6808930A9B099A089917
:10E6B8000598FFF7F3FC1FE0039B1B68191D039ADD
:10E6C80011601B680C9330210598FFF7C1FC782175
:10E6D8000598FFF7BDFC0C990023019308230093CC
:10E6E800082310220598FFF73BFD05E02521059832
:10E6F800FFF7AEFC00E000BF049B0133049305E084
:10E708009DF8373019460598FFF7A2FC049B1B7843
:10E71800002B7FF477AE00E000BF059B1B7B002B2E
:10E7280004D00598FFF738FC00E000BF0FB05DF893
:10E7380004FB00BF00B583B001900198FFF754FBBC
:10E748000346184603B05DF804FB00B58BB0019092
:10E758000091019B1B8A043B0793009A079B134473
:10E76800DA1C079BB2FBF3F38DF81B300198FFF717
:10E7780097FB0590059B002B01D1002338E0059BF2
:10E7880000221A71059B01225A71079B9AB2059BB8
:10E79800DA80059B09939DF81B30013B0493099B84
:10E7A800019A1A60002308931DE00198FFF778FB8F
:10E7B8000390039B002B0ED0059B5B790133DAB2E3
:10E7C800059B5A71099B039A1A60039B019A1A6068
:10E7D800039B099304E0059800F00EF8002307E076
:10E7E800089B01330893089A049B9A42DDD3059B42
:10E7F80018460BB05DF804FB00B58BB00190019B87
:10E808000793079B5B798DF81B30019B08939DF854
:10E818001B30013B05930023099305E0089B1B6807
:10E828000893099B01330993099A059B9A42F5D3EA
:10E83800089B1B680493019B0893002309930BE032
:10E84800089B1B68039308990498FFF771FB039BC7
:10E858000893099B013309939DF81B30099A9A4242
:10E86800EED300BF00BF0BB05DF804FB00B585B068
:10E878000190019B0393039B043301211846FFF782
:10E8880034FA00BF05B05DF804FB00B587B001900D
:10E89800019B0593059B043301211846FFF73DFAB8
:10E8A8000346039303AB0493049B1B78002B02D10C
:10E8B8000198FFF7A1FF00BF07B05DF804FB000057
:10E8C80000B591B00390029101920093039B002B35
:10E8D80003D14349B620F8F75FFA039B0993039BDA
:10E8E8000F93099BDB881A46099B5B7902FB03F3AC
:10E8F800043B0893009A089B9A4203D33849C420E2
:10E90800F8F74AFA099BDB880793009B1A1D079BB7
:10E91800B2FBF3F30E93009B0433079AB3FBF2F2B6
:10E92800079901FB02F29B1A0D93019B1A68009B41
:10E938001344089A9A4203D2089A009BD31A01E01A
:10E94800019B1B680C93019B0C9A1A6005E00F9BB6
:10E958001B680F930E9B013B0E930E9B002BF6D169
:10E9680000230B93079A0D9BD31A0A930A9A0C9BC0
:10E97800934228BF13460A932AE0029A0B9B13443A
:10E9880006930F9A0D9B1344043305939DF8483062
:10E99800002B05D00A9A0599069802F055F804E06C
:10E9A8000A9A0699059802F04FF800230D930F9BD9
:10E9B8001B680F930C9A0A9BD31A0C930B9A0A9B09
:10E9C80013440B93079A0C9B934228BF13460A9350
:10E9D8000C9B002BD1D100BF00BF11B05DF804FB28
:10E9E800CC17030000B589B00590049103920293F7
:10E9F800039B079307AA00230093029B0499059899
:10EA0800FFF75EFF079B039A9A4203D00349F6205B
:10EA1800F8F7C2F900BF09B05DF804FBCC17030092
:10EA280000B589B00590049103920293039B079364
:10EA380007AA01230093029B04990598FFF740FF5A
:10EA4800079B039A9A4204D004494FF48070F8F760
:10EA5800A3F900BF09B05DF804FB00BFCC170300A1
:10EA680000B583B00190019B002B03D106497220A9
:10EA7800F8F792F9019B00221A60BFF35F8F00BF7D
:10EA880000BF03B05DF804FB9018030008B5064BFF
:10EA980000221A700548FFF7E3FF0549054800F012
:10EAA80029F80023184608BDD8300020D4300020AB
:10EAB80048190300DC30002082B00190019B9B685C
:10EAC80000229A60019B9B6800221A61019B9B6847
:10EAD80000225A61019B9B680022DA60019B9B68B7
:10EAE80000225A60019B9B6800221A6000BF02B096
:10EAF8007047000000B583B001900091019B002B86
:10EB080003D110495020F8F747F9009B002B03D197
:10EB18000C495120F8F740F9019B009A1A60019BB3
:10EB28001B681A68019B5A60019B5A68019B1B6805
:10EB38005B689A4202D1019B00225A6000BF03B071
:10EB48005DF804FB5419030000B583B00190019BE4
:10EB5800002B03D114496320F8F71EF9019B1B68A9
:10EB6800002B03D110496420F8F716F9019B5B6864
:10EB7800002B14D0019B5B681A46019B1B689B689D
:10EB880013441A46019B5A60019B5A68019B1B68F3
:10EB98005B689A4204D1019B00225A6000E000BFE2
:10EBA80003B05DF804FB00BF5419030000B585B03D
:10EBB8000190019800F00EF80390039B002B01D000
:10EBC800039B00E0024B184605B05DF804FB00BF4C
:10EBD800DC19030086B00190164B0593164B04937D
:10EBE8001FE0049A059BD31ADB10DA0F13445B105D
:10EBF800DB00059A13440393039B1B680293029A54
:10EC0800019B9A4202D9039B04930AE0029A019B52
:10EC18009A4203D2039B0833059302E0039B5B6887
:10EC280004E0059A049B9A42DBD30023184606B0F9
:10EC3800704700BFDC1D0300041F030000B585B04A
:10EC48000190019B002B0AD0074B43F0010303936B
:10EC5800019B9B010293039B0298984700E000BF29
:10EC680005B05DF804FB00BF101F030000B583B0BA
:10EC78000190019B002B0AD04FF47A70FFF7DEFF5A
:10EC8800019B013B0193019B002BF5D100E000BFE4
:10EC980003B05DF804FB08B501F000FA00BF08BD39
:10ECA80000B589B0039002910192019B002B33D0EB
:10ECB8000023079303230693029A079B1344019AA0
:10ECC8001946002001F09AF90590079A059B13440C
:10ECD8000793019A059BD31A0193059B002B13D127
:10ECE8000F4B1B7883F00103DBB2002B13D10120FB
:10ECF800FFF7BCFF069B013B0693069B002B03D145
:10ED0800074B00221A7007E0054B01221A70019B7D
:10ED1800002BD1D100E000BF00BF09B05DF804FBB3
:10ED2800E430002000B585B003900291054B0093B4
:10ED38004023054A0299039800F012F800BF05B075
:10ED48005DF804FBA9EC0200E830002082B00190D5
:10ED580000BF02B0704782B0019000BF02B0704798
:10ED680000B5A1B005900491039202930498FFF7AF
:10ED78007DFD039B1593029B169300231793002395
:10ED88008DF8603000231993229B1A9300231F9358
:10ED98000FA91F9B08220498FFF742FE08231F9320
:10EDA800119B1293BDF84030ADF84C30BDF842309D
:10EDB800ADF84E3000238DF851309DF83C3003F00B
:10EDC8000303DBB2012B26D10F9BC3F395231C93BE
:10EDD8009DF83C30C3F3C203DBB28DF85030BDF868
:10EDE8003C30C3F38313DBB21B931B9B9A0009A926
:10EDF8001F9B0498FFF714FE1B9B9B001F9A13444C
:10EE08001F9312AA09A915AB009313461B9A1C98C5
:10EE180000F0D6FE2FE09DF83C3003F00303DBB290
:10EE2800022B28D1BDF83E30C3F389139BB21E9341
:10EE38009DF83C30C3F3C203DBB28DF850301E9B03
:10EE4800082B28BF08231D9307A91F9B1D9A049808
:10EE5800FFF7E6FD1F9A1D9B13441F931E9A1D9BE7
:10EE6800D31A1E9315AB12AA07A81D9900F04AFFE2
:10EE78001E9B002BE3D10498FFF707FD00BF21B0CC
:10EE88005DF804FB82B00190019BDB6801225A7196
:10EE980000BF02B07047000000B583B04FF0FF33E9
:10EEA8000193FFF7F8FE0421084800F0A3FD019044
:10EEB800019B002B03DA06494120F7F76DFF034851
:10EEC800FFF7E0FF00BF03B05DF804FB080C030088
:10EED800281F030000B583B001900091019B1B68B7
:10EEE8001B6800990198984700BF03B05DF804FBC0
:10EEF80000B583B00190019B1B685B680198984737
:10EF080000BF03B05DF804FB00B583B00190019B1E
:10EF18001B689B680198984700BF03B05DF804FB25
:10EF280082B001900B468DF80330019BDB689DF899
:10EF380003201A7100BF02B0704782B00190019B94
:10EF4800DB681B79184602B0704782B00190019BBC
:10EF5800DB6801225A7100BF02B0704782B001908D
:10EF6800019BDB685B79184602B0704700B585B035
:10EF780001900091154BFF229A60144B00221A60F1
:10EF8800124B00225A60114B0022C3F818240F4B71
:10EF98000022C3F814240D4B012283F820240C48C6
:10EFA800FFF7C8FB0390039B002B01D0039B08E0ED
:10EFB8000848FFF781FD084A084BD31ADB0802937B
:10EFC8000023184605B05DF804FB00BF903200200E
:10EFD800840B0300A81F0300080C0300980B030010
:10EFE800024A034BD31ADB0818467047080C030083
:10EFF800980B030000B587B001900B468DF80330DD
:10F008009DF80330002B1FD0FFF7EAFF0490002380
:10F01800059313E0059B9B000E4A13440393039B3F
:10F028001B881A46019B1B689A4204D1019B059ACA
:10F038001A60002309E0059B01330593059A049B98
:10F048009A42E7D3052300E00023184607B05DF88D
:10F0580004FB00BFA82A002000B585B001900B462C
:10F068008DF803309DF8032001AB11461846FFF7D1
:10F07800C1FF0346002B07D1019BDB00054A13445F
:10F088000393039B1B6800E00023184605B05DF856
:10F0980004FB00BF980B030084B001900B468DF869
:10F0A8000330019BDB00174A134402939DF8033099
:10F0B800013B032B1CD801A252F823F0D5F0020023
:10F0C800DDF00200E5F00200EFF0020002238DF807
:10F0D8000F3011E004238DF80F300DE0029B1B79EF
:10F0E8008DF80F3008E0029B5B798DF80F3003E054
:10F0F80000238DF80F3000BF9DF80F30184604B07C
:10F10800704700BF980B030084B001900091002362
:10F118008DF80F30019B1B7803F00403DBB2002B42
:10F1280024D0019B1B78C3F30103DBB2012B02D06F
:10F13800022B0CD017E0009B1B68019A1288C2F3BF
:10F148008312D2B213449A1C009B1A600BE0009BF6
:10F158001B68019A5288C2F3891292B213449A1C0E
:10F16800009B1A6000BF01238DF80F309DF80F3007
:10F17800184604B07047000000B58BB00023ADF806
:10F1880026303E48FEF7E1FD3D48FEF7DEFD3D4BEB
:10F198005B6804933B4B9B680693049A069B134059
:10F1A80002339B00374A13440433089304AB1946CF
:10F1B8000898FFF7A9FF0346002B09D0049A069B7D
:10F1C800134002339B002F4A134404330893EDE79E
:10F1D80000BF0023079311E0049B5A1C0492069A6F
:10F1E8001340079A920001A90A44264902339B005A
:10F1F8000B445B681360079B01330793079B012B44
:10F20800EAD99DF80430C3F30103DBB2012B10D017
:10F21800022B1CD1BDF80A30ADF82630BDF80630F7
:10F22800C3F389139BB203339A08049B13440493D2
:10F2380013E0BDF80A30ADF82630BDF80430C3F34A
:10F248008313DBB21A46049B1344049305E00E496A
:10F258004FF4BF70F7F7A0FD00BF0948FEF781FD26
:10F268000590059B002B02D0049B064A5360BDF80D
:10F27800263018460BB05DF804FB00BFA836002006
:10F28800A436002090320020B81F030000B585B0D6
:10F2980000210748FEF7CAFC0390039B0293029BD8
:10F2A80083F310030193019B184605B05DF804FB36
:10F2B800AC36002000B589B003900291019200930A
:10F2C800039B1B0C0793FFF7E1FF0690FFF788FEEF
:10F2D8000246079B934204D3214940F2A310F7F753
:10F2E8005BFD069B1904009B5A1C0A9B1340079A56
:10F2F8000A431C4902339B000B445A60009A0A9B3C
:10F30800134002339B00174A134404330593039BAD
:10F3180003F00703D9B2059A137861F3C503137094
:10F32800019B03F00F03D9B2059A138861F389137F
:10F338001380029BC3F31501059A136861F39F2399
:10F348001360059A1378012161F301031370059A7C
:10F3580013786FF38203137000BF09B05DF804FBE4
:10F36800B81F03009032002000B58DB003900291C1
:10F3780013468DF80730039B02330A9301238DF857
:10F38800273000238DF81B300DF11B031846FEF7BC
:10F39800B7FB404B1A68029B1A603E4B9A683D4B7C
:10F3A80059683C4B1B68CB1A134401330B9314E088
:10F3B80001213948FEF799FCFFF7DEFE079007990F
:10F3C8003548FEF792FC334B9A68324B5968314BFB
:10F3D8001B68CB1A134401330B930A9A0B9B9A426E
:10F3E800E6D89DF82730002B48D0002305939DF8D8
:10F3F8000730002B17D09DF81430012262F3010367
:10F408008DF814309DF8143043F004038DF814304F
:10F41800039B03F00F03DAB2BDF8143062F38913CB
:10F42800ADF8143016E09DF81430022262F301039F
:10F438008DF814309DF8143043F004038DF814301F
:10F44800039BC3F309039AB2BDF8163062F38F1316
:10F45800ADF816300F4B1A680E4B9B6813400233F9
:10F468009B000C4A134404330893059A089B1A60BE
:10F47800084B1A680A9B1344064A13609DF81B3010
:10F488001846FEF753FB9DF8273018460DB05DF877
:10F4980004FB00BF90320020AC36002000B58BB0D2
:10F4A80005900491039202931F4B9B68079306AB48
:10F4B800012219460298FFF757FF0346002B24D074
:10F4C800069B023309930023089311E0089B9B00D5
:10F4D800039A1A44099B591C099107990B40126811
:10F4E800114902339B000B445A60089B013308936F
:10F4F800089A029B9A42E9D3069A079B00931346FF
:10F50800029A04990598FFF7D5FE074B93F8203423
:10F51800002B04D000F066F80346002BFAD100BF98
:10F528000BB05DF804FB00BF9032002000B583B03B
:10F53800019000910023002200990198FFF7AEFF87
:10F5480000BF03B05DF804FB00B587B003900291DB
:10F558000192019B059305AA012302990398FFF7DD
:10F568009DFF00BF07B05DF804FB00B587B00390AE
:10F57800029101920093019B0493009B059304AAB6
:10F58800022302990398FFF789FF00BF07B05DF8CF
:10F5980004FB00B58BB00390029101920093019B8C
:10F5A8000593009B06930C9B07930D9B08930E9B5A
:10F5B800099305AA052302990398FFF76FFF00BF77
:10F5C8000BB05DF804FB0000054B5A68044B1B6840
:10F5D8009A420CBF01230023DBB21846704700BFD4
:10F5E8009032002000B599B0FFF7EEFF0346002BDC
:10F5F80001D00023BEE19B4B0022C3F81824BFF3BF
:10F608004F8F00BF974B5B680493964B9B68109392
:10F61800049A109B134002339B00924A134404330C
:10F628001193002317930023169300230F9304AB21
:10F6380019461198FFF768FD0346002B19D0894B2E
:10F64800D3F81834002B14D1864B1A68049B9A42BD
:10F6580005D8844B1B68834A536000238AE1049AC7
:10F66800109B134002339B007E4A134404331193CA
:10F67800DDE70023159311E0049B5A1C0492109AAD
:10F688001340159A920001A90A44764902339B0057
:10F698000B445B681360159B01331593159B012B75
:10F6A800EAD99DF8043003F00303DBB2022B40F0E3
:10F6B8009C80BDF80630C3F389139BB20D93BDF847
:10F6C8000630C3F389139BB2502B28BF50239BB23B
:10F6D8000C930C9BC3F309039AB2BDF8063062F38E
:10F6E8008F13ADF806300C9B08330B939DF804304C
:10F6F800C3F3C203DBB20F930B995B48FFF725F8FE
:10F708001790179B002B00F0D1801798FFF7AEF8E1
:10F7180001A9169B08221798FFF764F9169B08336E
:10F728001693049BDA43109B134001339B000A9302
:10F738000C9A0A9B9A4242D90A9B002B08D0049A39
:10F74800109B134002339B00464A1344043300E0E5
:10F75800464B08930A9B002B02D00A9BDBB201E0C0
:10F768000C9BDBB28DF81F300A9B002B01D03F4B5E
:10F7780000E0002306930A9B002B06D00C9BDAB20C
:10F788000A9BDBB2D31ADBB200E000238DF81730F6
:10F798009DF81F20169B08991798FFF723F99DF8E5
:10F7A8001F30169A13441693069B002B16D09DF80B
:10F7B8001720169B06991798FFF714F90EE0049A7C
:10F7C800109B134002339B00264A134404330993C9
:10F7D800169B0C9A09991798FFF704F90D9B0333A8
:10F7E8009A08049B1344049360E09DF8043003F0E6
:10F7F8000303DBB2012B59D1BDF80430C3F38313E3
:10F80800DBB2062B28BF0623DAB2BDF8043062F358
:10F818008913ADF80430BDF80430C3F38313DBB2A9
:10F8280002330E939DF80430C3F3C203DBB20F9387
:10F838000E9B9B0019460C48FEF787FF1790179BF5
:10F84800002B33D01798FFF711F801A9169B08224F
:10F858001798FFF7C7F8169B0833169300231593DC
:10F868001BE000BF90320020840B03009C32002074
:10F87800049B5A1C0492109A134002339B003F4A7F
:10F888001344191D169B04221798FFF7ABF8169B13
:10F8980004331693159B01331593BDF80430C3F355
:10F8A8008313DBB21A46159B9342E1D3179B002BB7
:10F8B80040D0324BD3F810341493304BD3F818346B
:10F8C800002B1BD01798FEF7E0FF4DE000238DF8C2
:10F8D8004F301498FFF742FB0346002B02D0012358
:10F8E8008DF84F309DF84F30002B03D0179914989E
:10F8F800FFF7F0FA149BDB681B681493149B002B2A
:10F90800E4D11798FEF7C1FF00238DF803300DF1FD
:10F9180003031846FEF7F4F8184BD3F81834002BF5
:10F9280002D1049B154A53609DF803301846FEF730
:10F93800FDF819E0114BD3F81034129306E0129831
:10F94800FFF7E2FA129BDB681B681293129B002BED
:10F95800F5D10B4A0B4BD31ADB081B0443F0020307
:10F9680009491846FFF7E2FDFFF72EFE034683F02C
:10F978000103DBB2184619B05DF804FB9032002091
:10F98800C80B0300980B03003020030000B585B0B6
:10F998000023039323E0164BD3F81034029301237A
:10F9A8008DF807300FE00298FFF7C7FA03461A46AA
:10F9B800039B934203D100238DF8073006E0029B96
:10F9C800DB681B680293029B002BECD19DF8073083
:10F9D800002B01D0039B07E0039B01330393039B98
:10F9E800092BD8DD4FF0FF33184605B05DF804FB4E
:10F9F8009032002000B585B001900B468DF8033099
:10FA0800FFF7C4FF0390039BB3F1FF3F01D1039BB2
:10FA180022E0039BDBB219460198FFF781FA104BED
:10FA2800D3F81034002B08D10D4A019BC2F81034CA
:10FA3800019BDB6800221A600DE0094BD3F81034F3
:10FA4800DA68019BDB6812681A60054BD3F810343A
:10FA5800DB68019A1A60039B184605B05DF804FB41
:10FA68009032002000B583B00D4BD3F810340193C9
:10FA78000B4B012283F8202409E00198FFF765FA6F
:10FA88000198FFF735FA019BDB681B680193019B1E
:10FA9800002BF2D100BF00BF03B05DF804FB00BF2C
:10FAA8009032002082B00190009100BF02B07047F0
:10FAB80010B584B003900291039BDB88002B0AD019
:10FAC800039BDB881A461F4B009313461E4A1F49A7
:10FAD8000298FEF783FA039B1B7A052B2ED0039B13
:10FAE8005B7A002B12D0039B9B881A46039B1B7AD8
:10FAF80019461046FFF7D0FA03461A46144B53F836
:10FB080022301A4613490298FEF768FA039B1B68CD
:10FB180019460298FFF7C6FF039B1B7A1A460E4B3D
:10FB280053F82240039B9B8800211846FFF794FA5C
:10FB38000346224609490298FEF750FA00BF04B06E
:10FB480010BD00BF6420030074200300AC20030034
:10FB5800F42A0020C4200300E02A0020C820030063
:10FB680000B585B00390029113468DF80730039BCA
:10FB78001B7A052B0FD0039B5B7A002B06D00D4B0D
:10FB88001B681A460C490298FEF728FA0B49029896
:10FB9800FEF724FA07E09DF80730002B03D0074949
:10FBA8000298FEF71BFA0298FEF7F6F900BF05B0B7
:10FBB8005DF804FBF42A0020C4200300D4200300CD
:10FBC80030B58BB007900691059204930E9B1B7B72
:10FBD8008DF827300E9B00221A730E990498FFF7B0
:10FBE80067FF059B062B7FD801A252F823F000BFC0
:10FBF80015FC02001FFC02002FFC020043FC02005F
:10FC080061FC020089FC0200B9FC020007990E9809
:10FC1800FEF7E4F969E0069B1B681A4607990E98F7
:10FC2800FEF7DCF961E0069B1A68069B04331B6843
:10FC380007990E98FEF7D2F957E0069B1A68069BBB
:10FC480004331968069B08331B6800930B46079911
:10FC58000E98FEF7C3F948E0069B1968069B043323
:10FC68001868069B08331B68069A0C3212680192C2
:10FC7800009303460A4607990E98FEF7AFF934E059
:10FC8800069B1868069B04331C68069B08331B6890
:10FC9800069A0C321268069910310968029101928D
:10FCA80000932346024607990E98FEF797F91CE041
:10FCB800069B1C68069B04331D68069B08331B685B
:10FCC800069A0C32126806991031096806981430A1
:10FCD800006803900291019200932B4622460799EF
:10FCE8000E98FEF77BF900E000BF00220E990498F9
:10FCF800FFF736FF0E9B9DF827201A7300BF0BB045
:10FD080030BD00BF00B587B0039002910192009307
:10FD1800029B082B60D8009B1B7B8DF81330009B3F
:10FD280000221A7300990198FFF7C2FE0023059379
:10FD380014E0059A029B9A4209D2039A059B134440
:10FD48001B781A4626490098FEF748F903E025492A
:10FD58000098FEF743F9059B01330593059B072B94
:10FD6800E7D921490098FEF739F90023059326E0E1
:10FD7800059A029B9A421BD2039A059B13441B784F
:10FD88008DF812309DF812307E2B0AD89DF812306B
:10FD9800184600F0E4FD0346002B02D09DF812300F
:10FDA80000E02E231A4611490098FEF717F903E0E0
:10FDB8000F490098FEF712F9059B01330593059B3F
:10FDC800072BD5D9012200990198FFF7C9FE009B9E
:10FDD8009DF813201A7300E000BF07B05DF804FB1C
:10FDE800D8200300E0200300E4200300E8200300FB
:10FDF800EC20030082B0204B0193019B02221A6180
:10FE0800019B02225A61019B1C4A9A61019B1C4A70
:10FE1800DA61019B4FF400721A62019B00229A6218
:10FE2800019B00225A62019B0022DA62019B134A5D
:10FE38009A64019B134ADA64019B10221A65019B9C
:10FE480000229A65019B00225A65019B0022DA650F
:10FE5800019B07330C4A10681860019B0B4A106815
:10FE680018609188927999809A71019B20229A71E1
:10FE780000BF02B0704700BFB4360020F020030076
:10FE88002C3700202C390020FC200300002103001F
:10FE980000B589B003900291019200230693039B59
:10FEA800DB680593039B1B690493049A059B9A429C
:10FEB80005D9049A059BD31A013B079307E0039BD6
:10FEC8009A680499059BCB1A1344013B0793039B3B
:10FED8009A68059BD31A079A934228BF134607933B
:10FEE800079A019B934228BF13460793039B5A68BE
:10FEF800059B1344079A0299184600F0A5FD069A37
:10FF0800079B13440693029A079B13440293019A92
:10FF1800079BD31A0193059A079B13440593039BE8
:10FF28009B68059A9A4201D100230593039B059A81
:10FF3800DA60019B002BB5D1069B184609B05DF825
:10FF480004FB00B589B0039002910192039BDB6822
:10FF58000793039B9A68079BD31A0693069A019BFB
:10FF68009A420ED9039B5A68079B1344019A029937
:10FF7800184600F069FD079A019B1A44039BDA6052
:10FF88001AE0069B0593039B5A68079B1344059A3E
:10FF98000299184600F058FD019A069BD31A05935A
:10FFA800039B5868029A069B1344059A194600F069
:10FFB8004BFD039B059ADA6000BF09B05DF804FBAE
:10FFC80086B00190019B1B690493019BDB68039336
:10FFD800049A039B9A4208D8019B9A68039BD21AF9
:10FFE800049B1344013B059304E0049A039BD31A32
:08FFF800013B0593059B18462F
:020000023000CC
:1000000006B0704700B589B0039002910192029B3F
:100010000693039B5A1C13465B001344DB00204AE3
:1000200013440593059B5B69022B29D0022B2ED824
:10003000002B02D0012B13D029E00598FFF7C4FF55
:100040000490049A019B9A4202D20023079321E074
:10005000019B0793019A06990598FFF776FF19E02F
:100060000598FFF7B1FF0490019A049B934228BFC3
:1000700013460793079A06990598FFF766FF09E06C
:10008000019A06990598FFF707FF079002E0002301
:10009000079300BF079B184609B05DF804FB00BF3B
:1000A000B436002008B5FFF7A9FE00BF08BD000068
:1000B00082B003468DF807309DF8073003F01F0229
:1000C00005499DF907305B09012000FA02F241F869
:1000D000232000BF02B0704700E100E082B0034679
:1000E0008DF807309DF90730002B0BDA0B4A9DF88D
:1000F000073003F00F03043B13441B7EDBB25B09A4
:10010000DBB208E0064A9DF90730134493F8003348
:10011000DBB25B09DBB2184602B0704700ED00E0CD
:1001200000E100E000B583B00190019B002B03D1FA
:100130000449C420F6F734FE019B5B68184603B0FF
:100140005DF804FB0821030010DF704700BF18466C
:1001500082B003468DF807309DF907301F2B0CDC69
:100160009DF907300F4A22FA03F303F00103002B35
:1001700014BF01230023DBB210E09DF907303F2BB1
:100180000BDC9DF90730203B012202FA03F3002B20
:1001900014BF01230023DBB200E00123184602B0A4
:1001A000704700BFFC06FFBD82B00190019B072B8A
:1001B00007D8EC22019B42FA03F303F00103002B62
:1001C00001D1002300E00123184602B0704700006F
:1001D00000B583B003468DF807309DF90730184607
:1001E000FFF7B6FF0346002B02D142F201032EE0D7
:1001F0009DF907301846FFF771FF03461846FFF7D1
:10020000D3FF0346002B02D142F202031FE0124B40
:100210009B68002B15D09DF907305B090E4A52F8F8
:1002200023209DF8073003F01F03012101FA03F397
:1002300019469DF907305B090A43074941F8232015
:1002400004E09DF907301846FFF732FF00231846F7
:1002500003B05DF804FB00BFC830002000B587B0D4
:1002600003468DF8073002AB14491846FEF746FCEA
:1002700017E002AB1846FFF755FF0590059B1B687A
:100280000493059B59689DF80720049B10469847E6
:100290000346002B01D111230BE002AB1846FEF7F9
:1002A00057FC02AB1846FFF73DFF0346002BE0D199
:1002B0000023184607B05DF804FB00BFD4210300FB
:1002C00000B587B003468DF8073002AB11491846D8
:1002D000FEF714FC12E002AB1846FFF723FF05906F
:1002E000059B1B680493059B59689DF80720049B98
:1002F0001046984702AB1846FEF72AFC02AB184698
:10030000FFF710FF0346002BE5D100BF00BF07B089
:100310005DF804FBE021030000B583B01620FFF771
:1003200057FF0190019B0093009B002B04D0044ACF
:10033000A1210098FCF7D8FC00BF03B05DF804FBD6
:100340006421030000B585B0234B1B78002B01D03E
:1003500008233CE0214B01221A700020FFF77EFFAA
:100360000346112B01D1002331E00020FFF7A8FF45
:100370001B4B1B68029300238DF807300DF1070318
:100380001846FDF7C1FB02AB16491846FFF7DCFE25
:100390000390039B002B0CBF01230023DAB20E4B0A
:1003A0001A709DF807301846FDF7C4FB039B002B1D
:1003B00001D0039B0BE0094B00221A700A4B00226C
:1003C0001A70FFF7A9FF0120FFF77AFF00231846F4
:1003D00005B05DF804FB00BF3C3900203E39002029
:1003E000D021030005CD02003D390020014B1B78D0
:1003F000184670473C39002000B585B06B4611495E
:100400001846FEF77BFB10E06B461846FFF78AFEA6
:100410000390039B1B680293039B5A68029B104640
:1004200098476B461846FEF793FB6B461846FFF756
:1004300079FE0346002BE7D100BF00BF05B05DF891
:1004400004FB00BFEC21030008B5FFF7D5FF00BF98
:1004500008BD60DF704700BF184669DF704700BF06
:10046000184661DF704700BF1846000000B583B032
:100470000190019B002B03D10449C420F6F790FCA6
:10048000019B5B68184603B05DF804FBF82103008C
:1004900082B00190019B002B01D10E2304E0044B9C
:1004A0001A46019B1A600023184602B0704700BF2D
:1004B000A82A002010B586B0034600918DF80730B9
:1004C0000098FFF7E5FF0590059B002B01D0059BE9
:1004D000ECE002AB0C220021184600F0EBFA9DF88C
:1004E00007308DF8083001238DF80A300623ADF867
:1004F0000C30009B1A6802AB19462020FFF7ADFFB5
:100500000590059B002B0FD06A4A6B4BD31ADB0872
:100510001B0443F001040598FEF74CFB03461A4602
:1005200066492046FFF714F802AB0C22002118465A
:1005300000F0C0FA01238DF8093000238DF80A304D
:1005400000238DF80B30009B1A6802AB194640203F
:10055000FFF783FF0590059B002B0FD0554A564BA4
:10056000D31ADB081B0443F001040598FEF722FBB5
:1005700003461A4652492046FEF7EAFF02AB0C2218
:100580000021184600F096FA9DF807308DF80830E3
:10059000F723ADF80A30009B1A6802AB19462320F6
:1005A000FFF75BFF0590059B002B0FD0414A424BA4
:1005B000D31ADB081B0443F001040598FEF7FAFA8E
:1005C00003461A463F492046FEF7C2FF02AB0C2203
:1005D0000021184600F06EFA02238DF80830009BC7
:1005E0001A6802AB19460120FFF737FF0590059BFB
:1005F000002B0FD02F4A304BD31ADB081B0443F0DB
:1006000001040598FEF7D6FA03461A462E492046FD
:10061000FEF79EFF02AB0C220021184600F04AFABA
:100620004FF4B0630293009B1A6802AB1946A120F5
:10063000FFF713FF0590059B002B0FD01D4A1E4BA3
:10064000D31ADB081B0443F001040598FEF7B2FA45
:1006500003461A461D492046FEF77AFF02AB0C22DC
:100660000021184600F026FA9DF808306FF30003C9
:100670008DF80830009B1A6802AB1946A020FFF7DE
:10068000ECFE0590059B002B0FD00A4A0A4BD31AAB
:10069000DB081B0443F001040598FEF78BFA0346C0
:1006A0001A460B492046FEF753FF0023184606B0B2
:1006B00010BD00BFF00B0300980B0300582203008D
:1006C000A0220300EC220300342303008023030054
:1006D000D423030082B04FF08053D3F80C319B0237
:1006E0000193019B03F10053184602B070470000CC
:1006F00010B584B00190019B1B6803930198FFF72C
:10070000A8FE0290019B1B68039A9A4229D2224AB2
:10071000224BD31ADB081B0443F00203204918467E
:10072000FEF708FF1C4A1D4BD31ADB081B0443F0DD
:100730000200019B1B68039A1A49FEF71AFF164A2A
:10074000164BD31ADB081B0443F00204FFF7C2FF69
:100750000246019B1B68D31A1A4613492046FEF72E
:10076000F7FE029B002B03D1104B01221A700FE001
:10077000094A0A4BD31ADB081B0443F00104029810
:10078000FEF718FA03461A4609492046FEF7E0FE2E
:10079000029B184604B010BDF00B0300980B030039
:1007A00028240300582403008C2403003F39002030
:1007B000B824030000B5ADF5077D86ABA3F505733E
:1007C0001860244B1B7883F00103DBB2002B3BD174
:1007D0004FF4FA73ADF806320DF2062202AB114661
:1007E0001846FFF73EFE8590859B002B03D0859B26
:1007F000052B22D129E002AB84937FAB1649184622
:10080000FEF77CF911E07FAB1846FFF72FFE8390CF
:10081000839B1B688293839B5A68829B11468498B2
:1008200098477FAB1846FEF793F97FAB1846FFF762
:100830001DFE0346002BE6D1CAE7084A40F23911F3
:100840008598FCF751FA00E000BF0DF5077D5DF8D3
:1008500004FB00BF3F39002048250300D8240300D3
:1008600000B583B00190019B002B03D10449C42043
:10087000F6F796FA019B5B68184603B05DF804FB37
:10088000542503004BDF704700BF184600B589B000
:10089000019004AB1846FFF7F5FF0790079B002B6C
:1008A00003D0079B052B20D124E002AB1349184647
:1008B000FEF724F911E002AB1846FFF7D1FF0690CE
:1008C000069B1B680593049A069B5968059B104676
:1008D000984702AB1846FEF73BF902AB1846FFF704
:1008E000BFFF0346002BE6D1D3E7054A6B210798EB
:1008F000FCF7FAF900BF09B05DF804FB24260300F9
:10090000B425030084460020002918BF002A00D126
:100910007047097848B2002844BF6FF00100704763
:10092000BCF1000F18BFCCF800100021C3E9001182
:10093000002818BF012070477F298EBF6FF001008B
:1009400001700120704743F64012C2F200021368A2
:10095000002B02BF42F61833C2F2000313605A683C
:100960009268126810470921FFF7EDBF7F2884BF06
:100970000020704742F64402C0F20302515C42F28A
:10098000C472C0F20302105C08407047A0F161011C
:100990001A2938BF20387047A0F141011A2938BF01
:1009A000203070477F2884BF0020704742F6440201
:1009B000C0F20302515C42F2C472C0F20302105C46
:1009C00008407047A0F161011A2938BF20387047EC
:1009D000A0F141011A2938BF20307047072904D9F6
:1009E000024A4160002310600360704744390020D0
:1009F000411C82070CD010F8012B3AB3820707D0B4
:100A000010F8012B12B3820702D010F8012BEAB1C3
:100A10004FF0013C50F8042BCCFA52F37BB950F85C
:100A2000042BCCFA52F353B950F8042BCCFA52F3FE
:100A30002BB950F8042BCCFA52F3002BEAD004382F
:100A40001BBAB3FA83F300EBD3000130401A7047AE
:100A50005AB3844690EA01039B071FD1830707D04E
:100A600011F8013B00F8013B013AF7D11CE0844644
:100A7000203A09D32DE9F007B1E8F807A0E8F80714
:100A8000203AF9D2BDE8F0071C3205D451F8043BF6
:100A900040F8043B043AF9D2043205D011F8013B86
:100AA00000F8013B013AF9D16046704700220B0083
:100AB00011001A0084465AB3830704D000F8011BC2
:100AC000013AF9D124E0C9B241EA012141EA0141E8
:100AD000202A11D3203A2DE9F0030B460C460D468F
:100AE0000E460F4688468946A0E8FA03203AFBD214
:100AF000BDE8F00320320BD0042A05D340F8041BD4
:100B0000043A05D0042AF9D200F8011B013AFBD1BE
:040B10006046704784
:100B1400D1AF020000000000AB940200682B00205B
:100B2400F59B0200000000000567020000000000C1
:100B34001DA60200482B002061940200682B0020AF
:100B4400319A020000000000ABAB0200B02A002082
:100B540017A902005C2B00208D680200C02D002024
:080B6400BD700200000000005A
:080B6C00F9AF020000000000D7
:100B7400B5070300000000008D080300000000001A
:100B8400F0310020283100203031002030310020A5
:040B94001800000045
:100B98001012030000000000E4120300000000002F
:100BA80058130300000000005C130300000000005D
:100BB8003014030000000000D414030000000000FB
:100BC800B41F0300000003035011030000000000DD
:100BD8006811030000000000F80F03000000030381
:100BE8005C210300000003034C2203000000030300
:100BF800A825030000000303C81803000000000034
:100C0800041F030000000000181F0300D82A00205A
:100C1800433A5C55736572735C70787435375C421F
:100C28006F785C5068696C69702026204E616E731D
:100C380068755C52657365617263685C6E524620C4
:100C4800436F64655C4E6F726469632053444B2044
:100C580031352E335C70726F6A656374735C4461FE
:100C68007461204163717569736974696F6E5C435F
:100C78006F6E74696E756F75732053414144435CA0
:100C88006D61696E2E6300005341414443207374C3
:100C980061727465642E0000B18ABF45CA0550BAF6
:100CA8004042B000C9AD64F373645F626C655F670E
:100CB800617474735F68767820726573756C743AC2
:100CC8002025782E200D0A00433A5C55736572730F
:100CD8005C70787435375C426F785C5068696C6911
:100CE800702026204E616E7368755C52657365616D
:100CF8007263685C6E524620436F64655C4E6F7227
:100D08006469632053444B2031352E335C70726F15
:100D18006A656374735C44617461204163717569C9
:100D2800736974696F6E5C436F6E74696E756F7505
:100D3800732053414144435C6D795F647269766501
:100D480072735C7372635C626C655F64726976650A
:100D5800722E630053656E7420544D5300000000DA
:100D68005374617274696E6720424C4520696E69DC
:100D78007469616C697A6174696F6E2E2E2E000039
:100D880009424C4520737461636B20696E6974690C
:100D9800616C7A696564000009474150207061728E
:100DA800616D657465727320696E697469616C69D7
:100DB8007A656400094761747420696E69746961B1
:100DC8006C697A65642E00000953657276696365FB
:100DD8007320696E697469616C697A65642E0000B4
:100DE800094164766572746973696E6720696E6912
:100DF8007469616C697A65640000000009436F6E6C
:100E08006E656374696F6E20706172616D6574657B
:100E1800727320696E7469616C697A656400000098
:100E28005341414443204C6F6767657200000000DE
:100E3800436F6E6E65637465640000004469736394
:100E48006F6E6E65637465640000000044617461D0
:100E5800206C656E2069732073657420746F203070
:100E680078255828256429002E2E2F2E2E2F2E2E39
:100E78002F2E2E2F2E2E2F2E2E2F6D6F64756C6514
:100E8800732F6E7266782F68616C2F6E72665F744E
:100E9800696D65722E6800002E2E2F2E2E2F2E2E95
:100EA8002F2E2E2F2E2E2F2E2E2F6D6F64756C65E4
:100EB800732F6E7266782F647269766572732F6904
:100EC8006E636C7564652F6E7266785F74696D65A4
:100ED800722E6800433A5C55736572735C7078745F
:100EE80035375C426F785C5068696C6970202620E1
:100EF8004E616E7368755C52657365617263685C98
:100F08006E524620436F64655C4E6F72646963205D
:100F180053444B2031352E335C70726F6A656374AD
:100F2800735C4461746120416371756973697469A4
:100F38006F6E5C436F6E74696E756F757320534185
:100F48004144435C6D795F647269766572735C7362
:100F580072635C73616164632E63000041444320E3
:100F68006576656E74206E756D6265723A202564CB
:100F7800000000002564000000900040000400000C
:100F880002000600433A5C55736572735C707874AE
:100F980035375C426F785C5068696C697020262030
:100FA8004E616E7368755C52657365617263685CE7
:100FB8006E524620436F64655C4E6F7264696320AD
:100FC80053444B2031352E335C636F6D706F6E6503
:100FD8006E74735C626C655C636F6D6D6F6E5C6282
:100FE8006C655F636F6E6E5F73746174652E63000A
:100FF8006E72665F626C655F676174740000000002
:1010080073645F626C655F6761705F646174615F80
:101018006C656E6774685F757064617465282920F3
:10102800287265717565737429206F6E20636F6E01
:101038006E656374696F6E203078257820726574E8
:1010480075726E65642025732E0000005468652053
:101058007265717565737465642054582F525820F1
:101068007061636B6574206C656E67746820697362
:1010780020746F6F206C6F6E672062792025752F42
:101088002575206F63746574732E0000546865209D
:1010980072657175657374656420636F6D62696EDE
:1010A8006174696F6E206F6620545820616E6420E9
:1010B8005258207061636B6574206C656E67746844
:1010C8007320697320746F6F206C6F6E672062796C
:1010D800202575206D6963726F7365636F6E647325
:1010E8002E00000073645F626C655F6761747463EF
:1010F8005F65786368616E67655F6D74755F72655B
:10110800717565737428292072657475726E6564CB
:101118002025732E0000000073645F626C655F67B2
:10112800617474735F65786368616E67655F6D7419
:10113800755F7265706C7928292072657475726E96
:1011480065642025732E0000626C655F6E75730000
:101158009ECADC240EE5A9E093F3A3B50000406E17
:10116800636C6F636B000000433A5C557365727380
:101178005C70787435375C426F785C5068696C696C
:10118800702026204E616E7368755C5265736561C8
:101198007263685C6E524620436F64655C4E6F7282
:1011A8006469632053444B2031352E335C696E7477
:1011B8006567726174696F6E5C6E7266785C6C6587
:1011C800676163795C6E72665F6472765F636C6F89
:1011D800636B2E63000000002E2E2F2E2E2F2E2E36
:1011E8002F2E2E2F2E2E2F2E2E2F696E746567729E
:1011F8006174696F6E2F6E7266782F6E7266785F93
:10120800676C75652E680000434C4F434B00000027
:10121800433A5C55736572735C70787435375C4219
:101228006F785C5068696C69702026204E616E7317
:1012380068755C52657365617263685C6E524620BE
:10124800436F64655C4E6F726469632053444B203E
:1012580031352E335C6D6F64756C65735C6E7266C8
:10126800785C647269766572735C7372635C6E72C3
:1012780066785F636C6F636B2E6300002E2E2F2ED3
:101288002E2F2E2E2F2E2E2F2E2E2F2E2E2F696EF6
:10129800746567726174696F6E2F6E7266782F6EEF
:1012A8007266785F676C75652E6800002E2E2F2E8B
:1012B8002E2F2E2E2F2E2E2F2E2E2F2E2E2F6D6FC1
:1012C80064756C65732F6E7266782F68616C2F6E0B
:1012D80072665F6770696F2E680000004750494F5B
:1012E80054450000433A5C55736572735C707874BA
:1012F80035375C426F785C5068696C6970202620CD
:101308004E616E7368755C52657365617263685C83
:101318006E524620436F64655C4E6F726469632049
:1013280053444B2031352E335C6D6F64756C657397
:101338005C6E7266785C647269766572735C7372EF
:10134800635C6E7266785F6770696F74652E6300A0
:101358005050490050525300433A5C5573657273BC
:101368005C70787435375C426F785C5068696C697A
:10137800702026204E616E7368755C5265736561D6
:101388007263685C6E524620436F64655C4E6F7290
:101398006469632053444B2031352E335C6D6F6490
:1013A800756C65735C6E7266785C6472697665727A
:1013B800735C7372635C7072735C6E7266785F7074
:1013C80072732E63000000002E2E2F2E2E2F2E2E2D
:1013D8002F2E2E2F2E2E2F2E2E2F696E74656772AC
:1013E8006174696F6E2F6E7266782F6E7266785FA1
:1013F800676C75652E6800002E2E2F2E2E2F2E2E30
:101408002F2E2E2F2E2E2F2E2E2F6D6F64756C657E
:10141800732F6E7266782F68616C2F6E72665F73B9
:10142800616164632E680000534141444300000039
:10143800433A5C55736572735C70787435375C42F7
:101448006F785C5068696C69702026204E616E73F5
:1014580068755C52657365617263685C6E5246209C
:10146800436F64655C4E6F726469632053444B201C
:1014780031352E335C6D6F64756C65735C6E7266A6
:10148800785C647269766572735C7372635C6E72A1
:1014980066785F73616164632E6300002E2E2F2EC1
:1014A8002E2F2E2E2F2E2E2F2E2E2F2E2E2F696ED4
:1014B800746567726174696F6E2F6E7266782F6ECD
:1014C8007266785F676C75652E68000054494D45F3
:1014D80052000000433A5C55736572735C7078740F
:1014E80035375C426F785C5068696C6970202620DB
:1014F8004E616E7368755C52657365617263685C92
:101508006E524620436F64655C4E6F726469632057
:1015180053444B2031352E335C6D6F64756C6573A5
:101528005C6E7266785C647269766572735C7372FD
:10153800635C6E7266785F74696D65722E63000015
:10154800534F46544445564943453A204153534521
:101558005254494F4E204641494C45440000000032
:10156800534F46544445564943453A20494E5641FF
:101578004C4944204D454D4F525920414343455312
:1015880053000000415353455254494F4E204641A1
:10159800494C45442061742025733A2575000000A4
:1015A8004552524F52202575205B25735D2061748A
:1015B8002025733A25750D0A50432061743A20306E
:1015C8007825303878000000456E64206F66206505
:1015D80072726F72207265706F727400554E4B4E46
:1015E8004F574E204641554C542061742030782581
:1015F80030385800000000000338FDD8704700005C
:10160800433A5C55736572735C70787435375C4225
:101618006F785C5068696C69702026204E616E7323
:1016280068755C52657365617263685C6E524620CA
:10163800436F64655C4E6F726469632053444B204A
:1016480031352E335C636F6D706F6E656E74735CCD
:101658006C69627261726965735C7574696C5C61EE
:1016680070705F7574696C5F706C6174666F726DB1
:101678002E630000433A5C55736572735C7078742E
:1016880035375C426F785C5068696C697020262039
:101698004E616E7368755C52657365617263685CF0
:1016A8006E524620436F64655C4E6F7264696320B6
:1016B80053444B2031352E335C636F6D706F6E650C
:1016C8006E74735C6C69627261726965735C626185
:1016D8006C6C6F635C6E72665F62616C6C6F632EBC
:1016E80063000000433A5C55736572735C707874EC
:1016F80035375C426F785C5068696C6970202620C9
:101708004E616E7368755C52657365617263685C7F
:101718006E524620436F64655C4E6F726469632045
:1017280053444B2031352E335C65787465726E6195
:101738006C5C667072696E74665C6E72665F667009
:1017480072696E74662E6300433A5C5573657273F2
:101758005C70787435375C426F785C5068696C6986
:10176800702026204E616E7368755C5265736561E2
:101778007263685C6E524620436F64655C4E6F729C
:101788006469632053444B2031352E335C6578748B
:1017980065726E616C5C667072696E74665C6E729E
:1017A800665F667072696E74665F666F726D61748B
:1017B8002E63000030313233343536373839414200
:1017C80043444546433A5C55736572735C7078745C
:1017D80035375C426F785C5068696C6970202620E8
:1017E8004E616E7368755C52657365617263685C9F
:1017F8006E524620436F64655C4E6F726469632065
:1018080053444B2031352E335C636F6D706F6E65BA
:101818006E74735C6C69627261726965735C6D6524
:101828006D6F626A5C6E72665F6D656D6F626A2E5F
:10183800630000002E2E2F2E2E2F2E2E2F2E2E2F11
:101848002E2E2F2E2E2F636F6D706F6E656E747334
:101858002F6C69627261726965732F657870657241
:10186800696D656E74616C5F73656374696F6E5FD3
:10187800766172732F6E72665F73656374696F6EDB
:101888005F697465722E68002E2E2F2E2E2F2E2E35
:101898002F2E2E2F2E2E2F2E2E2F636F6D706F6EE4
:1018A800656E74732F6C69627261726965732F6DEE
:1018B800757465782F6E72665F6D74782E68000097
:1018C8007077725F6D676D7400000000433A5C5575
:1018D800736572735C70787435375C426F785C50EE
:1018E80068696C69702026204E616E7368755C5259
:1018F800657365617263685C6E524620436F646508
:101908005C4E6F726469632053444B2031352E332B
:101918005C636F6D706F6E656E74735C6C69627218
:1019280061726965735C7077725F6D676D745C6E08
:1019380072665F7077725F6D676D742E630000006A
:101948006C0B03006C0B030004000000433A5C5569
:10195800736572735C70787435375C426F785C506D
:1019680068696C69702026204E616E7368755C52D8
:10197800657365617263685C6E524620436F646587
:101988005C4E6F726469632053444B2031352E33AB
:101998005C636F6D706F6E656E74735C6C69627298
:1019A80061726965735C6578706572696D656E747E
:1019B800616C5F73656374696F6E5F766172735C87
:1019C8006E72665F73656374696F6E5F6974657262
:1019D8002E630000556E6B6E6F776E206572726FA6
:1019E8007220636F646500004E52465F535543434F
:1019F800455353004E52465F4552524F525F53561D
:101A0800435F48414E444C45525F4D495353494EFC
:101A1800470000004E52465F4552524F525F534FA7
:101A280046544445564943455F4E4F545F454E41E1
:101A3800424C4544000000004E52465F4552524F0A
:101A4800525F494E5445524E414C00004E52465F3B
:101A58004552524F525F4E4F5F4D454D00000000BA
:101A68004E52465F4552524F525F4E4F545F464F5B
:101A7800554E44004E52465F4552524F525F4E4FAC
:101A8800545F535550504F52544544004E52465F90
:101A98004552524F525F494E56414C49445F50415E
:101AA80052414D004E52465F4552524F525F494E89
:101AB80056414C49445F5354415445004E52465F89
:101AC8004552524F525F494E56414C49445F4C452E
:101AD8004E475448000000004E52465F4552524F50
:101AE800525F494E56414C49445F464C414753006A
:101AF8004E52465F4552524F525F494E56414C49ED
:101B0800445F4441544100004E52465F4552524F93
:101B1800525F444154415F53495A45004E52465F13
:101B28004552524F525F54494D454F55540000009D
:101B38004E52465F4552524F525F4E554C4C000034
:101B48004E52465F4552524F525F464F52424944A9
:101B580044454E004E52465F4552524F525F494EE1
:101B680056414C49445F4144445200004E52465F3E
:101B78004552524F525F4255535900004E52465FEC
:101B88004552524F525F434F4E4E5F434F554E544E
:101B9800000000004E52465F4552524F525F524578
:101BA800534F5552434553004E52465F4552524F8C
:101BB800525F4D4F44554C455F4E4F545F494E4917
:101BC8005449414C495A4544000000004E52465F72
:101BD8004552524F525F4D555445585F494E4954EE
:101BE8005F4641494C4544004E52465F4552524F6C
:101BF800525F4D555445585F4C4F434B5F464149E2
:101C08004C4544004E52465F4552524F525F4D5527
:101C18005445585F554E4C4F434B5F4641494C45E0
:101C2800440000004E52465F4552524F525F4D5598
:101C38005445585F434F4E445F494E49545F4641AF
:101C4800494C4544000000004E52465F4552524FF1
:101C5800525F4D4F44554C455F414C5245414459A4
:101C68005F494E495449414C495A454400000000D7
:101C78004E52465F4552524F525F53544F5241475E
:101C8800455F46554C4C00004E52465F4552524FF8
:101C9800525F4150495F4E4F545F494D504C454D3E
:101CA800454E5445440000004E52465F4552524F3F
:101CB800525F464541545552455F4E4F545F454E1D
:101CC80041424C45440000004E52465F4552524F37
:101CD800525F494F5F50454E44494E47000000004F
:101CE8004E52465F4552524F525F4452565F5457C8
:101CF800495F4552525F4F56455252554E000000BB
:101D08004E52465F4552524F525F4452565F5457A7
:101D1800495F4552525F414E41434B004E52465F28
:101D28004552524F525F4452565F5457495F45528D
:101D3800525F444E41434B004E52465F4552524F0C
:101D4800525F424C455F495053505F52585F504B69
:101D5800545F5452554E4341544544004E52465FD9
:101D68004552524F525F424C455F495053505F4372
:101D780048414E4E454C5F414C52454144595F45A0
:101D880058495354530000004E52465F4552524F33
:101D9800525F424C455F495053505F4C494E4B5F30
:101DA800444953434F4E4E454354454400000000B8
:101DB8004E52465F4552524F525F424C455F495022
:101DC80053505F504545525F52454A454354454438
:101DD8000000000000000000F019030001000000EE
:101DE800FC190300020000001C1A03000300000095
:101DF800401A030004000000541A03000500000004
:101E0800681A0300060000007C1A0300070000009F
:101E1800941A030008000000AC1A0300090000002F
:101E2800C41A03000A000000E01A03000B000000B7
:101E3800F81A03000C000000101B03000D0000003E
:101E4800241B03000E000000381B03000F000000D5
:101E5800481B0300100000005C1B03001100000079
:101E6800741B030012000000841B03001300000011
:101E78009C1B030080000000B01B030081000000D1
:101E8800D41B030082000000F01B03008300000045
:101E98000C1C0300840000002C1C030085000000BB
:101EA800501C030086000000781C0300900000000E
:101EB800901C030091000000B01C03009200000079
:101EC800D01C030000820000E81C0300018200000F
:101ED800081D030002820000241D03000084000086
:101EE800401D030001840000641D030002840000FB
:101EF800901D030003840000B81D03002DED0200AF
:101F08005FED020055ED02000338FDD87047000070
:101F18007274745F6C6F675F6261636B656E640097
:101F2800433A5C55736572735C70787435375C42FC
:101F38006F785C5068696C69702026204E616E73FA
:101F480068755C52657365617263685C6E524620A1
:101F5800436F64655C4E6F726469632053444B2021
:101F680031352E335C636F6D706F6E656E74735CA4
:101F78006C69627261726965735C6C6F675C7372BD
:101F8800635C6E72665F6C6F675F64656661756CD3
:101F9800745F6261636B656E64732E63000000009A
:101FA800F83100207F000000783200206170700056
:101FB800433A5C55736572735C70787435375C426C
:101FC8006F785C5068696C69702026204E616E736A
:101FD80068755C52657365617263685C6E52462011
:101FE800436F64655C4E6F726469632053444B2091
:101FF80031352E335C636F6D706F6E656E74735C14
:102008006C69627261726965735C6C6F675C73722C
:10201800635C6E72665F6C6F675F66726F6E746525
:102028006E642E63000000004261636B656E64732A
:1020380020666C7573686564000000006572726FD5
:10204800720000007761726E696E6700696E666F74
:102058000000000064656275670000001B5B306D5E
:10206800000000001B5B313B33306D001B5B313BD4
:1020780033316D001B5B313B33326D001B5B313BF1
:1020880033336D001B5B313B33346D001B5B313BDD
:1020980033356D001B5B313B33366D001B5B313BC9
:1020A80033376D0025734C6F67732064726F7070DF
:1020B8006564202825642925730D0A00257300000E
:1020C8003C25733E2025733A200000000D0A0000CD
:1020D8002025303278000000202020007C000000FD
:1020E80025630000200000005465726D696E616C04
:1020F8000000000052545400534547474552000021
:102108002E2E2F2E2E2F2E2E2F2E2E2F2E2E2F2EE2
:102118002E2F636F6D706F6E656E74732F6C6962AE
:102128007261726965732F6578706572696D656E25
:1021380074616C5F73656374696F6E5F76617273E7
:102148002F6E72665F73656374696F6E5F6974651D
:10215800722E68006E72665F73646800433A5C555D
:10216800736572735C70787435375C426F785C5055
:1021780068696C69702026204E616E7368755C52C0
:10218800657365617263685C6E524620436F64656F
:102198005C4E6F726469632053444B2031352E3393
:1021A8005C636F6D706F6E656E74735C736F66746D
:1021B8006465766963655C636F6D6D6F6E5C6E7286
:1021C800665F7364682E6300001002016C0B0300E5
:1021D8006C0B0300080000006C0B0300740B030079
:1021E80008000000740B0300840B030008000000C3
:1021F8002E2E2F2E2E2F2E2E2F2E2E2F2E2E2F2EF2
:102208002E2F636F6D706F6E656E74732F6C6962BD
:102218007261726965732F6578706572696D656E34
:1022280074616C5F73656374696F6E5F76617273F6
:102238002F6E72665F73656374696F6E5F6974652C
:10224800722E68006E72665F7364685F626C650008
:1022580073645F626C655F6366675F736574282982
:102268002072657475726E656420257320776865C1
:102278006E20617474656D7074696E6720746F2068
:1022880073657420424C455F434F4E4E5F4346474B
:102298005F4741502E00000073645F626C655F63A6
:1022A80066675F73657428292072657475726E6538
:1022B80064202573207768656E20617474656D707D
:1022C80074696E6720746F2073657420424C455F93
:1022D8004741505F4346475F524F4C455F434F5518
:1022E8004E542E0073645F626C655F6366675F734C
:1022F800657428292072657475726E65642025736B
:10230800207768656E20617474656D7074696E6796
:1023180020746F2073657420424C455F434F4E4EC6
:102328005F4346475F474154542E000073645F6221
:102338006C655F6366675F736574282920726574CE
:1023480075726E6564202573207768656E206174E8
:1023580074656D7074696E6720746F20736574207E
:10236800424C455F434F4D4D4F4E5F4346475F5686
:10237800535F555549442E0073645F626C655F6313
:1023880066675F73657428292072657475726E6557
:1023980064202573207768656E20617474656D709C
:1023A80074696E6720746F2073657420424C455FB2
:1023B80047415454535F4346475F415454525F5416
:1023C80041425F53495A452E0000000073645F6222
:1023D8006C655F6366675F7365742829207265742E
:1023E80075726E6564202573207768656E20617448
:1023F80074656D7074696E6720746F2073657420DE
:10240800424C455F47415454535F4346475F5345E9
:1024180052564943455F4348414E4745442E0000C4
:10242800496E73756666696369656E742052414DBD
:1024380020616C6C6F636174656420666F722074D0
:10244800686520536F66744465766963652E00007D
:102458004368616E6765207468652052414D20733A
:1024680074617274206C6F636174696F6E20667238
:102478006F6D203078257820746F20307825782E7D
:10248800000000004D6178696D756D2052414D2046
:1024980073697A6520666F72206170706C69636118
:1024A80074696F6E20697320307825782E000000DB
:1024B80073645F626C655F656E61626C6528292074
:1024C80072657475726E65642025732E00000000B5
:1024D800433A5C55736572735C70787435375C4247
:1024E8006F785C5068696C69702026204E616E7345
:1024F80068755C52657365617263685C6E524620EC
:10250800436F64655C4E6F726469632053444B206B
:1025180031352E335C636F6D706F6E656E74735CEE
:10252800736F66746465766963655C636F6D6D6F00
:102538006E5C6E72665F7364685F626C652E6300C2
:10254800240B03006C0B0300080000002E2E2F2E16
:102558002E2F2E2E2F2E2E2F2E2E2F2E2E2F636F18
:102568006D706F6E656E74732F6C696272617269DB
:1025780065732F6578706572696D656E74616C5FDF
:1025880073656374696F6E5F766172732F6E7266BE
:102598005F73656374696F6E5F697465722E680036
:1025A8006E72665F7364685F736F6300433A5C556D
:1025B800736572735C70787435375C426F785C5001
:1025C80068696C69702026204E616E7368755C526C
:1025D800657365617263685C6E524620436F64651B
:1025E8005C4E6F726469632053444B2031352E333F
:1025F8005C636F6D706F6E656E74735C736F667419
:102608006465766963655C636F6D6D6F6E5C6E7231
:10261800665F7364685F736F632E6300140B030057
:10262800240B0300080000003C2603006C2703006D
:1026380040260300430000006D0903008D090300D4
:1026480099090300A5090300C5090300D10903007E
:10265800390903000509030053756E004D6F6E00BC
:1026680054756500576564005468750046726900C2
:1026780053617400004A616E00466562004D6172E4
:1026880000417072004D6179004A756E004A756CA0
:102698000041756700536570004F6374004E6F7694
:1026A8000044656300002E000053756E6461790074
:1026B8004D6F6E6461790054756573646179005774
:1026C80065646E65736461790054687572736461DA
:1026D8007900467269646179005361747572646146
:1026E8007900004A616E756172790046656272759B
:1026F800617279004D6172636800417072696C00A3
:102708004D6179004A756E65004A756C79004175AE
:10271800677573740053657074656D626572004FF8
:1027280063746F626572004E6F76656D62657200E4
:10273800446563656D6265720000414D00504D004F
:1027480000256D2F25642F25790025483A254D3A17
:102758002553002561202562202565202554202544
:1027680059000000AE260300B0260300B02603007F
:10277800B0260300B0260300B0260300B0260300ED
:10278800B0260300B0260300B0260300FFFFFFFFBA
:10279800FFFFFFFFFFFFFFFFFFFF0000B126030061
:1027A80060260300EB2603007D2603004227030072
:1027B80049270300522703005B270300202020201D
:1027C8002020202020682828282820202020202099
:1027D80020202020202020202020202048101010F9
:1027E8001010101010101010101010108484848411
:1027F80084848484848410101010101010818181C6
:102808008181810101010101010101010101010130
:1028180001010101010101101010101010828282C3
:102828008282820202020202020202020202020200
:1028380002020202020202101010102000070320F8
:092848000417020108571040803A
:10285400442B0020010004000000000000000000E0
:10286400000000000000000000000000A82A002072
:1028740000000000FFFF1400010002000090D003DC
:1028840000000000FF0000000000000044200300DE
:102894004C200300542003005C2003006420030048
:1028A4006C200300742003007C20030084200300B8
:1028B4008C200300942003009C200300A420030028
:1028C40030260300302603003026030030260300A0
:0428D40030260300A7
:04000003200062195E
:00000001FF
