:020000021000EC
:10900000006000201992010001920100039201000A
:109010000592010007920100099201000000000082
:109020000000000000000000000000000B920100A2
:109030000D920100000000000F920100119201004A
:1090400079F201001392010025FF01007512020060
:10905000150B02000000000021FE01005900020073
:109060001392010013920100139201001392010068
:109070001392010013920100139201001392010058
:10908000E512020021220200139201001392010056
:109090006122020013920100F9660200139201009E
:1090A0001392010013920100000000000000000074
:1090B0001392010013920100000000000000000064
:1090C00000000000000000000000000000000000A0
:1090D0000000000000000000000000000000000090
:1090E0000000000000000000000000000000000080
:1090F0000000000000000000000000000000000070
:10910000000000000000000000000000000000005F
:10911000000000000000000000000000000000004F
:10912000000000000000000000000000000000003F
:10913000000000000000000000000000000000002F
:10914000000000000000000000000000000000001F
:10915000000000000000000000000000000000000F
:1091600000000000000000000000000000000000FF
:1091700000000000000000000000000000000000EF
:1091800000000000000000000000000000000000DF
:1091900000000000000000000000000000000000CF
:1091A00000000000000000000000000000000000BF
:1091B00000000000000000000000000000000000AF
:1091C000000000000000000000000000000000009F
:1091D000000000000000000000000000000000008F
:1091E000000000000000000000000000000000007F
:1091F000000000000000000000000000000000006F
:10920000FEE7FEE7FEE7FEE7FEE7FEE7FEE7FEE736
:10921000FEE7FEE700F002B8FFF7FCBF0B484FF097
:109220000701884385460A48804700F019B8094875
:1092300009490A4A884207D0521A05D003780130FA
:109240000B700131013AF9D1704700000060002035
:109250004DBE0100B86E0200A0240020B4240020FE
:109260003A493B480A1A02D0072291438D463949B0
:1092700039480A1A06D00722914381F3098802224D
:1092800082F3148835483649364A00F041F83648AA
:109290003649374A00F03CF836483749374A00F03B
:1092A00037F837483749384A00F032F837483849F4
:1092B000384A00F02DF838483849394A00F028F883
:1092C00038483949394A00F023F8394839490022E9
:1092D00000F036F838483949002200F031F83848B3
:1092E0003849091A0DF0CEFC374A904725482649DF
:1092F000884205D00268043003B4904703BCF7E706
:1093000000208646EC4600200021304A9047FEE7C8
:10931000884214D0521A12D003460B43134303243D
:10932000234206D1036804300B600431043AF9D1BA
:109330007047037801300B700131013AF9D1704761
:10934000884202D002700130FAE7704700600020C6
:109350000058002000600020006000201C890200EE
:10936000B424002044250020D0930100D0930100B4
:109370008C6D02001C890200B4240020B42400205B
:10938000CC6E0200CC6E0200CC6E0200CC6E0200ED
:10939000CC6E0200CC6E0200CC6E0200CC6E0200DD
:1093A00019890200AC8902004425002044250020D0
:1093B00044250020D4490020D4490020D44900206D
:1093C000D4490020D45100202F920100E9950100DA
:1093D0003FDF704700BF184641DF704700BF1846A7
:1093E00082B001904FF0A043184602B0704700B51C
:1093F00085B00190084611461A4603468DF80330A1
:109400000B468DF8023013468DF8013001AB18463B
:10941000FFF7E6FF03909DF803209DF802305B0004
:109420001A439DF801309B001A439DF818301B0227
:1094300042EA03019DF81C301B04019A1943039B67
:1094400002F5E07243F8221000BF05B05DF804FB9E
:1094500000B585B0039000230193032300930023FC
:10946000012201210398FFF7C2FF00BF05B05DF89C
:1094700004FB00B585B0019001AB1846FFF7B0FFC3
:109480000390019B012202FA03F31946039800F0AE
:1094900004F800BF05B05DF804FB82B001900091B4
:1094A000019B009AC3F8082500BF02B07047000076
:1094B00000B583B0094A0A21082008F089F8019014
:1094C000019B0093009B002B04D0054A4C2100987F
:1094D00007F068FF00BF03B05DF804FB44350020CF
:1094E000CC6E020000B583B04FF4004100200BF0B9
:1094F00025FD0190019B0093009B002B04D0054AA1
:109500005421009807F04EFF0BF0B6FC00BF03B0EB
:109510005DF804FBCC6E020000B583B00BF0CCFA12
:109520000190019B0093009B002B04D0044A602112
:10953000009807F037FF00BF03B05DF804FB00BFE1
:10954000CC6E020000B583B008F090FE0190019B44
:109550000093009B002B04D0044A7421009807F06C
:1095600021FF00BF03B05DF804FB00BFCC6E02001A
:1095700082B001900B46ADF8023000BF02B07047D8
:1095800000B585B003468DF807309DF807308DF89B
:109590000F309DF80F30022B09D0022B09DC002B75
:1095A00009D0012B00D004E000F078F804E000F0CE
:1095B0007BF800BF00E000BF00BF05B05DF804FB12
:1095C00000B583B0002300934FF48053044A05494B
:1095D00001200CF07DFD00BF03B05DF804FB00BF6F
:1095E00044250020406F020000B587B001238DF8AC
:1095F0001330FFF777FFFFF7A5FFFFF759FFFFF7DE
:109600008BFF2349234800F0C3FCFFF7D9FF01205B
:10961000FFF7DEFE0390039B0293029B002B04D016
:109620001D4AAE21029807F0BDFE01F0EBFF01F0EC
:109630005DFA01900023059310E0059B019A134405
:109640001B781846FFF704FF059B019A13441B780B
:109650001846FFF70EFF059B01330593059B052B6D
:10966000EBDD01F009FE01F0CBFA9DF81330002B81
:1096700003D001F041FA01F0DFFC01F045F901F0FF
:10968000FBFB0BF0A3FF08F069F8FFF7A5FEF6E778
:109690008195010071950100CC6E020008B5012092
:1096A00000F008F800BF08BD08B5002000F002F87F
:1096B00000BF08BD82B003468DF80730034A9DF80D
:1096C0000730137000BF02B0704700BFF4350020B0
:1096D000014B1B7818467047F435002084B0019088
:1096E0000B468DF8033013468DF8023000230393A8
:1096F000019B032B3CD89DF80230012B0BD19DF828
:109700000330012B04D1019BDBB20E33DBB200E04E
:1097100000238DF802309DF80330022B0FD0022B6E
:1097200023DC002B16D0012B1FD11449019A1346BC
:109730005B0013440B449DF802201A701AE00F4995
:10974000019A13465B0013440B4401339DF8022039
:109750001A700FE00949019A13465B0013440B4449
:1097600002339DF802201A7004E00723039301E0FE
:1097700007230393039B184604B07047F835002075
:1097800000B583B0012200210020FFF7A7FF019060
:10979000019B002B04D0019B072B01D0019B1CE0F7
:1097A000072202210120FFF799FF0190019B002B66
:1097B00004D0019B072B01D0019B0EE00422022163
:1097C0000020FFF78BFF0190019B002B04D0019B31
:1097D000072B01D0019B00E00023184603B05DF881
:1097E00004FB00B583B0012202210020FFF776FFC1
:1097F0000190019B002B04D0019B072B01D0019B02
:109800001CE0072202210120FFF768FF0190019B65
:10981000002B04D0019B072B01D0019B0EE00A22F4
:1098200000210020FFF75AFF0190019B002B04D07C
:10983000019B072B01D0019B00E00023184603B0D9
:109840005DF804FB00B585B001900091019B1B8879
:10985000102B02D0112B18D02FE01A4B1B68002BB5
:109860000DD1FFF78DFF0390039B002B07D0164B04
:109870001B68002B03D0144B1B6803989847114BAF
:109880001B6801330F4A136017E00E4B1B68013B46
:109890000C4A13600B4B1B68002B0DD1FFF7A1FF87
:1098A0000390039B002B07D0074B1B68002B03D0B2
:1098B000054B1B680398984700BF00BF05B05DF8D3
:1098C00004FB00BF0836002004360020A8DF7047E4
:1098D00000BF1846AEDF704700BF184662DF704712
:1098E00000BF184600B587B001900091019B03931B
:1098F00003238DF80830019B5B6902AA1046984744
:1099000000BF07B05DF804FB00B587B0019000917F
:10991000019B039302238DF80830019B5B6902AA27
:109920001046984700BF07B05DF804FB00B589B04A
:1099300001900091009B0633079303AB1022002196
:1099400018460DF0F3F9019B0493079B1A88019BBD
:109950001B899A421CD1079B5B89022B18D1079B5C
:109960000C33184604F0C7FA0346002B03D000233B
:109970008DF80C3002E001238DF80C30019B5B69FF
:10998000002B1FD0019B5B6903AA1046984719E082
:10999000079B1A88019B9B899A4213D1019B5B69A3
:1099A000002B0FD004238DF80C30079B0C3305934C
:1099B000079B5B89ADF81830019B5B6903AA1046D1
:1099C0009847FFE700BF09B05DF804FB00B585B01C
:1099D00001900091009B0393039B002B1CD0019BE3
:1099E000002B19D0019B1B88502B10D0502B15DC5D
:1099F000102B02D0112B05D010E001990398FFF72E
:109A000071FF0CE001990398FFF77EFF07E00199D1
:109A10000398FFF78BFF02E000BF00E000BF05B036
:109A20005DF804FB10B592B001900091019B002BF2
:109A300002D0009B002B01D10E2394E04B4B0AACCB
:109A40000FCB84E80F00009B1A68019B5A61019AB2
:109A50000AAB11461846FFF741FF1190119B109376
:109A6000109B002B01D0109B7DE0019B1B788DF893
:109A70003A304FF4A053ADF83830019B9A1C0EAB2E
:109A800019460120FFF722FF1190119B0F930F9BA6
:109A9000002B01D00F9B66E002AB2022002118466C
:109AA0000DF044F941F20243ADF80830019B1B78F8
:109AB0008DF80A300123ADF80C300123ADF80E30DB
:109AC00000238DF814309DF8153043F008038DF80D
:109AD00015309DF8153043F004038DF8153001233F
:109AE0008DF8193001238DF81A30019B5888019B9D
:109AF00003F10C0202AB194604F086FA1190119B97
:109B0000002B01D0119B2EE002AB20220021184631
:109B10000DF00CF941F20143ADF80830019B1B78C0
:109B20008DF80A300123ADF80C300123ADF80E306A
:109B300000238DF814309DF8153043F010038DF894
:109B4000153001238DF8193001238DF81A300123C7
:109B50008DF81B30019B5888019B1A1D02AB1946DA
:109B600004F052FA0346184612B010BD4C6F0200C2
:109B700000B58BB0039002910192ADF80230002342
:109B80000993039B002B01D10E2324E0099B002B9A
:109B900001D0099B1FE0BDF802304FF6FF729342DF
:109BA00018D005AB1022002118460DF0BFF8039B1A
:109BB0009B88ADF81430029B0893019B0793012307
:109BC0008DF8163005AABDF8023011461846FFF789
:109BD00081FE0990099B18460BB05DF804FB76DF07
:109BE000704700BF184677DF704700BF18467ADF1E
:109BF000704700BF18467CDF704700BF18467FDF04
:109C0000704700BF18468FDF704700BF1846B1DFAE
:109C1000704700BF18460000064B1B78DAB2064BAF
:109C20001B78DBB29A420CBF01230023DBB218463B
:109C3000704700BF483D0020493D00200C4B1B7879
:109C4000DBB20133DAB20B4BA3FB021399080B46CC
:109C50005B000B445B00D31ADAB2074B1B78DBB214
:109C60009A420CBF01230023DBB21846704700BFA5
:109C7000483D0020ABAAAAAA493D002000B583B008
:109C800001900B46ADF80230FFF7D8FF0346002BDA
:109C900010D0214B1B78DBB20133DAB21F4BA3FB90
:109CA000021399080B465B000B445B00D31ADAB22F
:109CB000194B1A701A4B1B78DBB21946194ADC2370
:109CC00001FB03F31344BDF802201A80144B1B78E8
:109CD000DBB21A46DC2302FB03F3124A13440233BD
:109CE000BDF80220019918460CF0EEFF0C4B1B78D2
:109CF000DBB20133DAB2094BA3FB021399080B461E
:109D00005B000B445B00D31ADAB2054B1A7000BF3C
:109D100003B05DF804FB00BF493D0020ABAAAAAA2E
:109D2000483D00202038002000B585B04BE02D4B89
:109D30001B78DBB219462C4ADC2301FB03F31344E6
:109D40001B88ADF80630274B1B78DBB21A46DC23A4
:109D500002FB03F3244A1344991C244B1B880DF186
:109D60000602234804F022FF0390039B002B11D12D
:109D70001C4B1B78DBB20133DAB21E4BA3FB021380
:109D800099080B465B000B445B00D31ADAB2154B03
:109D90001A7018E0039B132B1ED0039B082B1BD0BB
:109DA000039B052B18D0039B0C2B15D0039B072B73
:109DB00012D0039B0293029B002B04D00E4A4F212A
:109DC000029807F0EFFAFFF727FF034683F001033D
:109DD000DBB2002BABD100E000BF00BF05B05DF8E7
:109DE00004FB00BF493D002020380020D82400207B
:109DF000BC240020ABAAAAAA5C6F020000B585B003
:109E000001900B46ADF80230D823ADF80E3040E09B
:109E1000244B1B88BDF80E20D31AADF80C30BDF8CA
:109E20000C20BDF80230934228BF1346ADF80A302B
:109E30001C4B1B881A461C4B1344BDF80A20019981
:109E400018460CF041FF174B1A88BDF80A3013442E
:109E50009AB2144B1A80BDF80A30019A1344019348
:109E6000BDF80220BDF80A30D31AADF802300D4B10
:109E70001B88BDF80E209A420BD10C4B1B785A1C44
:109E8000D1B20A4A1170BDF80E2007498B5400F078
:109E90000FF8BDF80230002BBAD100BF00BF05B0EB
:109EA0005DF804FB163800203C3700204A3D0020B6
:109EB00008B5D922144901200CF0E4F8134B1B8893
:109EC0004FF6FF72934203D1114B00221A8019E022
:109ED000D9210D48FFF7D2FE0D4B00221A800D4A02
:109EE0000D4BD31ADB081B0443F00303D9220B49A3
:109EF00018460BF0EFFA0BF069FB0346002BFAD182
:109F0000FFF712FF08BD00BF3C370020D824002017
:109F100016380020586E0200206E0200E46F020026
:109F200000B585B003468DF807309DF807308DF8F1
:109F30000B300123ADF80830064B1B8802AA0DF147
:109F40000B010548FFF714FE039000BF05B05DF854
:109F500004FB00BFD82400202437002000B583B0C4
:109F6000FFF7B6FB03468DF807309DF80730002B4E
:109F700002D0012B04D007E00120FFF7D1FF03E05E
:109F80000220FFF7CDFF00BF00BF03B05DF804FB68
:109F900000B583B001900091434A444BD31ADB08CB
:109FA0001B0443F00303424918460BF085FA0BF0FB
:109FB0000DFB0346002BFAD13E4A019B13603E4A3B
:109FC000009B136000F0C4FB374A384BD31ADB0800
:109FD0001B0443F00303394918460BF06DFA0BF0EC
:109FE000F5FA0346002BFAD100F074F82E4A2F4BF5
:109FF000D31ADB081B0443F00303314918460BF066
:10A000005BFA0BF0E3FA0346002BFAD100F00EFCEA
:10A01000254A264BD31ADB081B0443F003032949C6
:10A0200018460BF049FA0BF0D1FA0346002BFAD18F
:10A0300000F0C0F81C4A1D4BD31ADB081B0443F088
:10A040000303214918460BF037FA0BF0BFFA034619
:10A05000002BFAD100F016FC134A144BD31ADB087C
:10A060001B0443F00303194918460BF025FA0BF0C3
:10A07000ADFA0346002BFAD100F052F90A4A0B4B15
:10A08000D31ADB081B0443F00303114918460BF0F5
:10A0900013FA0BF09BFA0346002BFAD100BF00BF66
:10A0A00003B05DF804FB00BF586E0200206E020092
:10A0B00004700200183800201C38002024700200B0
:10A0C0003C700200587002006C7002008470020044
:10A0D000A070020000B587B09DF80030012262F345
:10A0E00003038DF800309DF80030012262F307135E
:10A0F0008DF800306B460E221A491846FFF77BFD9B
:10A100000590059B0493049B002B04D0164AD7218D
:10A11000049807F047F901AB0822002118460CF01B
:10A1200005FE0623ADF804300C23ADF806300023FD
:10A13000ADF808304FF4C873ADF80A3001AB1846DB
:10A14000FFF755FD0590059B0393039B002B04D05F
:10A15000054AE121039807F025F900BF07B05DF833
:10A1600004FB00BFC47002005C6F020000B583B046
:10A170000190044AE721019807F014F900BF03B0E9
:10A180005DF804FB5C6F020000B583B00190019B99
:10A190001B78002B07D1064B1B68019A1069019AA6
:10A1A000928A1146984700BF03B05DF804FB00BFD8
:10A1B0001838002000B589B000230093384B009375
:10A1C0006B461946374804F00BFA0790079B069335
:10A1D000069B002B04D0344AFE21069807F0E2F8D3
:10A1E00003AB0422002118460CF0A0FD2F4B039373
:10A1F00003AB19462E4804F033FC0790079B0593E8
:10A20000059B002B05D0284A40F20511059807F060
:10A21000C9F801AB0822002118460CF087FD254B38
:10A2200001939DF80930012262F303038DF8093090
:10A230009DF80930012262F307138DF809309DF86B
:10A240000A30012262F303038DF80A309DF80A30C8
:10A25000012262F307138DF80A309DF80B300122BA
:10A2600062F303038DF80B309DF80B30012262F38B
:10A2700007138DF80B3001AB19460F48FFF7D2FBDF
:10A280000790079B0493049B002B05D0064A40F2DD
:10A290001511049807F086F800BF09B05DF804FBBB
:10A2A0006DA10100203600205C6F020089A1010031
:10A2B000BC2400203DA901002437002000B585B052
:10A2C0000190019B1B78002B11D10B4B1B883B216C
:10A2D0001846FFF784FC0390039B0293029B002B1C
:10A2E00005D0064A4FF49071029807F05BF800BF62
:10A2F00005B05DF804FB00BFD82400205C6F0200AD
:10A3000000B583B00190054A40F22711019807F08B
:10A3100049F800BF03B05DF804FB00BF5C6F0200AA
:10A3200000B58BB001AB1C22002118460CF0FEFCDE
:10A33000002301934FF4203302934FF470230393CF
:10A3400003238DF810300023ADF8123000238DF870
:10A3500014300C4B06930C4B079301AB184603F0DB
:10A3600033FA0990099B0893089B002B05D0074AF4
:10A370004FF49E71089807F015F800BF0BB05DF818
:10A3800004FB00BFBDA2010001A301005C6F02003D
:10A3900000B585B003468DF807309DF80730002BD7
:10A3A00001D0032B10E00321094802F083FF039042
:10A3B000039B0293029B002B05D0064A4FF4AB711E
:10A3C000029806F0EFFF00BF00BF05B05DF804FB88
:10A3D0002C3600205C6F020030B591B003900291E2
:10A3E000039B1B88103B472B00F28F8101A252F880
:10A3F00023F000BF15A5010095A501008FA601005F
:10A40000EBA501000BA701000BA701000BA70100A2
:10A410000BA701000BA701000BA701000BA7010070
:10A420000BA701000BA701000BA701000BA7010060
:10A430000BA701000BA70100B5A501000BA70100A8
:10A440000BA701000BA701000BA701000BA7010040
:10A450000BA701000BA701000BA701000BA7010030
:10A460000BA701000BA701000BA701000BA7010020
:10A470000BA701000BA701000BA701000BA7010010
:10A480000BA701000BA701000BA701000BA7010000
:10A490000BA701000BA701000BA701000BA70100F0
:10A4A0003DA601000BA701000BA701000BA70100AF
:10A4B0000BA701000BA701000BA701000BA70100D0
:10A4C0000BA701000BA701000BA701000BA70100C0
:10A4D0000BA701000BA701000BA701000BA70100B0
:10A4E0000BA701000BA701000BA701000BA70100A0
:10A4F0000BA701000BA701000BA7010015A6010087
:10A500000BA701000BA701000BA7010063A6010028
:10A5100089A60100844A854BD31ADB081B0443F04B
:10A520000303834918460AF0C7FF039B9A88814BAF
:10A530001A80804B1B8819467F4804F073F80F90EF
:10A540000F9B0893089B002B05D07C4A40F26911B1
:10A55000089806F027FF774B1B8804221946032032
:10A56000FFF741FB0F900F9B0793079B002B05D034
:10A57000724A4FF4B671079806F014FF704B1B88AF
:10A58000ADF818306B4B1B8806AA11461846FFF72A
:10A590003AFBC5E0644A654BD31ADB081B0443F061
:10A5A0000303684918460AF087FF624B4FF6FF72B3
:10A5B0001A80B5E000238DF8143000238DF8153093
:10A5C000039B9B8805AA11461846FFF71CFB0F90BA
:10A5D0000F9B0B930B9B002B00F09980574A40F286
:10A5E00089110B9806F0DEFE91E0524B188800238B
:10A5F00000228521FFF703FB0F900F9B0A930A9B14
:10A60000002B00F086804D4A40F28F110A9806F028
:10A61000C9FE7EE0474B1888002300220021FFF787
:10A62000F6FA0F900F9B0D930D9B002B73D0434AAE
:10A6300040F295110D9806F0B5FE6CE0039B9B88E7
:10A6400013211846FFF7CBFA0F900F9B0C930C9B2E
:10A65000002B62D0394A4FF4CE710C9806F0A2FE5E
:10A660005BE0039B9B8813211846FFF7B8FA0F9015
:10A670000F9B0E930E9B002B51D0304A40F2A3113A
:10A680000E9806F08FFE4AE0FFF74EFB48E0039B72
:10A6900008330993244A254BD31ADB081B0443F0E3
:10A6A0000300099B5B881A4613465B019B1A9B00BB
:10A6B0001344254A82FB03125211DB17D31A1C469E
:10A6C000099B5B881A4613465B019B1A9B00134447
:10A6D0001D4A82FB03125111DA178A1A642101FB09
:10A6E00002F29A1A1546099B9B881946099BDB883A
:10A6F0001A4613469B0013445B00019300912B46BE
:10A70000224612490AF021FF0AE000BF08E000BF1C
:10A7100006E000BF04E000BF02E000BF00E000BFB1
:10A7200000BF11B030BD00BF586E0200206E0200A5
:10A73000D4700200D8240020203600205C6F020074
:10A740001C710200E07002001F85EB51F0700200E6
:10A7500000B587B00BF0E4FE0590059B0493049BC5
:10A76000002B05D0164A4FF4E171049806F01AFE4A
:10A770000023019301AB194601200BF0FFFF059068
:10A78000059B0393039B002B05D00D4A4FF4E47106
:10A79000039806F007FE01AB18460CF007F9059088
:10A7A000059B0293029B002B05D0054A40F2D51170
:10A7B000029806F0F7FD00BF07B05DF804FB00BF8C
:10A7C0005C6F020000B583B001900091009B5A8835
:10A7D000114B1B889A421AD1009B1B8840F67722A6
:10A7E000934214D1009B9B88033B9AB20B4B1A8077
:10A7F0000B4A0C4BD31ADB081B0443F00300074B36
:10A800001B881A46054B1B8807490AF074FE00BFD7
:10A8100003B05DF804FB00BFD8240020DA24002038
:10A82000586E0200206E02002071020000B585B053
:10A830001149124803F0FCFD0390039B0293029B15
:10A84000002B05D00E4A4FF4F771029806F0AAFDCE
:10A85000F7210A4803F01AFE0390039B0193019B22
:10A86000002B05D0064A40F2F111019806F09AFD3E
:10A8700000BF05B05DF804FBC5A70100103600203D
:10A880005C6F020000B5AFB001ABAC2200211846EE
:10A890000CF04CFA02238DF8043000238DF80630BA
:10A8A00005238DF807300123ADF85030124B159376
:10A8B00001238DF880304023239344F25063249386
:10A8C0000E4B2A9301AB19460D4802F01EFC2D9049
:10A8D0002D9B2C932C9B002B05D00A4A4FF4027120
:10A8E0002C9806F05FFD0121054802F001FC00BF35
:10A8F0002FB05DF804FB00BFDC24002091A3010011
:10A900002C3600205C6F020000B583B0032109489B
:10A9100002F0D0FC0190019B0093009B002B05D01E
:10A92000054A4FF40471009806F03CFD00BF03B0E7
:10A930005DF804FB2C3600205C6F020000B583B08C
:10A940000190019B1B78042B17D801A252F823F029
:10A9500065A901007BA901007BA901007BA9010079
:10A960006BA90100FFF7FAFA08E0064B1B68019A91
:10A97000926812781046984700E000BF00BF03B00D
:10A980005DF804FB1C38002000B585B00190019BE8
:10A99000002B0AD0074B43F001030393019B9B015B
:10A9A0000293039B0298984700E000BF05B05DF852
:10A9B00004FB00BF3077020082B001904FF0A0434B
:10A9C000184602B0704700B585B0019008461146A0
:10A9D0001A4603468DF803300B468DF802301346B5
:10A9E0008DF8013001AB1846FFF7E6FF03909DF8A4
:10A9F00003209DF802305B001A439DF801309B0054
:10AA00001A439DF818301B0242EA03019DF81C30DE
:10AA10001B04019A1943039B02F5E07243F82210CC
:10AA200000BF05B05DF804FB00B585B003900023BE
:10AA30000193032300930023012201210398FFF7D0
:10AA4000C2FF00BF05B05DF804FB00B585B0019002
:10AA500001AB1846FFF7B0FF0390019B012202FAF9
:10AA600003F31946039800F018F800BF05B05DF82D
:10AA700004FB00B585B0019001AB1846FFF79CFFC1
:10AA80000390019B012202FA03F31946039800F098
:10AA90000EF800BF05B05DF804FB82B00190009194
:10AAA000019B009AC3F8082500BF02B0704782B02E
:10AAB00001900091019B009AC3F80C2500BF02B0E1
:10AAC000704700B583B00190019B002B0AD04FF472
:10AAD0007A70FFF759FF019B013B0193019B002B0B
:10AAE000F5D100E000BF03B05DF804FB014B184650
:10AAF000704700BFE024002000B583B010238DF81C
:10AB0000063000238DF807301DE09DF807301A4A03
:10AB1000D35C0A21184600F0BFFD03468DF80530CE
:10AB20009DF80730144AD05C9DF805209DF806304A
:10AB30001343DBB21A460A2100F074FE9DF8073079
:10AB400001338DF807309DF80730052BDDD90B4A0E
:10AB50000B4BD31ADB081B0443F0030309491846C7
:10AB60000AF0AAFC0AF032FD0346002BFAD100BF1E
:10AB700000BF03B05DF804FBE0240020586E020023
:10AB8000206E02003C71020008B50B20FFF74CFF5D
:10AB90000B20FFF75AFF0B20FFF76BFF0C20FFF78E
:10ABA00043FF0C20FFF751FF0C20FFF762FF0D2041
:10ABB000FFF73AFF0D20FFF748FF0D20FFF759FF81
:10ABC0000E20FFF731FF0E20FFF73FFF0E20FFF7AB
:10ABD00050FF0F20FFF728FF0F20FFF736FF0F2051
:10ABE000FFF747FF1020FFF71FFF1020FFF72DFF93
:10ABF0001020FFF73EFF00F0C7F800BF08BD0000BF
:10AC000000B583B0FFF7C0FF00F0D8F80622FF219F
:10AC1000584800F0AFFD0190062301220D21554850
:10AC200000F048FE0120FFF74CFF062200215148AA
:10AC300000F0A0FD062201214E4800F09BFD0623F6
:10AC400002220D214B4800F035FE0623022210217E
:10AC5000484800F02FFE0623BF221121454800F08E
:10AC600029FE062318221221424800F023FE062363
:10AC7000002213213F4800F01DFE0623112215215A
:10AC80003C4800F017FE062300222A21394800F034
:10AC900011FE062300222B21364800F00BFE06236E
:10ACA000FF222321334800F005FE0623FF2227213F
:10ACB000304800F0FFFD0623FF2225212D4800F03B
:10ACC000F9FD0623FF2226212A4800F0F3FD062382
:10ACD000FF222421274800F0EDFD0623FF22282132
:10ACE000244800F0E7FD062374220921214800F0E2
:10ACF000E1FD062302220A211E4800F0DBFD80222E
:10AD00000221102000F08EFD062321222021194867
:10AD100000F0D0FD0623A3222121164800F0CAFD31
:10AD20000623CB222221134800F0C4FD0120FFF7A7
:10AD3000C8FE062304220D210E4800F0BBFD0E4B79
:10AD400001221A7000F020F80C4A0D4BD31ADB08D0
:10AD50001B0443F003030B4918460AF0ADFB0AF04D
:10AD600035FC0346002BFAD100BF00BF03B05DF8ED
:10AD700004FB00BFE02400204B3D0020586E020081
:10AD8000206E02006471020000B583B000230193BD
:10AD900009E0094A019B13441B781846FFF755FE4A
:10ADA000019B01330193019B052BF2DD00BF00BF26
:10ADB00003B05DF804FB00BFE024002000B585B0BF
:10ADC00004F05CFE0390039B0293029B002B04D0D3
:10ADD0001C4AEE21029806F0E5FA1B4A6B461268FF
:10ADE000114619800233120C1A7003238DF80130BA
:10ADF0006B46164A1946112004F0A4FE0390039BEB
:10AE00000193019B002B04D00E4AF421019806F017
:10AE1000C9FA0121112004F005FF0D4A0D4BD31A88
:10AE2000DB081B0443F003030B4918460AF044FBFC
:10AE30000AF0CCFB0346002BFAD100BF00BF05B0DF
:10AE40005DF804FB8C710200307202005DAE0100FF
:10AE5000586E0200206E02001872020082B001904B
:10AE60000B468DF80330034B01221A7000BF02B06D
:10AE7000704700BF4C3D002000B583B00F4B1B78DE
:10AE8000DBB283F00103DBB2002B12D10B4B0022AB
:10AE90001A700021102000F0FFFB03468DF80730E8
:10AEA0009DF90730002B05DA0621054800F00AF865
:10AEB00000E000BF03B05DF804FB00BF4C3D002084
:10AEC000E024002000B585B001900B468DF80330DA
:10AED000002303930FE0039B019A13441B78184649
:10AEE00000F014F8034683F00103DBB2002B08D115
:10AEF000039B013303939DF80330039A9A42EADBE4
:10AF000000E000BF00BF05B05DF804FB00B599B0DC
:10AF100003468DF8073000238DF85F300023ADF82D
:10AF20005C302BE09DF807300721184600F0B4FB99
:10AF300003468DF85F30BDF85C300133ADF85C300E
:10AF4000BDF85C30B3F57A7F18D9364A364BD31A40
:10AF5000DB081B0443F002039DF807203349184621
:10AF60000AF0B8FA0AF032FB0346002BFAD1304B54
:10AF700001221A70FFF7C0FD00234EE09DF85F30FC
:10AF80000B2BCFD924238DF859309DF859300BAABB
:10AF90009DF80700082100F0B7FC264B159300230D
:10AFA0008DF85B3000238DF85A3022E09DF85A303E
:10AFB000159A13441B78012B16D19DF85B2013467C
:10AFC0005B00134402AAD0189DF85A2013465B0078
:10AFD00013440BAA1344032219460BF075FE9DF887
:10AFE0005B3001338DF85B309DF85A3001338DF8BA
:10AFF0005A309DF85A300B2BD8D99DF85B301A4641
:10B00000520013448DF853309DF853309AB202AB7E
:10B0100011461846FEF7F2FE0123184619B05DF8F6
:10B0200004FB00BF586E0200206E02003472020062
:10B030004D3D00202077020010B586B013238DF817
:10B04000123000238DF817307D4A7E4BD31ADB086F
:10B050001B0443F003037C4918460AF02DFA784A92
:10B06000784BD31ADB081B0443F0030377491846D7
:10B070000AF022FA724A734BD31ADB081B0443F01E
:10B080000303734918460AF017FA0AF09FFA0346B9
:10B09000002BFAD100238DF816308DE000238DF8B7
:10B0A00015301AE09DF815306A4AD25C9DF81630CA
:10B0B000694911F833309DF815401946104600F0E3
:10B0C000EBFA03461A4604F118036B4403F80C2C00
:10B0D0009DF8153001338DF815309DF81530052B8E
:10B0E000E0D901238DF8143001238DF8133012E0DC
:10B0F0009DF8133018336B4413F80C2C9DF80C306A
:10B100009A4203D000238DF8143008E09DF81330E4
:10B1100001338DF813309DF81330052BE8D99DF8D5
:10B120001430002B04D19DF8173001338DF81730FF
:10B13000434A444BD31ADB081B0443F003009DF839
:10B140001630454ADB0013445B6819469DF80C3005
:10B150001C469DF80D309DF80E2001920093234669
:10B160000A463E490AF0F1F9354A364BD31ADB0854
:10B170001B0443F003009DF80F3019469DF8103072
:10B180001C469DF811301A469DF81430002B01D052
:10B19000334B00E0334B0193009223460A46324979
:10B1A0000AF0D3F90AF012FA0346002BFAD19DF8FF
:10B1B000163001338DF816309DF816209DF81230A8
:10B1C0009A42FFF46BAF1E4A1E4BD31ADB081B04D6
:10B1D00043F003031E4918460AF06EF99DF8173034
:10B1E000002B0CD1164A174BD31ADB081B0443F073
:10B1F000030306221D4918460AF06CF90CE0104AB8
:10B20000104BD31ADB081B0443F003039DF81720EF
:10B21000174918460AF05EF9094A0A4BD31ADB08A7
:10B220001B0443F00303134918460AF045F90AF0DA
:10B23000CDF90346002BFAD100BF00BF06B010BD08
:10B24000586E0200206E02004873020078730200FC
:10B25000C0730200E0240020387702000C74020062
:10B260002C740200307402004074020078740200F2
:10B270009C740200C874020010B588B09D4A04ABEB
:10B2800092E8030018600433198000238DF81F3002
:10B29000CF238DF81930984A984BD31ADB081B043A
:10B2A00043F00303964918460AF006F90AF08EF9AE
:10B2B0000346002BFAD100238DF81E3012E09DF8D2
:10B2C0001E30904AD05C9DF81E3020336B4413F83A
:10B2D000103C1A46102100F0A5FA9DF81E300133EB
:10B2E0008DF81E309DF81E30052BE8D90120FFF7A0
:10B2F000E8FB00238DF81D3015E09DF81D30814AD4
:10B30000D35C9DF81D401021184600F0C5F9034696
:10B310001A4604F120036B4403F8182C9DF81D30E5
:10B3200001338DF81D309DF81D30052BE5D9002324
:10B330008DF81C304EE09DF81C3020336B4413F820
:10B34000102C9DF8193013408DF818309DF81C30E2
:10B3500020336B4413F8183C9DF818209A420CBF18
:10B3600001230023DBB28DF817309DF81730002B36
:10B3700004D19DF81F3001338DF81F305E4A5F4BBA
:10B38000D31ADB081B0443F003009DF81C30013383
:10B3900019469DF81C3020336B4413F8103C1C46B2
:10B3A0009DF81C3020336B4413F8183C1A469DF866
:10B3B0001730002B01D0544B00E0544B0193009206
:10B3C00023460A4652490AF0C0F89DF81C30013362
:10B3D0008DF81C309DF81C30052BACD900238DF85E
:10B3E0001B3048E09DF81B3001338DF81A3039E0EE
:10B3F0009DF81B3020336B4413F8182C9DF81A303D
:10B4000020336B4413F8183C9A4226D19DF81B3028
:10B4100020336B4413F8183C002B1ED0364A374BB0
:10B42000D31ADB081B0443F003009DF81B300133E3
:10B430001A469DF81A30013319469DF81B30203307
:10B440006B4413F8183C00930B4632490AF067F836
:10B450009DF81F3001338DF81F309DF81A300133ED
:10B460008DF81A309DF81A30052BC1D99DF81B3084
:10B4700001338DF81B309DF81B30052BB2D90AF033
:10B48000A5F80346002BFAD19DF81F30002B0BD1F5
:10B49000194A1A4BD31ADB081B0443F003031E4955
:10B4A00018460AF009F80CE0134A144BD31ADB08CB
:10B4B0001B0443F003039DF81F20184918460AF0A7
:10B4C00009F80D4A0D4BD31ADB081B0443F00303A4
:10B4D0001349184609F0F0FF0AF078F80346002BEC
:10B4E000FAD1062302221021064800F0E3F900BF3A
:10B4F00008B010BD18760200586E0200206E0200DF
:10B50000F8740200E02400202C7402001C75020074
:10B5100028750200507502009C750200C875020073
:10B52000F475020000B58FB00390029100931346AA
:10B530008DF8073000230D93029B09939DF8073087
:10B540000A93009B0B939DF840300C93039B0433AC
:10B5500009A90022184605F077FA0D900D9B1846B0
:10B560000FB05DF804FB82B001904FF0A043184685
:10B5700002B0704700B585B0019001AB1846FFF7E7
:10B58000F2FF0390019B012202FA03F3194603988C
:10B5900000F018F800BF05B05DF804FB00B585B0F9
:10B5A000019001AB1846FFF7DEFF0390019B0122DB
:10B5B00002FA03F31946039800F00EF800BF05B035
:10B5C0005DF804FB82B001900091019B009AC3F8E2
:10B5D000082500BF02B0704782B001900091019B26
:10B5E000009AC3F80C2500BF02B0704782B00190EA
:10B5F0000091034B01221A7000BF02B0704700BFD8
:10B600004E3D002010B586B01C4B01AC0FCB84E83A
:10B610000F0014238DF8063013238DF80530122304
:10B620008DF804304FF08043039300238DF81030E1
:10B6300002238DF8083001A90023114A114803F0B4
:10B640007BFC0590059B002B04D00F4A1B2105981D
:10B6500005F0A8FE0D4A0E4BD31ADB081B0443F07D
:10B6600003030C49184609F027FF09F0AFFF034612
:10B67000002BFAD100BF00BF06B010BD88780200D1
:10B68000EDB50100D0770200E0770200586E0200AD
:10B69000206E0200687802002DE9F0438BB002AF03
:10B6A00003460A46FB711346BB716B461E462E4B82
:10B6B00000221A70FB791846FFF770FFBB793B73C5
:10B6C000FF237B730323FB77F97F0B46013BBB61B1
:10B6D000CBB20022984691464FF000024FF0000393
:10B6E0004FEAC90343EA58734FEAC802CBB20022BB
:10B6F0001C4615464FF000024FF00003EB0043EAF2
:10B700005473E2000B460733DB08DB00ADEB030D9F
:10B7100002AB00337B6107F10C01FB7F00937B6977
:10B7200002221248FFF7FEFE38613B69002B06D06B
:10B730000F4A3221386905F035FE00E020BF0A4B80
:10B740001B78DBB283F00103DBB2002BF6D1FB796F
:10B750001846FFF70FFF7B699B78B54618462437DC
:10B76000BD46BDE8F08300BF4E3D0020D07702000B
:10B77000E07702002DE9F04387B000AF78600B4618
:10B78000FB701346BB706B461E460323FB74F97CAB
:10B790000B46013BFB60CBB20022984691464FF02E
:10B7A00000024FF000034FEAC90343EA58734FEA1F
:10B7B000C802CBB200221C4615464FF000024FF0E3
:10B7C0000003EB0043EA5473E2000B460733DB0847
:10B7D000DB00ADEB030D6B460033BB6000237B61E8
:10B7E00012E07B697A6813441B78FA781146184690
:10B7F000FFF752FF03461946094A7B6913440A467C
:10B800001A707B6901337B61BB787A699A42E8DB05
:10B81000034BB54618461C37BD46BDE8F08300BF54
:10B82000503D002000B587B003468DF80F300B4621
:10B830008DF80E3013468DF80D301B4B00221A7018
:10B840009DF80F301846FFF7A9FE9DF80E308DF8D1
:10B85000103000238DF811309DF80D308DF8123026
:10B8600004A900230093002303221048FFF75AFE87
:10B870000590059B002B06D00D4A5C21059805F02C
:10B8800091FD00E020BF084B1B78DBB283F0010381
:10B89000DBB2002BF6D19DF80F301846FFF76AFE99
:10B8A00000BF07B05DF804FB4E3D0020D0770200DA
:10B8B000E077020000B585B00190084611461A46AF
:10B8C00003468DF803300B468DF8023013468DF891
:10B8D0000130002303930DE0039B019A13441B786E
:10B8E0009DF802209DF803101846FFF79BFF039B6D
:10B8F000013303939DF80130039A9A42ECDB00BFB9
:10B9000000BF05B05DF804FB2DE9F04389B002AF3C
:10B910003A601A460346FB710B46BB7113467B71B6
:10B920006B461E46304B00221A70FB791846FFF713
:10B9300035FEBB793B7280237B727B79991C4B1E51
:10B940007B610A460023904699464FF000024FF073
:10B9500000034FEAC90343EA58734FEAC8020A4694
:10B96000002314461D464FF000024FF00003EB0089
:10B9700043EA5473E2000B460733DB08DB00ADEB10
:10B98000030D02AB00333B617B790233DBB207F17D
:10B99000080100933B6902221448FFF7C3FDF860D9
:10B9A000FB68002B06D0124A7E21F86805F0FAFCED
:10B9B00000E020BF0C4B1B78DBB283F00103DBB24D
:10B9C000002BF6D1FB791846FFF7D4FD3B69023313
:10B9D0007A79194638680BF077F9B54600BF1C37FD
:10B9E000BD46BDE8F08300BF4E3D0020D077020089
:10B9F000E0770200BFF34F8F00BF064BDB6803F414
:10BA0000E0620449044B1343CB60BFF34F8F00BF88
:10BA100000BFFDE700ED00E00400FA0582B00A4B2C
:10BA20001B680193094B1B680093019B0E2B06D1E9
:10BA3000009B002B01D1012302E0012300E0002341
:10BA4000184602B0704700BF3001001034010010EA
:10BA500082B01B4B1B6801931A4B1B680093019B20
:10BA6000082B1FD1009B052B1AD801A252F823F0F6
:10BA700089BA01008DBA010091BA010095BA01009E
:10BA800099BA01009DBA0100012316E0012314E0D8
:10BA9000012312E0012310E001230EE001230CE05A
:10BAA00001230AE0019B0E2B06D1009B002B01D144
:10BAB000012302E0012300E00023184602B0704792
:10BAC000300100103401001082B01B4B1B68019341
:10BAD0001A4B1B680093019B082B1FD1009B052B61
:10BAE0001AD801A252F823F001BB010005BB0100E6
:10BAF00009BB01000DBB010011BB010015BB01001A
:10BB0000012316E0012314E0012312E0012310E0D9
:10BB100001230EE001230CE001230AE0019B0E2B20
:10BB200006D1009B002B01D1012302E0012300E09C
:10BB30000023184602B07047300100103401001095
:10BB400082B0164B1B680193154B1B680093019B39
:10BB5000082B1FD1009B052B1AD801A252F823F005
:10BB600079BB01007DBB010081BB010085BB0100E9
:10BB700089BB01008DBB010001230CE000230AE01A
:10BB8000002308E0002306E0002304E0002302E095
:10BB9000002300E00023184602B070473001001077
:10BBA0003401001082B0164B1B680193154B1B68C3
:10BBB0000093019B082B1FD1009B052B1AD801A2D3
:10BBC00052F823F0DDBB0100E1BB0100E5BB010041
:10BBD000E9BB0100EDBB0100F1BB010001230CE05A
:10BBE00000230AE0002308E0002306E0002304E02D
:10BBF000002302E0002300E00023184602B0704753
:10BC0000300100103401001082B0164B1B68019304
:10BC1000154B1B680093019B082B1FD1009B052B24
:10BC20001AD801A252F823F041BC010045BC010022
:10BC300049BC01004DBC010051BC010055BC0100D4
:10BC400001230CE000230AE0002308E0002306E0C3
:10BC5000002304E0002302E0002300E00023184654
:10BC600002B07047300100103401001082B0164B52
:10BC70001B680193154B1B680093019B082B1FD178
:10BC8000009B052B1AD801A252F823F0A5BC010095
:10BC9000A9BC0100ADBC0100B1BC0100B5BC0100F4
:10BCA000B9BC010001230CE000230AE0002308E0F6
:10BCB000002306E0002304E0002302E0002300E06C
:10BCC0000023184602B07047300100103401001004
:10BCD00082B01B4B1B6801931A4B1B680093019B9E
:10BCE000082B1FD1009B052B1AD801A252F823F074
:10BCF00009BD01000DBD010011BD010015BD010010
:10BD000019BD01001DBD0100012316E0012314E04F
:10BD1000012312E0012310E001230EE001230CE0D7
:10BD200001230AE0019B0E2B06D1009B002B01D1C1
:10BD3000012302E0012300E00023184602B070470F
:10BD4000300100103401001082B00A4B1B680193CF
:10BD5000094B1B680093019B0E2B06D1009B002B07
:10BD600001D1012302E0012300E00023184602B0C4
:10BD7000704700BF300100103401001082B0164B34
:10BD80001B680193154B1B680093019B082B1FD167
:10BD9000009B052B1AD801A252F823F0B5BD010073
:10BDA000B9BD0100BDBD0100C1BD0100C5BD01009F
:10BDB000C9BD010000230CE000230AE0002308E0D5
:10BDC000002306E0012304E0012302E0012300E058
:10BDD0000023184602B070473001001034010010F3
:10BDE00008B5FFF7CBFF0346002B07D04FF0102319
:10BDF0004FF08042D3F80832C2F8583500BF08BD72
:10BE000000BF044BD3F80034002BFAD000BF00BFB2
:10BE1000704700BF00E0014000B583B00190054AC3
:10BE2000019BC2F80435FFF7EBFF00BF03B05DF8DC
:10BE300004FB00BF00E00140024B034A1A6000BF50
:10BE4000704700BFE82400200090D00308B5FFF73A
:10BE5000E5FD0346002B06D08C4B1B685B0B8C4A20
:10BE600003F007031360FFF7F3FD0346002B0ED02A
:10BE70004FF080430022C3F80C214FF08043002292
:10BE8000C3F810214FF080430022C3F83825FFF794
:10BE90001BFE0346002B76D04FF080537D4AD3F82B
:10BEA0000434C2F820354FF080537A4AD3F808346E
:10BEB000C2F824354FF08053764AD3F80C34C2F8D8
:10BEC00028354FF08053734AD3F81034C2F82C351C
:10BED0004FF080536F4AD3F81434C2F830354FF026
:10BEE00080536C4AD3F81834C2F834354FF080537D
:10BEF000684AD3F81C34C2F840354FF08053654A85
:10BF0000D3F82034C2F844354FF08053614AD3F857
:10BF10002434C2F848354FF080535E4AD3F82834B1
:10BF2000C2F84C354FF080535A4AD3F82C34C2F83B
:10BF300050354FF08053574AD3F83034C2F8543557
:10BF40004FF08053534AD3F83434C2F860354FF081
:10BF50008053504AD3F83834C2F864354FF08053D8
:10BF60004C4AD3F83C34C2F868354FF08053494A04
:10BF7000D3F84034C2F86C354FF08053454AD3F8BB
:10BF80004434C2F87035FFF7DBFD0346002B02D0C6
:10BF9000414B424A1A60FFF705FE0346002B03D0CF
:10BFA0003F4BFB22C3F81825FFF72EFE0346002B5C
:10BFB0000AD03C4B1B6823F00F023B4B1B6803F07D
:10BFC0000F03384913430B60FFF750FE0346002B65
:10BFD00003D0364B4FF400721A60FFF779FE034628
:10BFE000002B0DD04FF08043D3F8003403F0010351
:10BFF000002B05D04FF080436FF00102C3F80024FE
:10C00000FFF7A2FE0346002B05D0264B1B68254AEE
:10C0100043F00F031360FFF7E3FE4FF01023D3F854
:10C020000032002B05DB4FF01023D3F80432002B35
:10C0300015DA0120FFF7F0FE4FF010231222C3F8AB
:10C040000022FFF7DDFE4FF010231222C3F8042276
:10C05000FFF7D6FE0020FFF7DFFEFFF7CBFC144B07
:10C060001B6803F00103002B0CD00120FFF7D4FE66
:10C070000F4B00221A60FFF7C3FE0020FFF7CCFE33
:10C08000FFF7B8FCFFF7D8FE00BF08BD4402001060
:10C090003C05004000C000408C5600404881030031
:10C0A00000F00040E40E00405802001040960240AC
:10C0B0000C1200106DDF704700BF184679DF704723
:10C0C00000BF18467DDF704700BF184664DF704729
:10C0D00000BF184682B003460091ADF80630BDF8A7
:10C0E0000630DAB2009B1A70BDF806301B0A9AB20D
:10C0F000009B0133D2B21A700223184602B0704777
:10C1000000B589B0039002911346ADF80630029B4A
:10C110001B8803F10902BDF806309A4201D90C23AD
:10C1200053E004AB1846FFF7C5FF0790079B069343
:10C13000069B002B01D0069B47E0029B1B881A46FA
:10C14000039B134408221A70029B1B8801339AB286
:10C15000029B1A80029B1B881A46039B13441B22D6
:10C160001A70029B1B8801339AB2029B1A80029BB1
:10C170001B881A46039B981804AB01330622194604
:10C180000AF0A2FD029B1B8806339AB2029B1A801A
:10C190009DF8103023F00103DBB2002B07D1029B86
:10C1A0001B881A46039B134400221A7006E0029B68
:10C1B0001B881A46039B134401221A70029B1B889A
:10C1C00001339AB2029B1A800023184609B05DF829
:10C1D00004FB00B589B0039002910192ADF80230E2
:10C1E000039B1B78012B05D1039B5B78002B01D1AE
:10C1F000072391E0019B1B889A1CBDF802309A42EC
:10C200000ED8039B1B78012B0CD1019B1B881A466F
:10C21000039B5B7813449A1CBDF802309A4201D903
:10C220000C2379E0019B1B88BDF80220D31A9BB236
:10C23000023BADF81C30BDF81C30ADF81230019B4C
:10C240001B880233029A13440DF11202114618465C
:10C25000FFF738FF0690069B0593059B002B01D046
:10C26000059B59E0039B1B78022B06D0039B5B7850
:10C270001A46BDF812309A4209D3BDF81230BDF803
:10C280001C209A4203D309238DF81F3016E008239F
:10C290008DF81F30039B1B78012B0BD1039B5B7820
:10C2A0001A46BDF81C30934204D3039B5B78ADF86B
:10C2B000123003E0BDF81C30ADF81230BDF812307A
:10C2C000FE2B01D90C2327E0BDF81230DAB2019B16
:10C2D0001B881946029B0B440132D2B21A70019B93
:10C2E0001B8801339AB2019B1A80019B1B881A4656
:10C2F000029B13449DF81F201A70019B1B88013379
:10C300009AB2019B1A80019B1A88BDF8123013441F
:10C310009AB2019B1A800023184609B05DF804FB0D
:10C3200000B589B0039002911346ADF80630029B28
:10C330001B881A1DBDF806309A4201D90C233AE039
:10C340000DF116031846FFF7B9FE0790079B0693F9
:10C35000069B002B01D0069B2DE0029B1B881A46F2
:10C36000039B134403221A70029B1B8801339AB269
:10C37000029B1A80029B1B881A46039B13441922B6
:10C380001A70029B1B8801339AB2029B1A80BDF877
:10C390001620029B1B881946039B0B441946104626
:10C3A000FFF798FE03461A46029B1B8813449AB275
:10C3B000029B1A800023184609B05DF804FB84B084
:10C3C000029101921A4603468DF80F301346ADF8DC
:10C3D0000C30019B1B88DA1CBDF80C309A4201D945
:10C3E0000C2328E0019B1B881A46029B134402225F
:10C3F0001A70019B1B8801339AB2019B1A80019B22
:10C400001B881A46029B134401221A70019B1B8849
:10C4100001339AB2019B1A80019B1B881A46029B2A
:10C4200013449DF80F201A70019B1B8801339AB2A8
:10C43000019B1A800023184604B0704784B0029113
:10C4400001921A4603468DF80F301346ADF80C30B2
:10C45000019B1B88DA1CBDF80C309A4201D90C23D1
:10C4600028E0019B1B881A46029B134402221A7083
:10C47000019B1B8801339AB2019B1A80019B1B8888
:10C480001A46029B13440A221A70019B1B8801332F
:10C490009AB2019B1A80019B1B881A46029B134487
:10C4A0009DF80F201A70019B1B8801339AB2019BE3
:10C4B0001A800023184604B0704700B58FB003906F
:10C4C00001930B468DF80B3013468DF80A3000238C
:10C4D0008DF83330109B1B88ADF8303000230D935E
:10C4E00070E0039B5A680D9B9B001A4405AB1068D3
:10C4F00018600DF11B0105AB00221846FFF7E6FDA1
:10C500000A900A9B0993099B002B01D0099B7BE0B1
:10C510009DF81B309DF80A209A4250D19DF8333087
:10C52000002B01D0002300E002238DF82330109B64
:10C530001B881A469DF81B301A449DF823301A4474
:10C54000BDF844309A4201DD0C235DE09DF83330A4
:10C5500083F00103DBB2002B16D0109B1B88013344
:10C560009AB2109B1A80109B1B881A46019B134499
:10C570009DF80B201A70109B1B8801339AB2109BF8
:10C580001A8001238DF83330109B1B881A46019BBB
:10C590001A440DF11B0105AB1846FFF797FD0A90F1
:10C5A0000A9B0793079B002B01D0079B2CE0109B55
:10C5B0001B889DF81B2013449AB2109B1A800D9B78
:10C5C00001330D93039B1B881A460D9B934288DB16
:10C5D0009DF83330002B16D0109B1A88BDF83030F0
:10C5E000D31A9BB2013BADF82E30BDF82E30FF2B95
:10C5F00001D90C2308E0BDF83030019A1344BDF88E
:10C600002E20D2B21A70002318460FB05DF804FB3A
:10C6100000B58BB0059003930B468DF8133013468D
:10C620008DF812309DF81310BDF8343001930C9B37
:10C630000093039B02220598FFF73FFF0990099B97
:10C640000893089B002B01D0089B14E09DF8121062
:10C65000BDF8343001930C9B0093039B1022059886
:10C66000FFF72BFF0990099B0793079B002B01D035
:10C67000079B00E0002318460BB05DF804FB82B076
:10C680000190019B1B88052B0AD9019B1B88B3F5E0
:10C69000486F07D9019B1B884FF6FF72934201D068
:10C6A000072325E0019B5B88052B0AD9019B5B884A
:10C6B000B3F5486F07D9019B5B884FF6FF72934231
:10C6C00001D0072314E0019B1B884FF6FF729342B1
:10C6D0000DD0019B5B884FF6FF72934207D0019B00
:10C6E0001A88019B5B889A4201D9072300E0002346
:10C6F000184602B0704700B587B0039002910192CE
:10C70000ADF80230019B1B889A1DBDF802309A4299
:10C7100001D90C234BE00398FFF7B1FF0590059B6F
:10C720000493049B002B01D0049B40E0019B1B88D9
:10C730001A46029B134405221A70019B1B88013381
:10C740009AB2019B1A80019B1B881A46029B1344D4
:10C7500012221A70019B1B8801339AB2019B1A8026
:10C76000039B1A88019B1B881946029B0B441946A0
:10C770001046FFF7AFFC03461A46019B1B88134483
:10C780009AB2019B1A80039B5A88019B1B88194609
:10C79000029B0B4419461046FFF79CFC03461A46C1
:10C7A000019B1B8813449AB2019B1A8000231846F0
:10C7B00007B05DF804FB00B587B0039002910192C9
:10C7C000ADF80230039B9B8802330593019B1B88C5
:10C7D0001A46059B13449A1CBDF802309A4201D9AF
:10C7E0000C2353E0059BFE2B01D90C234EE0059B47
:10C7F000DAB2019B1B881946029B0B440132D2B26C
:10C800001A70019B1B8801339AB2019B1A80019B0D
:10C810001B881A46029B1344FF221A70019B1B8837
:10C8200001339AB2019B1A80039B1A88019B1B88D3
:10C830001946029B0B4419461046FFF74BFC034672
:10C840001A46019B1B8813449AB2019B1A80039BD2
:10C850009B88002B19D0039B9B68002B01D10723D9
:10C8600014E0019B1B881A46029B9818039B996849
:10C87000039B9B881A460AF027FA019B1A88039BA0
:10C880009B8813449AB2019B1A800023184607B074
:10C890005DF804FB00B589B0039002910192ADF8F8
:10C8A0000230039B9B6A002B01D1072371E0002318
:10C8B0008DF81F3065E0039B996A9DF81F20134691
:10C8C0005B0013449B000B440693069B9B8802333A
:10C8D0000593059BFE2B01D90C235AE0059BDAB288
:10C8E000019B1B881946029B0B440132D2B21A707D
:10C8F000019B1B8801339AB2019B1A80019B1B8804
:10C900001A46029B134416221A70019B1B8801339E
:10C910009AB2019B1A80069B1A88019B1B881946B4
:10C92000029B0B4419461046FFF7D4FB03461A46F8
:10C93000019B1B8813449AB2019B1A80069B9B881B
:10C94000002B19D0069B9B68002B01D1072320E008
:10C95000019B1B881A46029B9818069B9968069BA8
:10C960009B881A460AF0B0F9019B1A88069B9B889F
:10C9700013449AB2019B1A809DF81F3001338DF841
:10C980001F30039B93F82C309DF81F209A4292D3BE
:10C990000023184609B05DF804FB00B595B005907A
:10C9A0000491039200231393039B1B88ADF84A3034
:10C9B000039B00221A80059B93F82D30002B0ED08C
:10C9C000BDF84A301A4603990498FFF799FB139073
:10C9D000139B1193119B002B01D0119BD8E0059B59
:10C9E0009B78002B0ED0BDF84A301A460399049864
:10C9F000FFF796FC1390139B1093109B002B01D014
:10CA0000109BC5E0059BDB78002B10D0059BDB78E5
:10CA100058B2BDF84A30039A0499FFF7D0FC13903E
:10CA2000139B0F930F9B002B01D00F9BB0E0059B36
:10CA30005B68002B11D0059B5B6893F90000BDF883
:10CA40004A30039A0499FFF7F9FC1390139B0E9355
:10CA50000E9B002B01D00E9B9AE0059B1B89002B9F
:10CA600014D0059B03F10800BDF84A300193039BE5
:10CA70000093049B06220221FFF7CAFD1390139B2B
:10CA80000D930D9B002B01D00D9B81E0059B1B8A14
:10CA9000002B14D0059B03F11000BDF84A30019320
:10CAA000039B0093049B07220321FFF7B1FD139022
:10CAB000139B0C930C9B002B01D00C9B68E0059BF7
:10CAC0001B8B002B14D0059B03F11800BDF84A30D6
:10CAD0000193039B0093049B15221421FFF798FDFB
:10CAE0001390139B0B930B9B002B01D00B9B4FE0E0
:10CAF000059B1B6A002B0FD0059B186ABDF84A30B6
:10CB0000039A0499FFF7F7FD1390139B0A930A9B6E
:10CB1000002B01D00A9B3BE0059B5B6A002B0FD0EA
:10CB2000059B586ABDF84A30039A0499FFF743FE03
:10CB30001390139B0993099B002B01D0099B27E0BD
:10CB4000059B93F82C30002B0ED0BDF84A30039A89
:10CB500004990598FFF79EFE1390139B0893089B7A
:10CB6000002B01D0089B13E0059B1B78002B0ED0F7
:10CB7000BDF84A30039A04990598FFF72AFB1390F1
:10CB8000139B0793079B002B01D0079B00E0139B8F
:10CB9000184615B05DF804FB86B0039001921A4662
:10CBA0000B46ADF80A3013468DF80930039B002B75
:10CBB00002D0019B002B01D100235BE00023ADF8E4
:10CBC00016300CE0BDF81630039A13441B781A4651
:10CBD000BDF8163013449BB20133ADF81630BDF8E2
:10CBE00016305A1CBDF80A309A420FDA019B1B8896
:10CBF000BDF816209A42E5D3BDF816300133039AEA
:10CC000013441B789DF809209A42DBD1BDF8162009
:10CC1000BDF80A309A4201D300232BE0BDF816304C
:10CC20000233ADF81430BDF81630039A13441B7864
:10CC3000002B07D0BDF81630039A13441B78013B34
:10CC40009BB200E00023ADF81230BDF81230002B8B
:10CC500008D0BDF81420BDF812301A44BDF80A30CF
:10CC60009A4201DD002305E0019BBDF814201A80E3
:10CC7000BDF81230184606B0704700B585B0019077
:10CC80000B46ADF8023013468DF801300023ADF8A5
:10CC90000C309DF8013003AABDF802100198FFF78F
:10CCA0007BFF0346ADF80E30BDF80E30002B01D1EE
:10CCB000002304E0BDF80C301A46019B13441846CB
:10CCC00005B05DF804FB72DF704700BF184673DFE4
:10CCD000704700BF184682B00190019B93F8F43072
:10CCE000184602B0704784B00190002303930AE015
:10CCF000019A039B13441B78002B01D0012306E00B
:10CD0000039B01330393039B052BF1D900231846A2
:10CD100004B0704782B003468DF807309DF80730A5
:10CD20005A1C074B83FB02135910D317C91A0B4621
:10CD30009B000B44D11ACBB2184602B0704700BF1B
:10CD40006766666682B001900091009BDB7B012BD9
:10CD500004D1009B9A88019BA3F8E82000BF02B091
:10CD6000704700B585B001900091019B002283F8C7
:10CD7000F220009B9A88019BB3F8E8309A4216D1C2
:10CD8000019B1B7983F00103DBB2002B0FD0012143
:10CD9000019800F08FFA0390039B002B07D0019BB2
:10CDA0009B6B002B03D0019B9B6B0398984700BFA4
:10CDB00005B05DF804FB00B585B001900091009BC3
:10CDC0001B88262B1ED1009B1B7A012B03D0009BB6
:10CDD0001B7A022B17D1019B9B781846FFF79AFF0D
:10CDE00003461946019800F065FA0390039B002B57
:10CDF00009D0019B9B6B002B05D0019B9B6B03987B
:10CE0000984700E000BF05B05DF804FB00B585B0B1
:10CE100001900B468DF80330019BEB331846FFF76A
:10CE200062FF03468DF80F309DF80330013B032B62
:10CE300032D801A252F823F049CE01006DCE010094
:10CE400081CE01008DCE0100019B9B79002B0DD07E
:10CE5000019B93F8243083F00103DBB2002B05D053
:10CE60009DF80F30002B01D0012316E0019BDB79E8
:10CE7000002B05D09DF80F30002B01D002230CE0D1
:10CE8000019B1B7A002B01D0032306E0019B5B7AF8
:10CE9000002B01D0042300E00023184605B05DF804
:10CEA00004FB00BF82B001900091019B012283F836
:10CEB0003120019B0022C3F8E420019B03F1EA0228
:10CEC000009B5A60009B00229A60009B02221A700D
:10CED000009B80229A810023184602B0704782B0DE
:10CEE00001900091019B022283F83120009B0322D4
:10CEF0001A70019B1B699AB2009B9A81019B0022C8
:10CF0000C3F8E420019B03F1EA02009B5A60019BF5
:10CF1000DA68009B9A600023184602B0704700B59B
:10CF200083B00190019B5B79002B0FD0019B93F89C
:10CF3000F23083F00103DBB2002B07D00198FFF73A
:10CF4000CAFE0346002B01D0012300E0002303F0BA
:10CF50000103DBB2184603B05DF804FB00B585B0F1
:10CF600001900B468DF80330019BD3F8D400019B50
:10CF7000B3F8D83001221946FFF77FFE0390039BD8
:10CF8000002B03D0039B9DF803201A70019B03F133
:10CF90005400019B03F1D401019B3C331A46FFF777
:10CFA00092FE0346184605B05DF804FB00B585B057
:10CFB00001900091019B5A69009B9A60019B9B69BB
:10CFC0009AB2009B9A81019B012283F83C20019830
:10CFD000FFF7A5FF0346002B13D0009B02221A7512
:10CFE00004210198FFF7BAFF0390039B0293029B71
:10CFF000002B01D0029B0FE0019B052283F831201A
:10D0000003E0019B032283F83120019B03F1D4024A
:10D01000019BC3F8E4200023184605B05DF804FB2B
:10D0200000B585B001900091019BDA69009B9A6080
:10D03000019B1B6A9AB2009B9A81019B012283F893
:10D040003C200198FFF76BFF0346002B13D0009B99
:10D0500002221A7504210198FFF780FF0390039BB9
:10D060000293029B002B01D0029B0FE0019B062242
:10D0700083F8312003E0019B042283F83120019BD7
:10D0800003F1D402019BC3F8E4200023184605B045
:10D090005DF804FB82B00190019B9B78002B06D0C9
:10D0A000019B93F82030002B01D000230AE0019B64
:10D0B0009B6A042B03D0019B5B6A042B01D10023E4
:10D0C00000E00123184602B0704784B00190019B34
:10D0D00093F82430002B03D01F23ADF80E3002E06C
:10D0E0001F23ADF80E30BDF80E30184604B070475F
:10D0F00082B001900B468DF80330019B9DF8032010
:10D1000083F8302000BF02B0704730B587B001907F
:10D110000091009B002B02D0019B002B01D10E231C
:10D12000B5E0009B78331846FFF7B4FF034683F061
:10D130000103DBB2002B01D00723A8E0019B0022F2
:10D140009A70019A009B141D03F178050FCD0FC44E
:10D150000FCD0FC495E8070084E80700019B00226B
:10D1600083F83020009BD3F8A420019B5A63009BD6
:10D17000D3F8A820019B9A63019B4FF6FF72A3F896
:10D18000E820019B03F1D402019BC3F8E420019B3A
:10D19000EA3307220021184609F0C8FD019B1B78DD
:10D1A00083F00103DBB2002B03D0019BFF2283F845
:10D1B0005420019B03F15502019BC3F8D420019830
:10D1C000FFF783FF03461A46019BA3F8D820009877
:10D1D000019B03F15501019BD8331A46FFF7DDFB94
:10D1E0000590059B0493049B002B01D0049B4EE00B
:10D1F000019B03F19302019BC3F8DC200198FFF728
:10D2000064FF03461A46019BA3F8E020009B03F14C
:10D210003C00019BD3F8DC10019BE0331A46FFF77A
:10D22000BCFB0590059B0393039B002B01D0039B44
:10D230002DE0019B012283F85120019B9B699AB24A
:10D24000019BA3F84820019B012283F83C20019B0D
:10D2500000221A64019B002283F85020019B5A6926
:10D26000019B5A64019B03F15400019B3C331A4615
:10D270000021FFF728FD0590059B0293029B002BE0
:10D2800001D0029B03E0019B01221A70059B184606
:10D2900007B030BD82B00190019B1B68012B03D009
:10D2A000019B1B68022B01D1012300E000231846DB
:10D2B00002B0704700B585B001900B468DF8033081
:10D2C000019B1B7883F00103DBB2002B01D0082304
:10D2D00009E1019B9DF803209A70019BEA33072224
:10D2E0000021184609F022FD019B9B79002B03D0F9
:10D2F000019B9B78012B0FD0019BDB79002B03D086
:10D30000019B9B78012B07D0019BDB79002B14D06C
:10D31000019B9B78022B10D1019B5B6B002B08D0EB
:10D32000019B012283F8F120019B5B6B0820984749
:10D3300003E0019B002283F8F1209DF80330194699
:10D340000198FFF763FD03461A46019B9A70019B03
:10D350005B6B002B20D0019B9B78032B03D0019BA0
:10D360009B78042B18D1019B5B79002B14D0019B77
:10D3700093F8F23083F00103DBB2002B0CD0019B59
:10D38000002283F8F420019B012283F8F320019B03
:10D390005B6B0720984703E0019B002283F8F32092
:10D3A000019B3C3318220021184609F0BFFC019B69
:10D3B000012283F83C20019B2C331846FFF76AFFBB
:10D3C0000346002B06D0019BDB6ADAB2019B83F88F
:10D3D000512003E0019B012283F85120019B93F827
:10D3E0002430002B12D0019B28331846FFF752FF40
:10D3F0000346002B06D0019B9B6ADAB2019B83F89F
:10D40000522003E0019B012283F85220019B00225D
:10D4100083F85020019B9B78042B32D801A252F84C
:10D4200023F000BF79D4010039D4010049D40100B0
:10D4300059D4010069D40100019B3C33194601987D
:10D44000FFF730FD03901DE0019B3C331946019826
:10D45000FFF745FD039015E0019B3C331946019809
:10D46000FFF7A4FD03900DE0019B3C3319460198A2
:10D47000FFF7D6FD039005E0019B002283F83120E1
:10D4800000E000BF019B9B78002B20D0019B03F1A3
:10D490005400019BD3F8E410019B3C331A46FFF77C
:10D4A00012FC0390039B002B01D0039B1BE0019B0C
:10D4B00093F85420019B93F8303019461046FFF73B
:10D4C00006FC0390039B002B01D0039B0BE0019B08
:10D4D0005B6B002B06D0019B5B6B019A92F83120AD
:10D4E000104698470023184605B05DF804FB00BFBE
:10D4F00000B585B001900091009B0393019B1B88B0
:10D50000262B10D0262B13DC102B02D0112B05D08C
:10D510000EE001990398FFF715FC0AE001990398C2
:10D52000FFF71FFC05E001990398FFF744FC00E0BA
:10D5300000BF00BF05B05DF804FB75DF704700BF9A
:10D54000184676DF704700BF18467ADF704700BF85
:10D5500018467BDF704700BF1846000084B00346C2
:10D56000ADF806300023039316E00F49039A1346E3
:10D570009B0013449B000B441B88BDF806209A4275
:10D5800007D1039A13469B0013449B00064A134499
:10D5900006E0039B01330393039B002BE5D000239C
:10D5A000184604B0704700BF783D002082B001905B
:10D5B0000B46ADF80230019BBDF802201A80019B9A
:10D5C00000221A72019B054903F10A020B4603CBA4
:10D5D0001060516000BF02B0704700BFA83D00203E
:10D5E00082B00190019B4FF6FF721A8000BF02B01B
:10D5F000704788B00390029111461A460B46ADF869
:10D6000006301346ADF80430039B9B881A46BDF8DC
:10D61000063013440793039B9B881946039B9B8802
:10D62000BDF80620934228BF13469BB2CB1A06933F
:10D63000039BDB881A46BDF8043013440593039B13
:10D64000DB881946039BDB88BDF80420934228BF82
:10D6500013469BB2CB1A0493029B5A88039B1B88E8
:10D660009A4205D3029B5A88039B5B889A4201D950
:10D6700000231CE0029B9B881A46069B934205D818
:10D68000029B9B881A46079B934201D200230EE01F
:10D69000029BDB881A46049B934205D8029BDB88D9
:10D6A0001A46059B934201D2002300E0012318464D
:10D6B00008B0704700B583B00190064B9B69002B02
:10D6C00003D0044B9B690198984700BF03B05DF8F5
:10D6D00004FB00BF8C3D002000B585B003460091DF
:10D6E000ADF80630BDF8063000991846FFF725FF63
:10D6F0000390039B002B05D0039B112B02D00398B2
:10D70000FFF7D8FF039B002B0CBF01230023DBB2E4
:10D71000184605B05DF804FB00B589B00190019B87
:10D720000793079B9BB21846FFF718FF0690069BCE
:10D73000002B42D0069B1A7A224B1B7B9A4215D2B1
:10D74000079B9AB2069B0A3319461046FFF7C4FF9F
:10D7500003468DF813309DF81330002B2DD0069B17
:10D760001B7A0133DAB2069B1A7226E0069B00226E
:10D770001A72144B1B7C002B0FD0079B9BB23B21D2
:10D780001846FFF7DEFE0590059B002B05D0059B94
:10D79000082B02D00598FFF78DFF0A4B5B69002B21
:10D7A0000BD000238DF80C30079B9BB2ADF80E30E8
:10D7B000044B5B6903AA1046984700BF09B05DF8A7
:10D7C00004FB00BF8C3D002030B587B00190019B69
:10D7D000002B01D10E2353E02B4A019B14461D461A
:10D7E0000FCD0FC495E8070084E80700264B274AB1
:10D7F0001A60019B1B68002B11D0019B1B68184607
:10D80000FFF7A3FE0490049B002B01D0049B37E09C
:10D81000019B1A681D4B1068516803C308E01B4840
:10D82000FFF797FE0490049B002B01D0049B27E098
:10D830000023059320E0059A13469B0013449B00A8
:10D84000134A134403930398FFF7CAFE059B5B0139
:10D85000104A1A44039B5A60039B04330E4A00216A
:10D86000184604F037FD0490049B002B01D00323DD
:10D8700006E0059B01330593059B002BDBD00023BD
:10D88000184607B030BD00BF8C3D0020A83D0020E9
:10D89000783D0020583D002019D7010000B587B021
:10D8A00003460091ADF80630009B5B7A002B1AD13D
:10D8B000009B1B7A002B03D1164B5B68059302E09B
:10D8C000144B9B680593009B5B68BDF80620059987
:10D8D000184604F02FFD0490049B002B16D00498EA
:10D8E000FFF7E8FE12E0009B00221A72094B5B6909
:10D8F000002B0BD001238DF80C30BDF80630ADF8AD
:10D900000E30044B5B6903AA1046984700BF07B06E
:10D910005DF804FB8C3D002000B585B00190019BB3
:10D92000DB7B8DF80F30019B9B88ADF80C309DF8A8
:10D930000F30012B2CD14FF6FF70FFF70FFE029036
:10D94000029B002B03D10420FFF7B4FE21E0BDF8B9
:10D950000C3019460298FFF729FE029B03F10A00DA
:10D96000019B03F110014FF6FF7340F2F312FFF732
:10D9700040FE03461A46029B5A72074BDB89002B76
:10D9800007D1BDF80C3002991846FFF787FF00E079
:10D9900000BF05B05DF804FB8C3D002000B587B0EA
:10D9A0000190019B9B88ADF81630BDF816301846E3
:10D9B000FFF7D4FD0490049B002B0ED0049B5B6802
:10D9C000184604F0EDFC0390039B002B02D0039853
:10D9D000FFF770FE0498FFF703FE00BF07B05DF885
:10D9E00004FB000000B587B00190019B063305934E
:10D9F000059B1A88194BDB899A422BD1059B5B89C1
:10DA0000022B27D1019B9B88ADF81230BDF8123054
:10DA10001846FFF7A3FD0390039B002B1AD0059B2C
:10DA20000C33184600F067FA0346002B06D0BDF809
:10DA3000123003991846FFF731FF0BE0039B5B6838
:10DA4000184604F0ADFC0290029B002B02D0029815
:10DA5000FFF730FE00BF07B05DF804FB8C3D0020EF
:10DA600000B585B00190019B9B88ADF80E30BDF8E4
:10DA70000E301846FFF772FD0290029B002B15D066
:10DA8000029B03F10A00019B03F108014FF6FF73AB
:10DA900040F2F312FFF7ADFD03461A46029B5A729D
:10DAA000BDF80E3002991846FFF7F8FE00BF05B02A
:10DAB0005DF804FB00B583B001900091019B1B88C9
:10DAC000502B12D0502B18DC122B12D0122B14DC3E
:10DAD000102B02D0112B04D00FE00198FFF71CFF90
:10DAE0000CE00198FFF75AFF08E00198FFF77AFF72
:10DAF00004E00198FFF7B4FF00E000BF00BF03B0EF
:10DB00005DF804FB30B58FB00190009100230293C3
:10DB1000009B002B1AD000230D9314E06B460D9947
:10DB2000184605F0D0FD0346002B09D0029B5A1C75
:10DB300002920D9A92B25B0038336B4423F82C2C7E
:10DB40000D9B01330D930D9B132BE7D9019B1D46B4
:10DB500002AC0FCC0FC50FCC0FC594E8070085E8C9
:10DB6000070001980FB030BD00B583B00346ADF893
:10DB70000630BDF80630132B01D900230CE0BDF8A8
:10DB800006301946064805F06DFDBDF80630194609
:10DB9000044805F067FD0123184603B05DF804FB57
:10DBA000B83D0020B43D002000B585B00346ADF877
:10DBB0000630002303930DE0039B9B00094A1344A6
:10DBC0000433BDF806201146184605F063FD039B9B
:10DBD00001330393039B1D2BEED900BF00BF05B09B
:10DBE0005DF804FBB03D002000B583B00346ADF8FE
:10DBF0000630BDF806301946034805F04BFD00BF5E
:10DC000003B05DF804FB00BFB83D002030B59BB009
:10DC1000184B9B68DB431893164B5A6818AB114698
:10DC2000184605F0ACFD189A6B4611461846FFF7EA
:10DC300069FF0DAC6D460FCD0FC40FCD0FC495E835
:10DC4000070084E80700002319930BE0199B5B0091
:10DC500068336B4433F8303C1846FFF7A5FF199B37
:10DC6000013319930D9B199A9A42EFD300BF00BF5D
:10DC70001BB030BDB03D002000B583B001900B4615
:10DC8000ADF8023013468DF801309DF80130002BBD
:10DC900006D0BDF802301946019805F0E3FC05E016
:10DCA000BDF802301946019805F0F4FC00BF03B03E
:10DCB0005DF804FB00B585B001900091019B9B8845
:10DCC000ADF80E30019B1B88103B0A2B7BD801A2BC
:10DCD00052F823F001DD010027DD0100C7DD01005E
:10DCE000C7DD0100C7DD0100C7DD0100C7DD0100A0
:10DCF000C7DD0100C7DD010091DD010033DD01005A
:10DD0000FFF784FFBDF80E301846FFF72DFF0346DE
:10DD100083F00103DBB2002B52D02D4AF021042006
:10DD200003F040FB4CE0BDF80E301846FFF75CFFF7
:10DD300049E0019B1B7AC3F30313DBB28DF80D306E
:10DD40009DF80D30032B8CBF01230023DAB2BDF800
:10DD50000E3019461F48FFF78FFF9DF80D30022B3C
:10DD60008CBF01230023DAB2BDF80E3019461A48E1
:10DD7000FFF782FF9DF80D30012B8CBF012300239C
:10DD8000DAB2BDF80E3019461448FFF775FF1AE0F5
:10DD9000019B1B7A002B15D1019B5B7AC3F3C00357
:10DDA000DBB2002B14BF012300238DF80C309DF84B
:10DDB0000C20BDF80E3019460648FFF75DFF01E064
:10DDC00000BF00E000BF00BF05B05DF804FB00BF6E
:10DDD00098780200C83D0020C43D0020C03D0020CE
:10DDE00000B583B00346ADF80630BDF80630132BFE
:10DDF00001D9002306E0BDF806301946034805F0B6
:10DE000062FC0346184603B05DF804FBB43D0020F5
:10DE100000B583B00346ADF80630BDF806301846AD
:10DE2000FFF7DEFF0346002B02D0BDF8063000E00E
:10DE30001423184603B05DF804FB00B587B00390C7
:10DE40000B460192ADF80A30019B002B01D10E2345
:10DE500038E0019B00221A60039B002B01D10E23A6
:10DE600030E0039B1B68002B01D10E232AE0039BAB
:10DE7000DB8803F003039BB2002B01D0072321E0D2
:10DE8000BDF80A301846FFF7C3FF03468DF8173078
:10DE90009DF81730142B01D1052313E0039B1B7948
:10DEA0009DF817209A4201D304230BE0039B1B68C3
:10DEB0009DF817200399C98801FB02F21A44019BBF
:10DEC0001A600023184607B05DF804FB82B0019089
:10DED000019B1B781AB2019B01331B781BB21B02FA
:10DEE0001BB213431BB29BB2184602B07047AADFA5
:10DEF000704700BF184600B585B001900198FFF744
:10DF0000E5FF0346ADF80E30BDF80E3003F0010317
:10DF1000002B14BF01230023DBB2184605B05DF8C7
:10DF200004FB000082B0034600918DF80730009A90
:10DF3000137823F00F031370009A137823F0F00383
:10DF400013709DF80730052B5BD801A252F823F01F
:10DF500069DF01007FDF010099DF0100B3DF01000D
:10DF6000CDDF0100E7DF0100009A137823F00F03F3
:10DF70001370009A137823F0F003137040E0009AB6
:10DF80001378012161F303031370009A13780121C0
:10DF900061F30713137033E0009A1378012161F3E2
:10DFA00003031370009A1378022161F307131370AF
:10DFB00026E0009A1378012161F303031370009A9D
:10DFC0001378032161F30713137019E0009A137893
:10DFD000022161F303031370009A1378012161F3A6
:10DFE000071313700CE0009A1378022161F3030306
:10DFF0001370009A1378022161F30713137000BFA6
:10E0000000BF00BF02B0704700B595B00346029153
:10E010000192ADF80E30029B9B78002B03D10123B7
:10E020008DF81E3003E0029B9B788DF81E30029B1A
:10E030001B88ADF81C3006AB03220021184608F0FF
:10E0400075FE029B5B7C06AA11461846FFF76AFF25
:10E05000029B9A7C06AB013319461046FFF762FF1C
:10E06000029BDA7B9DF81A3062F3C3038DF81A30F5
:10E07000029B1A7C9DF81A3062F304138DF81A3053
:10E08000029B1A7B9DF81A3062F300038DF81A3058
:10E09000029B1B7D002B01D0022200E001229DF893
:10E0A0001A3062F342038DF81A300DAB1C220021A6
:10E0B000184608F03BFE029B5B7B03F01003DBB2CB
:10E0C000002B06D1029B5B7B03F02003DBB2002B0D
:10E0D00024D004AB03220021184608F027FE029B3F
:10E0E000DA7C04AB013319461046FFF71BFF9DF89D
:10E0F0001030012262F303038DF810309DF81030C8
:10E10000012262F307138DF810309DF812300122BE
:10E1100062F342038DF8123004AB1293029B5B7BD7
:10E120008DF83430029B9B7B8DF8353008AB142280
:10E130000021184608F0FAFD07AB089306AB0993D7
:10E14000029B9B88ADF82C30029B9B68002B06D06D
:10E15000029BDB88ADF82830029B9B680C93029BE6
:10E160009B69002B4FD005AB03220021184608F015
:10E17000DDFD029B9B691B88ADF83C30029B9B69CF
:10E180005B88ADF83E30029B9B695B680E9305ABE4
:10E190001193029B9B691B7B05AA11461846FFF74A
:10E1A000C1FE029B9B695A7B05AB013319461046A1
:10E1B000FFF7B8FE029B9B699A7A9DF8163062F3CE
:10E1C000C3038DF81630029B9B69DA7A9DF81630EE
:10E1D00062F304138DF81630029B9B691A7A9DF83E
:10E1E000163062F300038DF81630029B9B699B7B0F
:10E1F000002B01D0022200E001229DF8163062F3CC
:10E2000042038DF81630029BDB69002B02D0029B83
:10E21000DB69109308AA0DA9BDF80E00019BFFF75A
:10E2200066FE0346184615B05DF804FBA5DF70478F
:10E2300000BF1846B5DF704700BF184682B0019096
:10E24000019BF7221A80019B17225A80019B002212
:10E250001A71019B00225A7100BF02B0704784B04E
:10E2600001900091009B9B88ADF80E30BDF80E2008
:10E2700013465B0013445B00019A13440633029378
:10E28000009BDB7B012B04D1019B1A88029B1A8027
:10E2900000E000BF00BF04B0704700B583B001903C
:10E2A0000091009B9B881A4613465B0013445B0059
:10E2B000019A134406331846FFF7C0FF00BF03B0AE
:10E2C0005DF804FB00B587B001900091009B9B882E
:10E2D000ADF81630009B5B89ADF81430BDF8162000
:10E2E00013465B0013445B00019A13440633049306
:10E2F000049B1B88BDF81420934228BF13469AB292
:10E30000049B5A80049B5B88172B38BF17239AB253
:10E31000049B5A80019BDB68002B15D0049B5B7922
:10E32000002B11D040F67723ADF80830BDF8163039
:10E33000ADF80A30049B5B88ADF80C30019BDB68BC
:10E3400002AA114601989847049B00225A71049B27
:10E3500000221A7100BF07B05DF804FB10B588B049
:10E3600001900091009B9B88ADF81A30009BDB88E0
:10E37000ADF81830BDF81A2013465B0013445B005B
:10E38000019A134406330593BDF81830172B38BF94
:10E390001723ADF81830059B1B88BDF81820934251
:10E3A00028BF13469AB2059B5A80059B00221A711A
:10E3B000059B1A88BDF81A3011461846FFF73AFF38
:10E3C0000790079B002B0FD0164A174BD31ADB0878
:10E3D0001B0443F00104079806F0D8FB03461A46D5
:10E3E0001249204607F076F8059B5B79002B16D181
:10E3F000019BDB68002B13D040F67723ADF80C307F
:10E40000BDF81A30ADF80E30059B5B88ADF81030C2
:10E41000019BDB6803AA11460198984700E000BF02
:10E4200008B010BD786E0200206E0200087902006C
:10E4300000B585B001900091019B002B01D10E2306
:10E4400020E0019B009ADA60019BF7221A80019B71
:10E45000F7225A80019BFB221A71002303930DE0DF
:10E46000039A13465B0013445B00019A134406337E
:10E470001846FFF7E3FE039B01330393039B002B36
:10E48000EED00023184605B05DF804FB82B0019081
:10E490000B46ADF80230019B002B01D10E230EE09C
:10E4A000BDF80230162B03D9BDF80230F72B01D985
:10E4B000072304E0019BBDF802201A8000231846C0
:10E4C00002B0704710B586B001900091009B059393
:10E4D000019B9B88ADF81230BDF81230002B6ED135
:10E4E000019B1B88552B19D0552B1CDC3A2B10D0C7
:10E4F0003A2B18DC102B02D0112B05D013E0019918
:10E500000598FFF7ACFE0FE001990598FFF7C5FEEF
:10E510000AE001990598FFF7D5FE05E001990598F5
:10E52000FFF71CFF00E000BFBDF81220059913465D
:10E530005B0013445B000B440A331B78002B3FD075
:10E54000BDF81220059913465B0013445B000B4491
:10E5500006331A88BDF8123011461846FFF766FEDA
:10E560000390039B002B16D1BDF81220059913468A
:10E570005B0013445B000B440A3300221A70BDF8A1
:10E580001220059913465B0013445B000B440B33C8
:10E5900001221A7014E0039B112B11D0094A0A4B77
:10E5A000D31ADB081B0443F00104039806F0EEFACB
:10E5B00003461A460549204606F08CFF00E000BFDE
:10E5C00006B010BD786E0200206E0200387902009D
:10E5D000B0DF704700BF184666DF704700BF1846BF
:10E5E00082B001900091019B002B01D10E2316E017
:10E5F000009B002B01D10E2311E0019B1B78DE2B29
:10E6000001D108230BE0009B1A68019B5A60019B13
:10E61000DE221A70019B4FF6FF725A8000231846C3
:10E6200002B0704782B001900B46ADF80230019BFA
:10E63000002B01D10E230AE0019B1B78DE2B01D0B9
:10E64000082304E0019BBDF802205A8000231846ED
:10E6500002B0704700B585B00190019B1B7A002B7A
:10E6600018D0019B5B8800211846FFF7B5FF039087
:10E67000039B002B03D1019B00221A720AE0039B2B
:10E68000112B03D1019B01221A7203E0019B5B68ED
:10E690000398984700BF05B05DF804FB00B583B050
:10E6A00001900091009B1B79012B0BD1009B1A88D4
:10E6B000019B5B889A4205D1019B01221A72019845
:10E6C000FFF7C8FF00BF03B05DF804FB82B0019004
:10E6D000009100BF02B0704700B589B00190009171
:10E6E000009B1A88019B5B889A4236D1009B0233BB
:10E6F0000793079B1B78022B31D1079B1B7A042BB6
:10E7000007D0079B1B7A062B03D0079B1B7A052B90
:10E7100027D102AB00221A605A609A60DA600223A5
:10E720008DF808304FF4C073ADF80C30079B1B7A9E
:10E73000052B02D10023ADF80C30009B1B8802AAE8
:10E7400011461846FFF744FF0690069B002B09D0A0
:10E75000019B5B680698984704E000BF02E000BF99
:10E7600000E000BF09B05DF804FB00B585B0019082
:10E770000091009B002B43D0019B002B40D0009BBD
:10E780000393039B1B78DE2B3AD1019B9A88039B52
:10E790005B889A4202D10398FFF75CFF019B1B88BC
:10E7A000512B18D0512B28DC112B1BD0112B24DC22
:10E7B000012B02D0022B07D01FE0019B0433194626
:10E7C0000398FFF76BFF1BE0019B04331946039886
:10E7D000FFF77CFF14E0019B043319460398FFF711
:10E7E0007BFF0DE0019B9A88039B5B889A4206D1D0
:10E7F000039B4FF6FF725A8001E000BF00E000BFAC
:10E8000005B05DF804FBA8DF704700BF1846ADDF18
:10E81000704700BF1846AEDF704700BF184662DF82
:10E82000704700BF184600B58FB0019000910023DB
:10E830000393019B5869009B9B8803AA1946FFF725
:10E84000FCFA0D9005AB08220021184608F06EFA7C
:10E8500004AB06930223ADF814300023ADF8163054
:10E86000009B9888019B1B8905AA1946FFF7CFFFDB
:10E870000D900D9B002B26D1019B9B69002B22D074
:10E88000069B1846FFF737FB0346002B1BD0039B64
:10E89000002B02D0039B01221A7007AB1822002123
:10E8A000184608F043FA02238DF81C30019B0893A8
:10E8B000009B9B88ADF82430039B0A93019B9B69C6
:10E8C00007AA1046984700BF0FB05DF804FB00B5DB
:10E8D0008DB001900091009B06330B93019B58690A
:10E8E000009B9B8803AA1946FFF7A7FA0A9004AB7E
:10E8F00018220021184608F019FA019B0593009B85
:10E900009B88ADF81830039B07930B9B1A88019BDB
:10E910001B899A4225D10B9B5B89022B21D1039B3A
:10E92000002B38D00B9B0C331846FFF7E4FA034654
:10E93000002B06D0039B01221A7002238DF81030A1
:10E9400005E0039B00221A7003238DF81030019B11
:10E950009B69002B1FD0019B9B6904AA1046984716
:10E9600019E00B9B1A88019B9B899A4214D1019B49
:10E970009B69002B10D000238DF810300B9B0C33BB
:10E9800008930B9B5B89ADF82430019B9B6904AA1B
:10E990001046984700E000BF00BF0DB05DF804FBD3
:10E9A00000B58BB001900091019B5869009B9B883A
:10E9B00002AA1946FFF741FA0990099B002B1ED1C4
:10E9C000029B1B78002B1BD0019B9B69002B17D04F
:10E9D00003AB18220021184608F0A8F901238DF88E
:10E9E0000C30019B0493009B9B88ADF81430029B74
:10E9F0000693019B9B6903AA1046984700E000BF5D
:10EA00000BB05DF804FB00B585B001900091009B50
:10EA1000002B1ED0019B002B1BD0009B0393019B5E
:10EA20001B88572B10D0572B15DC102B02D0502BE6
:10EA300005D010E001990398FFF7F5FE0CE001996D
:10EA40000398FFF744FF07E001990398FFF7A8FF39
:10EA500002E000BF00E000BF05B05DF804FB00006D
:10EA600010B592B0019000914F4B0AAC0FCB84E8E7
:10EA70000F00019B002B01D10E2391E0009B002B86
:10EA800001D10E238CE0009B1A68019B9A61019AC8
:10EA90000AAB11461846FFF7C2FE1190119B109366
:10EAA000109B002B01D0109B7AE0019B1B788DF806
:10EAB0003A300123ADF83830019B9A1C0EAB194651
:10EAC0000120FFF7A0FE1190119B0F930F9B002BCD
:10EAD00001D00F9B64E002AB20220021184608F011
:10EAE00025F90223ADF80830019B1B788DF80A3018
:10EAF000F423ADF80C300123ADF80E3001238DF86E
:10EB000014309DF8153043F008038DF815309DF84A
:10EB1000153043F004038DF8153001238DF81930BA
:10EB200001238DF81A30019B5888019B03F10C02D8
:10EB300002AB1946FFF768FA1190119B002B01D028
:10EB4000119B2DE002AB20220021184608F0EEF8C0
:10EB50000323ADF80830019B1B788DF80A30F423AD
:10EB6000ADF80C300123ADF80E3001238DF81430D0
:10EB70009DF8153043F010038DF8153001238DF802
:10EB8000193001238DF81A3001238DF81B30019BB9
:10EB90005888019B1A1D02AB1946FFF735FA034648
:10EBA000184612B010BD00BF7479020000B58DB0D8
:10EBB000039002910192ADF80230039B002B01D12A
:10EBC0000E2342E0039B5B6905AABDF802101846BC
:10EBD000FFF733F90B900B9B0A930A9B002B01D094
:10EBE0000A9B32E0BDF802304FF6FF72934202D02A
:10EBF000059B002B01D1052327E0059B1B7883F0A3
:10EC00000103DBB2002B01D008231EE0019B1B880F
:10EC1000F42B01D9072318E006AB10220021184677
:10EC200008F084F8039B9B88ADF81830029B099389
:10EC3000019B089301238DF81A3006AABDF8023013
:10EC400011461846FFF7E7FD034618460DB05DF87C
:10EC500004FB000082B003468DF807309DF90730B1
:10EC6000002B13DB9DF8073003F01F0209499DF9C3
:10EC700007305B09012000FA02F2203341F823201B
:10EC8000BFF34F8F00BFBFF36F8F00BF00BF02B055
:10EC9000704700BF00E100E0044BD3F80034002BC4
:10ECA00014BF01230023DBB2184670470000014067
:10ECB00008B5FFF7F1FF034683F00103DBB2002B39
:10ECC00004D000F0C5FA024B00229A7000BF08BDC4
:10ECD0002C3E002000B583B000230193184B1B7815
:10ECE000002B02D0852301931CE0154B00229A6073
:10ECF000134B00225A60124B00221A61104B002263
:10ED0000DA60104800F082FA019007F0BBFC03467D
:10ED100083F00103DBB2002B01D000F091FA084B25
:10ED200001221A70FFF7B8FF0346002B02D0044BF4
:10ED300001229A70019B184603B05DF804FB00BFE6
:10ED40002C3E0020F5ED010084B00190019B1B6872
:10ED50000393039B002B03D0039B1A68019B1A604B
:10ED6000039B184604B0704700B583B000238DF8AC
:10ED700007300DF10703184603F0A8FB094BDB68C9
:10ED8000013B084AD360074BDB68002B01D1FFF73A
:10ED90008FFF9DF80730184603F0A2FB00BF03B0B9
:10EDA0005DF804FB2C3E002000B585B003468DF8CD
:10EDB00007309DF80730002B02D10C4B039301E084
:10EDC0000B4B03930398FFF7BFFF0290029B002BAE
:10EDD00006D0029B5B689DF8072010469847F1E734
:10EDE00000BF00BF05B05DF804FB00BF343E00204B
:10EDF0003C3E002000B583B003468DF807309DF8F7
:10EE00000730002B05D10A4B01225A700020FFF772
:10EE1000CBFF9DF80730012B05D1054B01229A70DD
:10EE20000120FFF7C1FF00BF03B05DF804FB00BF86
:10EE30002C3E002000B583B001900091019B002B77
:10EE400005D1054B01225A700020FFF7ADFF00BF2E
:10EE500003B05DF804FB00BF2C3E002000B585B078
:10EE6000034600918DF807309DF80730032B29D019
:10EE7000032B2CDC002B02D0012B04D027E0002038
:10EE8000FFF7E8FE24E000238DF80F300DF10F03AB
:10EE9000184603F01BFB104B1B7883F00103DBB219
:10EEA000002B01D0FFF716FF0B4BDB6801330A4A3A
:10EEB000D360094B01229A709DF80F30184603F079
:10EEC0000FFB05E000F0BCF9FFF74EFF00E000BFCC
:10EED00000BF05B05DF804FB2C3E002000B589B0F2
:10EEE00001900091009B0793019B1B788DF80830DF
:10EEF000019B5B680393019B9B68DBB28DF810302C
:10EF0000019BDB680593019B1B69DBB28DF8183010
:10EF1000074A079B52F823300649079A51F82210F6
:10EF200002AA1046984700BF09B05DF804FB00BF75
:10EF3000403E0020483E002010B58AB00390029168
:10EF400001920093039B1B7809932249099B019A24
:10EF500041F823202049099B009A41F823200023EF
:10EF600008931E4B04AC0FCB84E80F00029B1B7868
:10EF70008DF81030029B5B788DF81130029B9B78E6
:10EF80008DF81230029BDB788DF81330029B1B79D1
:10EF90008DF81530029B5B798DF81630029B9B68CB
:10EFA0000693029B1B7B8DF81C30029B5B7B8DF8CC
:10EFB0001D30039B181D019B002B01D0084A00E067
:10EFC0000022099B04A901F079FB0890089B1846D0
:10EFD0000AB010BD403E0020483E00208C7902005F
:10EFE000DDEE010082B003468DF807309DF9073051
:10EFF000002B0CDB9DF8073003F01F0205499DF93B
:10F0000007305B09012000FA02F241F8232000BF1B
:10F0100002B0704700E100E082B0034600918DF835
:10F0200007309DF90730002B0ADB009BDAB20C4950
:10F030009DF907305201D2B20B4483F800230BE054
:10F04000009BDAB207499DF8073003F00F03043B39
:10F050005201D2B20B441A7600BF02B0704700BF13
:10F0600000E100E000ED00E082B00190019B1B0B8D
:10F070005BB2184602B0704700B583B003460A463B
:10F080008DF8073013468DF806309DF806209DF95F
:10F09000073011461846FFF7BFFF00BF03B05DF809
:10F0A00004FB00B583B003468DF807309DF90730A7
:10F0B0001846FFF797FF00BF03B05DF804FB0000A0
:10F0C00082B003468DF807300F4A9DF90730002BB8
:10F0D00000DA1F335B115BB252F823209DF9073031
:10F0E000594203F01F0301F01F0158BF4B425BB2AE
:10F0F00022FA03F303F00103002B14BF01230023C2
:10F10000DBB2184602B0704700E100E082B0019027
:10F110004FF08042019BC2F8083300BF02B0704735
:10F1200082B003468DF807309DF8073003F1804325
:10F1300001221A6000BF02B0704784B00346ADF8E8
:10F140000630BDF8063003F1804300221A60BDF896
:10F15000063003F180431B680393039B00BF04B098
:10F16000704782B00346ADF80630BDF8063003F1B3
:10F1700080431B68002B14BF01230023DBB2184619
:10F1800002B0704782B001904FF08042019BC2F8FC
:10F19000183500BF02B070474FF08043D3F81834E1
:10F1A0001B0C03F00103002B14BF01230023DBB26F
:10F1B0001846704700B583B006238DF807304FF02E
:10F1C0008040FFF751FF03461846FFF779FF0346DB
:10F1D00083F00103DBB2002B13D04FF08040FFF728
:10F1E00043FF03461A469DF8073019461046FFF7BD
:10F1F00043FF4FF08040FFF737FF03461846FFF705
:10F2000050FF00BF03B05DF804FB000084B0019024
:10F2100000230393094B1B79002B02D08523039312
:10F2200008E0064B00225A71044A019B1360034B0D
:10F2300001221A71039B184604B07047503E00200B
:10F2400008B5FFF7B7FF0020FFF79CFF00BF08BD20
:10F2500008B50220FFF75AFF4FF48270FFF76DFFE9
:10F260000C20FFF75DFF00BFFFF796FF0346002B62
:10F27000FAD100BF00BF08BD08B54FF48070FFF79A
:10F2800070FF0346002B0AD04FF48070FFF755FF44
:10F290000120FFF73BFF1F4B1B68002098474FF4EE
:10F2A0008270FFF75EFF0346002B0AD04FF4827096
:10F2B000FFF743FF0220FFF729FF164B1B680120D1
:10F2C00098474FF48870FFF74CFF0346002B0AD095
:10F2D0004FF48870FFF731FF1020FFF717FF0D4B39
:10F2E0001B68022098474FF48670FFF73AFF0346E9
:10F2F000002B0DD04FF48670FFF71FFF0820FFF79B
:10F3000005FF044B00225A71024B1B6803209847EB
:10F3100000BF08BD503E002082B003468DF8073084
:10F320009DF90730002B0CDB9DF8073003F01F021E
:10F3300005499DF907305B09012000FA02F241F806
:10F34000232000BF02B0704700E100E082B0034616
:10F3500000918DF807309DF90730002B0ADB009BE8
:10F36000DAB20C499DF907305201D2B20B4483F84E
:10F3700000230BE0009BDAB207499DF8073003F049
:10F380000F03043B5201D2B20B441A7600BF02B005
:10F39000704700BF00E100E000ED00E082B00190A6
:10F3A000019B1B0B5BB2184602B0704700B583B0DF
:10F3B00003460A468DF8073013468DF806309DF84F
:10F3C00006209DF9073011461846FFF7BFFF00BF22
:10F3D00003B05DF804FB00B583B003468DF8073039
:10F3E0009DF907301846FFF797FF00BF03B05DF89F
:10F3F00004FB00B583B00346ADF80630BDF8063017
:10F40000184600F026F803461B68012B0CBF0123A9
:10F410000023DBB2184603B05DF804FB00B585B0ED
:10F420000346ADF80630BDF80630184600F011F876
:10F4300003461A4600231360BDF80630184600F054
:10F4400008F803461B680393039B00BF05B05DF8F3
:10F4500004FB82B00346ADF80630BDF8063003F178
:10F46000804303F5C043184602B0704782B0019054
:10F47000034A019BC2F8043300BF02B0704700BFCB
:10F480000060004082B00190034BD3F80423019B3D
:10F490001340184602B070470060004082B00190EF
:10F4A000084A019B03F5A27352F82330054943F043
:10F4B0000102019B03F5A27341F8232000BF02B0B3
:10F4C000704700BF0060004084B003900291134673
:10F4D0008DF80730144A039B03F5A27352F82330CA
:10F4E000114923F4473323F44073039A02F5A272BF
:10F4F00041F822300C4A039B03F5A27352F82320F3
:10F50000029B1B0203F4F8519DF807301B0403F41F
:10F5100040330B4304491A43039B03F5A27341F89C
:10F52000232000BF04B070470060004082B001900B
:10F53000054A019B03F5A27352F823301B0A03F01E
:10F540001F03184602B070470060004082B001906F
:10F55000064A019B03F5A27352F823301B0C03F0FB
:10F560000303DBB2184602B0704700BF00600040E2
:10F5700082B001904FF0A043184602B0704700B52A
:10F5800085B00190084611461A4603468DF80330AF
:10F590000B468DF8023013468DF8013001AB18464A
:10F5A000FFF7E6FF03909DF803209DF802305B0013
:10F5B0001A439DF801309B001A439DF818301B0236
:10F5C00042EA03019DF81C301B04019A1943039B76
:10F5D00002F5E07243F8221000BF05B05DF804FBAD
:10F5E00000B585B003900B468DF80B309DF80B30BD
:10F5F0000022019200220092002200210398FFF7CE
:10F60000BEFF00BF05B05DF804FB00B585B00190FA
:10F6100001AB1846FFF7ACFF0390019A039B02F57C
:10F62000E07253F8223023F002030293019A039B05
:10F6300002F5E072029943F8221000BF05B05DF8B0
:10F6400004FB00B585B001900B468DF8033001AB8B
:10F650001846FFF78DFF0390019A039B02F5E072B5
:10F6600053F82230019A23F44031039B02F5E072F3
:10F6700043F82210019A039B02F5E07253F822101E
:10F680009DF803301B04019A1943039B02F5E072B5
:10F6900043F8221000BF05B05DF804FB00B585B04B
:10F6A000019001AB1846FFF763FF0390039800F049
:10F6B00020F80246019B22FA03F303F001031846E7
:10F6C00005B05DF804FB00B585B0019001AB1846AC
:10F6D000FFF74EFF0390019A039B02F5E07253F887
:10F6E00022301B0C03F00303DBB2184605B05DF8B3
:10F6F00004FB82B00190019BD3F81035184602B08C
:10F70000704786B00390029101924FF0A04304939A
:10F71000039B059319E0059B9B0018336B4453F83A
:10F72000083CD3F82025019B1A60059B9B001833E9
:10F730006B4453F8083C019A1268C3F82025019BDA
:10F7400004330193059B01330593039A029B1344F1
:10F75000059A9A42DFD300BF00BF06B0704700B5DC
:10F7600085B0019001AB1846FFF702FF0390019BA3
:10F77000012202FA03F31A46039BC3F8202500BFB7
:10F7800005B05DF804FB84B00190019B5B09029316
:10F7900000230393029B002B03D14FF0FF3303930D
:10F7A00000BF019B03F01F030193039A019B22FA00
:10F7B00003F303F00103002B14BF01230023DBB28A
:10F7C000184604B0704784B001900091009B0393E9
:10F7D000019BDB080293019B03F0070301930122C5
:10F7E000019B02FA03F30399029A0A441278134028
:10F7F000184604B0704784B001900091009B0393B9
:10F80000019BDB080293019B03F007030193039A1A
:10F81000029B13441B785AB20121019B01FA03F3A6
:10F820005BB2134359B2039A029B1344CAB21A70D3
:10F8300000BF04B07047000082B001900C4A019BE9
:10F840001344303393F90030002B09DB084A019B45
:10F850001344303393F90030072B01DC012300E01F
:10F86000002303F00103DBB2184602B0704700BF6B
:10F87000583E002082B00190064A019B1344303369
:10F8800093F90030072BCCBF01230023DBB21846CD
:10F8900002B07047583E002082B00190064A019B9A
:10F8A0001344303393F90030DB43DBB2DB09DBB2C6
:10F8B000184602B0704700BF583E002084B0039045
:10F8C000029101928DF80330029B59B20E4A039BBC
:10F8D000134430330A461A700B49029B019A41F8CF
:10F8E00023209DF8033083F00103DBB2002B08D006
:10F8F000029B083B039A51B2034A13440A4683F819
:10F90000502000BF04B07047583E002082B00190E4
:10F91000044A019B13443033FF221A7000BF02B027
:10F92000704700BF583E002000B583B001900449E5
:10F930000198FFF760FF00BF03B05DF804FB00BF54
:10F94000AC3E002082B00190044A019B1344303346
:10F9500093F90030184602B0704700BF583E0020AF
:10F9600082B00190034A019B52F82330184602B03E
:10F97000704700BF583E002084B00190074A019BA9
:10F980001344503393F900308DF80F309DF80F3049
:10F9900023F0C003184604B0704700BF583E002053
:10F9A00084B00190074A019B1344503393F900300F
:10F9B0008DF80F309DF80F309B09DBB2184604B06C
:10F9C000704700BF583E002000B589B003900291F7
:10F9D00013468DF80730FF238DF81F309DF8073050
:10F9E000002B01D0002300E0082305939DF8073089
:10F9F000002B01D0082300E00C230493059B069301
:10FA000014E00F4A069B52F82330B3F1FF3F0AD1AE
:10FA10009DF80730029A06990398FFF74FFF069B5F
:10FA20008DF81F3006E0069B01330693069A049B6F
:10FA30009A42E6D39DF91F30184609B05DF804FBE1
:10FA4000583E002082B003468DF807309DF80730FD
:10FA5000094A4FF0FF3142F823109DF80730072B79
:10FA600007D99DF80730083B034A1344FF2283F867
:10FA7000502000BF02B07047583E002000B583B050
:10FA80002D4B93F85830002B03D008230093009B94
:10FA90004EE000238DF8073011E09DF8073018463E
:10FAA000FFF771FE0346002B04D09DF8073018467F
:10FAB000FFF72CFF9DF8073001338DF807309DF8D4
:10FAC00007301F2BE9D900238DF8073009E09DF896
:10FAD00007301846FFF7B6FF9DF8073001338DF861
:10FAE00007309DF807300B2BF1D904220021134871
:10FAF00007F01CF91248FFF751FC0346062118468F
:10FB0000FFF754FC0E48FFF749FC03461846FFF781
:10FB100062FC4FF4BE70FFF781FC4FF00040FFF72E
:10FB2000A5FC054B012283F8582000230093009B7D
:10FB3000184603B05DF804FB583E0020AC3E0020A0
:10FB40000060004000B587B003900291019200234D
:10FB500005930398FFF7A0FE0346002B02D008236D
:10FB6000059358E0029B9B78C3F34003DBB21A462F
:10FB700001990398FFF728FF03468DF813309DF98C
:10FB80001330B3F1FF3F44D0029B9B78C3F3800353
:10FB9000DBB283F00103DBB2002B13D0029B9B7816
:10FBA00003F00103DBB2002B03D00398FFF72DFD18
:10FBB00005E0029B5B7819460398FFF711FD039857
:10FBC000FFF7B2FE029B9B7803F00203DBB2002B2F
:10FBD00008D09DF91300029B1B781A460399FFF782
:10FBE00073FC18E09DF91330083B0D4A134493F958
:10FBF0005010029B1B785BB29B015AB29DF91330E7
:10FC0000083B0A4351B2064A13440A4683F850207F
:10FC100001E004230593059B184607B05DF804FB3B
:10FC2000583E002000B589B001900B468DF8033096
:10FC30000198FFF71FFE0346002B2AD00198FFF71B
:10FC400081FE0346083B1846FFF7AAFE03468DF8DF
:10FC50000F309DF80F30032B0BD10198FFF71EFDDD
:10FC60000346002B01D0032300E002238DF81F3050
:10FC700008E09DF80F30012B01D1022300E003239F
:10FC80008DF81F309DF81F3019460198FFF7D9FCF9
:10FC900030E00198FFF7D0FD0346002B2AD00198F1
:10FCA000FFF750FE03460693069B9BB240339BB280
:10FCB0009B00ADF81630069B1846FFF7EFFBBDF82A
:10FCC00016301846FFF7AAFB9DF80330002B11D021
:10FCD0000198FFF737FE03461846FFF741FE0490F0
:10FCE000049B002B06D00122069B02FA03F3184660
:10FCF000FFF7BCFB00BF09B05DF804FB00B585B0A1
:10FD00000190019A01210020FFF7FBFC00230393DF
:10FD10000BE0039B9B00019A13441B68002B01D04E
:10FD2000012306E0039B01330393039B002BF0D0D8
:10FD30000023184605B05DF804FB000000B587B04D
:10FD40000190002305935BE0344A059B1344503334
:10FD500093F90030B3F1FF3F4ED00598FFF70CFE4A
:10FD6000049001990498FFF72EFD0346002B44D020
:10FD70000598FFF715FE03468DF80F300498FFF73E
:10FD8000A2FC03468DF80E309DF80E30022B01D1F7
:10FD9000032300E002238DF80D309DF80D30194645
:10FDA0000498FFF74EFC0498FFF7D9FC0498FFF77E
:10FDB000C9FD03461846FFF7D3FD0290029B002BB6
:10FDC0001BD09DF80F30032B0FD09DF80E30022B67
:10FDD00003D19DF80F30012B07D09DF80E30032B77
:10FDE0000BD19DF80F30022B07D19DF80F20029BFD
:10FDF00011460498984700E000BF059B0133059326
:10FE0000059B032BA0D90198FFF778FF0346002B31
:10FE100097D100BF00BF07B05DF804FB583E00203B
:10FE200000B589B000230693002300934FF480733C
:10FE3000ADF81230012307930023059321E0BDF8AC
:10FE400012301846FFF7D5FA0346002B0ED007985C
:10FE5000FFF718FB0346002B08D0BDF812301846F8
:10FE6000FFF7DCFA069A079B13430693079B5B0098
:10FE70000793BDF812300433ADF81230059B0133FF
:10FE80000593059B072BDAD94FF4BE70FFF7B1FA43
:10FE90000346002B0DD04FF4BE70FFF7BFFA069B50
:10FEA00043F0004306936B461A4601210020FFF7FA
:10FEB00028FC069BDBB2002B29D0012307930023EB
:10FEC000059321E0079A069B1340002B16D0059856
:10FED000FFF72CFB03900598FFF738FB03468DF8DE
:10FEE0000B300598FFF73CFD0190019B002B05D0DE
:10FEF0009DF80B20019B114603989847079B5B00D8
:10FF00000793059B01330593059B072BDAD9069BC5
:10FF1000002B03DA6B461846FFF710FF00BF09B04D
:10FF20005DF804FB08B5024B1B68984708BD00BF8D
:10FF3000B43E002082B00190019B044A934201D15B
:10FF4000034B00E00023184602B070470020004039
:10FF5000B43E002000B587B0019000910198FFF7F2
:10FF6000E9FF0490049B002B25D000238DF8173067
:10FF700000238DF80B300DF10B03184602F0A6FAA2
:10FF8000049B1B79002B03D001238DF8173005E06B
:10FF9000049B009A1A60049B01221A719DF80B3091
:10FFA000184602F09DFA9DF81730002B03D011235C
:10FFB0000393039B02E000230393039B184607B0BF
:10FFC0005DF804FB82B003468DF807309DF80730DA
:10FFD00003F1804303F5E04301221A6000BF02B041
:10FFE000704782B00346ADF80630BDF8063003F125
:10FFF000804303F5E0431B68002B14BF012300235B
:020000022000DC
:10000000DBB2184602B0704784B00346ADF8063044
:10001000BDF8063003F1804303F5E04300221A6087
:10002000BDF8063003F1804303F5E0431B680393FA
:10003000039B00BF04B0704782B001900091054A55
:10004000019BC2F82C36034A009BC2F8303600BF31
:1000500002B070470070004000B58FB04FF482705E
:10006000FFF7BFFF0346002B46D04FF48270FFF727
:10007000CBFF8E4B93F82E3083F00103DBB2002BC5
:1000800004D18A4B93F82F30002B35D000238DF804
:100090001C30864B5B680893844B1B899BB2ADF880
:1000A0002430824BDB68002B03D1804B00221A7472
:1000B00019E07E4B1A8B7D4B5A837C4BDB687B4A65
:1000C00053607A4B1A8B794B1A81784B0022DA6095
:1000D000764B93F82E3083F00103DBB2002B02D075
:1000E0000020FFF76FFF714B1B6807AA1046984767
:1000F0006E4B002283F82F206C4B93F82E30002B90
:100100005ED04FF48070FFF76CFF0346002B57D092
:100110004FF48070FFF778FF644B5B8B634A92F873
:100120002D2093421BD9614B5B8B604A92F82D20A6
:100130009B1A9AB25D4B5A835C4B5A685B4B1B8986
:100140009BB21946594B5B8BCB1A5B001344574A41
:1001500092F82D2011461846FFF76EFF29E0534B09
:100160005B8B524A92F82D20934214D14F4BDB689F
:10017000002B10D04D4B012283F82F204B4B002237
:100180005A834A4BDB68494A92F82D20114618469B
:10019000FFF752FF0DE0454B5B8B444A92F82D2050
:1001A000934206D1414B012283F82F203F4B00227E
:1001B0005A834FF48270FFF727FF0420FFF702FFF6
:1001C0004FF48870FFF70DFF0346002B0ED04FF45D
:1001D0008870FFF719FF354B00221A7402238DF83F
:1001E0001030324B1B6804AA104698474FF48A70AF
:1001F000FFF7F7FE0346002B07D04FF48A70FFF796
:1002000003FF2A4B00221A744CE0284B5B690D93C4
:1002100045E00D9B0A930A9B002B01D1202303E0AC
:100220000A9BB3FA83F3DBB20C934FF000420C9BB2
:1002300022FA03F3DB430D9A13400D930C9B9BB200
:1002400046339BB29B00ADF82E30BDF82E301846D9
:10025000FFF7C7FE0346002B21D0BDF82E3018460D
:10026000FFF7D2FE01238DF80430BDF82E30A3F540
:100270008C73DB08DBB28DF80830BDF82E30A3F5A7
:100280008C7303F00403002B0CBF01230023DBB2AB
:100290008DF80930054B1B6801AA104698470D9B45
:1002A000002BB6D100BF0FB05DF804FBBC3E0020B0
:1002B00082B003468DF807309DF90730002B0CDB28
:1002C0009DF8073003F01F0205499DF907305B09CF
:1002D000012000FA02F241F8232000BF02B070476B
:1002E00000E100E082B0034600918DF807309DF9EF
:1002F0000730002B0ADB009BDAB20C499DF907306E
:100300005201D2B20B4483F800230BE0009BDAB217
:1003100007499DF8073003F00F03043B5201D2B2A6
:100320000B441A7600BF02B0704700BF00E100E046
:1003300000ED00E082B00190019B03F06043B3F157
:10034000005F0CBF01230023DBB2184602B07047E8
:1003500082B00190019B1B0B5BB2184602B0704744
:1003600000B583B003460A468DF8073013468DF872
:1003700006309DF806209DF9073011461846FFF714
:10038000B1FF00BF03B05DF804FB00B583B00346C6
:100390008DF807309DF907301846FFF789FF00BF39
:1003A00003B05DF804FB82B001900B468DF803307A
:1003B0009DF80330019A134401221A6000BF02B075
:1003C000704784B001900B46ADF80230BDF80230A2
:1003D000019A134400221A60BDF80230019A1344B6
:1003E0001B680393039B00BF04B0704782B0019069
:1003F0000B46ADF80230BDF80230019A13441B6879
:10040000002B14BF01230023DBB2184602B0704753
:1004100082B001900091019B009AC3F8042300BFB1
:1004200002B0704782B001900091019B009AC3F81E
:10043000082300BF02B0704782B00190019B0722E1
:10044000C3F8002500BF02B0704784B0039002914A
:1004500001920093039B029AC3F80825039B019A1B
:10046000C3F80C25039B009AC3F8102500BF04B005
:10047000704782B001900091009A019BC3F8242537
:1004800000BF02B0704784B0039002910192029ABB
:10049000039BC3F84425039B019AC3F8482500BF7A
:1004A00004B0704784B0039002910192029A039BBA
:1004B000C3F83425039B019AC3F8382500BF04B064
:1004C000704784B001900B468DF8033013468DF8C9
:1004D00002309DF80230002B14BF01230023DBB251
:1004E00003939DF80330032B10D0032B13DC012B57
:1004F00002D0022B05D00EE0039B43F002030393CE
:100500000AE0039B43F00403039305E0039B43F0DD
:100510000603039300E000BF019B039AC3F8542530
:1005200000BF04B0704782B001900B468DF80330D5
:100530009DF80320019BC3F8C02500BF02B070479F
:1005400082B00190019B0122C3F8502500BF02B088
:10055000704782B00190019B0022C3F8502500BF74
:1005600002B0704782B00190019B0122C3F8402580
:1005700000BF02B0704782B00190019B0022C3F817
:10058000402500BF02B0704782B001904FF0A043F9
:10059000184602B0704700B585B001900846114674
:1005A0001A4603468DF803300B468DF80230134689
:1005B0008DF8013001AB1846FFF7E6FF03909DF878
:1005C00003209DF802305B001A439DF801309B0028
:1005D0001A439DF818301B0242EA03019DF81C30B3
:1005E0001B04019A1943039B02F5E07243F82210A1
:1005F00000BF05B05DF804FB00B585B00390002393
:100600000193032300930023012201210398FFF7A4
:10061000C2FF00BF05B05DF804FB00B585B00390D4
:100620000B468DF80B309DF80B3000220192002212
:100630000092002200210398FFF7ADFF00BF05B034
:100640005DF804FB00B585B0019001AB1846FFF7DB
:100650009BFF0390019B012202FA03F319460398C2
:1006600000F018F800BF05B05DF804FB00B585B0D8
:10067000019001AB1846FFF787FF0390019B012211
:1006800002FA03F31946039800F00EF800BF05B014
:100690005DF804FB82B001900091019B009AC3F8C1
:1006A000082500BF02B0704782B001900091019B05
:1006B000009AC3F80C2500BF02B0704700B58DB09A
:1006C0000590049103920293059B1B791A461346E9
:1006D000DB0013449B00664A13440A930A9B1B7F6A
:1006E000002B03D008230793079BBDE0059B1B68E5
:1006F0000993059B1A68059B1B7919465D4B53F8B6
:10070000213019461046FFF725FC0346002B03D085
:1007100011230793079BA7E00A9B039A1A600A9B81
:10072000029A5A60049B1B7B012B05D8049B1B7803
:100730001846FFF79BFF04E0049B1B781846FFF761
:1007400081FF049B1B78184600230193002300932C
:10075000002300220121FFF71EFF049B5B78FF2B83
:1007600009D0049B5B780B930B98FFF77FFF0B98E6
:10077000FFF742FF02E04FF0FF330B93049B9B789F
:10078000FF2B07D0049B9B78089301210898FFF763
:1007900044FF02E04FF0FF330893049B9A780A9BD2
:1007A00083F82020049BDA780A9BDA77049BDB78B5
:1007B000FF2B17D0049B1B79002B05D0049BDB7803
:1007C0001846FFF753FF04E0049BDB781846FFF759
:1007D00039FF049BDB781846FFF70EFF049B1A795C
:1007E0000A9B9A77049B1B781946089B0B9A0998D9
:1007F000FFF72BFE049B9B6819460998FFF739FE0B
:10080000049B197B049B5B7B1A460998FFF759FEF2
:10081000049B9B7919460998FFF785FE0998FFF715
:100820000BFE0A9B1B68002B15D0059B1B68184606
:10083000FFF78EFD03461A46049B5B791946104666
:10084000FFF78EFD059B1B681846FFF781FD0346E9
:100850001846FFF79AFD0A9B00225A770A9B01224D
:100860001A7700230793079B18460DB05DF804FB29
:10087000EC3E0020C079020000B583B00190019BDE
:10088000DB7FFF2B0ED0019B9B7F002B05D0019BB4
:10089000DB7F1846FFF7EAFE04E0019BDB7F18468A
:1008A000FFF7D0FE019B00225A77019B00221A72AB
:1008B000019B1B68019A02F10800019A52681146D7
:1008C000984700BF03B05DF804FB00B583B001900A
:1008D0000B468DF803309DF8033083F00103DBB243
:1008E000002B04D040210198FFF79CFD03E040213C
:1008F0000198FFF78DFD00BF03B05DF804FB00B564
:1009000083B001900091009B03F00103002B03D002
:100910000198FFF715FE02E00198FFF71AFE009B11
:1009200003F00203002B03D00198FFF71BFE02E047
:100930000198FFF720FE00BF03B05DF804FB00B58F
:1009400087B00390029101920093019B1B68002BDA
:100950000AD0019B1B681846FFF7ECFC034683F0A6
:100960000103DBB2002B0ED1019B9B68002B11D041
:10097000019B9B681846FFF7DDFC034683F00103EB
:10098000DBB2002B06D0029B00225A77102305937E
:10099000059B54E0019B1968019B5B681A4603980C
:1009A000FFF771FD019B9968019BDB681A4603986C
:1009B000FFF778FD4FF48C710398FFF702FD009963
:1009C0000398FFF79CFF009B03F00803002B03D163
:1009D00010210398FFF7E7FC029B1B68002B1FD137
:1009E00000BF4FF48C710398FFF700FD034683F0BE
:1009F0000103DBB2002BF4D1029BDB7FFF2B1BD06A
:100A0000029B9B7F002B05D0029BDB7F1846FFF7E4
:100A10002DFE11E0029BDB7F1846FFF713FE0BE073
:100A2000009B03F00403002B0CBF01230023DBB267
:100A300019460398FFF749FF00230593059B1846C5
:100A400007B05DF804FB000010B586B0039002917A
:100A50000192039B1B791A461346DB0013449B004B
:100A60001F4A1344049300230593049B5B7FDBB26E
:100A7000002B03D011230593059B2EE0049B1B68DC
:100A8000002B07D0019B03F01403002B02D1049B21
:100A900001225A77049B029A03F10C0413460FCBF0
:100AA00084E80F00049BDB7FFF2B0ED0049B9B7F11
:100AB000002B05D0049BDB7F1846FFF7C3FD04E045
:100AC000049BDB7F1846FFF7D1FD039B1868019B51
:100AD000029A0499FFF733FF0346184606B010BD8B
:100AE000EC3E002000B583B0019000914FF48C7172
:100AF0000198FFF77BFC0346002B07D04FF48C7165
:100B00000198FFF75EFC0098FFF7B6FE00BF03B048
:100B10005DF804FB08B503494FF04020FFF7E2FF02
:100B200000BF08BDEC3E002082B001900B468DF85E
:100B300003309DF80330019A134401221A6000BF6C
:100B400002B0704784B001900B46ADF80230BDF89A
:100B50000230019A134400221A60BDF80230019A53
:100B600013441B680393039B00BF04B0704782B01B
:100B700001900B46ADF80230BDF80230019A1344E3
:100B80001B68002B14BF01230023DBB2184602B000
:100B9000704782B001900091019B009AC3F8042332
:100BA00000BF02B0704782B00190019B0522C3F8DC
:100BB000002500BF02B0704782B00190019B002267
:100BC000C3F8002500BF02B0704784B00190019BBC
:100BD000D3F8C4340393019B039AC3F8C424039B42
:100BE000184604B0704782B00190019BD3F81835C5
:100BF000DBB2184602B0704782B001900B468DF808
:100C000003309DF80320019BC3F81C2500BF02B0F0
:100C1000704782B001900091019B009AC3F80022B6
:100C200000BF02B0704784B0019003230393019B7F
:100C300003F00103002B02D04FF402430393019B06
:100C400003F00203002B02D048F201230393019B1F
:100C500003F00403002B02D048F202230393039B0A
:100C6000184604B0704700B583B001900091009B16
:100C70005A6B009B9B6A9A4207D00198FFF79CFF32
:100C80000198FFF790FF002300E00123184603B00E
:100C90005DF804FB00B583B001900091009B5A6B96
:100CA000009B9B6A9A420AD2009B5A6A009B5B6B2C
:100CB00013441B7819460198FFF79EFF1EE0009B26
:100CC00093F82C30002B05D01C210198FFF72CFF46
:100CD000002314E0009B1B6A03F04003002B09D0A3
:100CE0001C210198FFF720FF009B012283F82D2093
:100CF000002304E014210198FFF716FF0123184692
:100D000003B05DF804FB10B582B001900091009B28
:100D10005A6B009B9B6A9A4244D2009B5A6A009B82
:100D20005B6BD4180198FFF75EFF03462370009BAE
:100D30005B6B5A1C009B5A63009B5A6B009B9B6A1F
:100D4000013B9A420AD1009B1B6A03F04003002B2F
:100D500004D102210198FFF75CFF1FE0009B5A6B52
:100D6000009B9B6A9A4207D1009B1B6A03F04003D9
:100D7000002B01D1012316E0009B5A6B009B9B6A5C
:100D80009A420BD1009B1B6A03F04003002B05D055
:100D9000009B022283F82D20002304E020210198EB
:100DA000FFF7C2FE0123184602B010BD00B585B0A2
:100DB0000190009100238DF80F304FF4827101985B
:100DC000FFF7D5FE0346002B07D04FF48271019840
:100DD000FFF7B8FE01238DF80F30009B93F82F30FA
:100DE000002B0FD04FF492710198FFF7ABFE4FF438
:100DF0008E710198FFF7A6FE4FF484710198FFF7FA
:100E0000A1FE78E04FF492710198FFF7B0FE03461F
:100E1000002B0DD04FF492710198FFF793FE14212F
:100E20000198FFF781FE009B012283F82F2062E0EA
:100E30004FF48E710198FFF79AFE0346002B2BD0DA
:100E40004FF48E710198FFF77DFE009B5B6B5A1C7F
:100E5000009B5A634FF492710198FFF788FE034696
:100E6000002B0DD04FF492710198FFF76BFE142107
:100E70000198FFF759FE009B012283F82F203AE0EA
:100E800000990198FFF706FF034683F00103DBB2E8
:100E9000002B30D0002354E04FF484710198FFF709
:100EA00066FE0346002B26D04FF484710198FFF7AD
:100EB00049FE4FF492710198FFF759FE0346002B4B
:100EC0000DD04FF492710198FFF73CFE1421019868
:100ED000FFF72AFE009B012283F82F200BE00099E8
:100EE0000198FFF710FF034683F00103DBB2002BEC
:100EF00001D0002325E09DF80F30002B20D0009B6F
:100F0000002283F82D20009B93F82F3083F00103FB
:100F1000DBB2002B12D000990198FFF7A4FE034624
:100F2000002B14BF01230023DBB283F00103DBB2EB
:100F300003F00103DAB2009B83F82F20002300E0C6
:100F40000123184605B05DF804FB000000B587B02A
:100F50000190009100230593384B03934FF4827165
:100F60000198FFF7EFFD4FF492710198FFF7EAFD4A
:100F70004FF48E710198FFF7E5FD4FF484710198ED
:100F8000FFF7E0FD00210198FFF743FE009B0022E0
:100F90005A63009B002283F82F2020210198FFF73D
:100FA000C3FD009B93F82D30012B03D0082101983D
:100FB000FFF7BAFD00990198FFF76CFE009B1B68D4
:100FC000002B0DD0009B40F286229A60009B9B680C
:100FD00019460198FFF7DDFD2AE0039B013B0393CF
:100FE000039B002B06DD00990198FFF7DFFE034607
:100FF000002BF2D1009B93F82F30002B0DD00198DD
:10100000FFF7E3FD0490049B002B04D00498FFF746
:101010000AFE059001E003230593039B002B07DCE8
:101020000198FFF7C9FD0198FFF7BDFD0323059364
:10103000059B184607B05DF804FB00BFA0860100C1
:1010400000B587B001900091002305933D4B0393B9
:101050004FF482710198FFF775FD4FF4927101987A
:10106000FFF770FD4FF48E710198FFF76BFD4FF4A1
:1010700084710198FFF766FD009B00225A63009B74
:10108000002283F82F20009B9B6A012B0AD1009B32
:101090001B6A03F04003002B04D102210198FFF7E3
:1010A000B8FD03E001210198FFF7B3FD202101986D
:1010B000FFF73AFD009B93F82D30022B03D000215F
:1010C0000198FFF731FD009B1B68002B0DD0009BA2
:1010D00040F286229A60009B9B6819460198FFF7B0
:1010E00058FD2AE0039B013B0393039B002B06DD85
:1010F00000990198FFF75AFE0346002BF2D1009B9E
:1011000093F82F30002B0DD00198FFF75EFD04906F
:10111000049B002B04D00498FFF785FD059001E0A7
:1011200003230593039B002B07DC0198FFF744FD85
:101130000198FFF738FD03230593059B184607B078
:101140005DF804FBA086010030B58BB001900091E2
:1011500000990198FFF72AFE0346002B40F0868095
:10116000009B93F82F3083F00103DBB2002B33D0C8
:10117000009B1B7B022B03D0009B1B7B032B2BD1E3
:10118000009B5A6A009B9B699A4225D1009BDA69B1
:10119000009B5A62009B5A69009B9A62009B1B6AE3
:1011A00003F02003002B14BF01230023DAB2009BBD
:1011B00083F82C20009B002283F82D20009B1B7BB2
:1011C000032B04D100990198FFF7C0FE4FE000996E
:1011D0000198FFF735FF4AE0009B04AC03F10C05D2
:1011E0000FCD0FC42B682360009B93F82F30002B8A
:1011F00022D00198FFF7E9FC0990099B03F0020354
:10120000002B03D001238DF80C3018E0099B03F06C
:101210000403002B03D002238DF80C300FE0099B50
:1012200003F00103002B03D003238DF80C3006E0FC
:1012300004238DF80C3002E000238DF80C30009B65
:10124000002283F83020009B1B6A03F00403002B6C
:1012500004D0009B93F82F30002B08D0009B1B6814
:10126000009A516803AA1046984700E000BF0BB0EF
:1012700030BD000008B503490348FFF765FF00BF14
:1012800008BD00BF103F00200030004084B003467E
:10129000ADF80630BDF8063003F1804303F5803326
:1012A00000221A60BDF8063003F1804303F5803355
:1012B0001B680393039B00BF04B0704782B00346D2
:1012C000ADF80630BDF8063003F1804303F58033F6
:1012D0001B68002B14BF01230023DBB2184602B0A9
:1012E0007047000008B54FF48070FFF7E7FF034632
:1012F000002B06D0044B1B6898474FF48070FFF713
:10130000C5FF00BF08BD00BF4C3F002086B0039062
:101310000291019201238DF817309DF81730204A71
:10132000039B13601E4A029B53601D4A019B9360FE
:10133000039B44F20102934212D0039B44F2020247
:10134000934220D1019B164AD360154BDB681B6882
:10135000134A9361124BDB685B68114AD36112E058
:10136000019B0F4A13610E4B1B699B680C4A53612A
:101370000B4B1B691B680A4A9361094B1B695B682D
:10138000074AD36100BF72B600BF00BF9DF8173097
:10139000DBB2002BFAD162B600BF00BF06B07047C7
:1013A000503F002000B583B002900091019244F2BA
:1013B000010071466A4600F003F803B000BD00BFAB
:1013C00030B58BB007900691059272B600BF04F05D
:1013D0003FFB04F0FBF80346002BFAD1079B44F2D5
:1013E000020293422FD0079B44F20202934269D833
:1013F000079B44F20102934237D0079B44F201025B
:1014000093425FD8079B012B05D0079B41F2010255
:1014100093420CD056E0394A394BD31ADB081B04EF
:1014200043F001033749184604F046F857E0334AC1
:10143000334BD31ADB081B0443F00103324918462F
:1014400004F03AF84BE0059B09932C4A2C4BD31A35
:10145000DB081B0443F00100099B5B681A46099BEB
:101460001B682A4904F047F839E0059B0893234A92
:10147000234BD31ADB081B0443F00104089B9D682F
:10148000089B9B68184603F081FB03461846089B9F
:101490005B681946089B1B68069A029201930091AB
:1014A00003462A461A49204604F067F8134A144BAB
:1014B000D31ADB081B0443F001031649184603F056
:1014C000FBFF0CE00D4A0E4BD31ADB081B0443F064
:1014D0000103069A1049184603F0FCFF00BF0F4BAA
:1014E0001B6803F00103002B00D000BE059A06998B
:1014F0000798FFF70BFF00BF0BB030BD586E02001E
:10150000206E0200D8790200F87902001C7A0200ED
:10151000387A0200607A0200747A0200F0ED00E08E
:1015200082B00190019B03F00303002B0CBF012349
:101530000023DBB2184602B07047000082B00346B9
:101540008DF807309DF807309AB2064B1B889A42F7
:1015500004D29DF807300133DBB200E000231846C7
:1015600002B070477C3F002000B583B00B4B1B7866
:101570008DF807300A4B1B78DBB21846FFF7DEFF09
:1015800003461A469DF8073093420CBF01230023FF
:10159000DBB2184603B05DF804FB00BF783F0020C3
:1015A000793F002082B0084B1B788DF80730074B3D
:1015B0001B78DBB29DF807209A420CBF0123002361
:1015C000DBB2184602B07047783F0020793F002018
:1015D00000B585B003460092ADF806300B46ADF875
:1015E0000430BDF8043001339BB2DB00ADF80E309F
:1015F0000098FFF795FF034683F00103DBB2002B51
:1016000001D0072317E00E4A009B1360BDF80E308F
:10161000009A13440B4A13600B4B00221A700B4BB9
:1016200000221A700A4ABDF806301380094ABDF834
:10163000043013800023184605B05DF804FB00BF9A
:10164000703F0020743F0020793F0020783F002049
:101650007A3F00207C3F002000B587B003900B4606
:101660000192ADF80A30374B1B88BDF80A209A4228
:1016700060D84FF6FF73ADF8123000238DF81130AB
:101680000DF11103184600F021FFFFF76DFF03462F
:10169000002B0ED12C4B1B78DBB2ADF812302A4B4D
:1016A0001B78DBB21846FFF749FF03461A46264B64
:1016B0001A709DF81130184600F012FFBDF8123074
:1016C0004FF6FF72934232D0204B1A68BDF81230A9
:1016D000DB001344019A1A60039B002B1CD0BDF859
:1016E0000A30002B18D01A4B1B68BDF81220154980
:1016F000098801FB02F21344BDF80A200399184639
:1017000005F0E2FA114B1A68BDF81230DB00134401
:10171000BDF80A209A8007E00C4B1A68BDF8123019
:10172000DB00134400229A800023059304E0042385
:10173000059301E009230593059B184607B05DF862
:1017400004FB00BF7A3F0020793F0020703F00205B
:10175000743F0020002318467047000000B585B094
:101760002FE0204B1B78DBB2ADF80E301E4B1B6810
:10177000BDF80E201D49098801FB02F213440293B3
:101780001B4B1A68BDF80E30DB0013449B88ADF884
:101790000630174B1A68BDF80E30DB0013441B6887
:1017A0000093BDF80620009B1146029898470D4B08
:1017B0001B78DBB21846FFF7C1FE03461A46094BF9
:1017C0001A70FFF7C7FF034683F00103DBB2002B5B
:1017D00004D0FFF7E7FE0346002BC2D000BF05B0E0
:1017E0005DF804FB783F0020743F00207A3F002022
:1017F000703F002082B003468DF807309DF9073016
:10180000002B0CDB9DF8073003F01F0205499DF902
:1018100007305B09012000FA02F241F8232000BFE3
:1018200002B0704700E100E082B003468DF8073057
:101830009DF90730002B13DB9DF8073003F01F02E2
:1018400009499DF907305B09012000FA02F22033B3
:1018500041F82320BFF34F8F00BFBFF36F8F00BF4E
:1018600000BF02B0704700BF00E100E082B0034655
:101870008DF807309DF90730002B0DDB9DF8073000
:1018800003F01F0206499DF907305B09012000FAA9
:1018900002F2403341F8232000BF02B0704700BF7E
:1018A00000E100E082B003468DF807309DF9073073
:1018B000002B0DDB9DF8073003F01F0206499DF950
:1018C00007305B09012000FA02F2603341F823205F
:1018D00000BF02B0704700BF00E100E082B00346E5
:1018E00000918DF807309DF90730002B0ADB009B33
:1018F000DAB20C499DF907305201D2B20B4483F899
:1019000000230BE0009BDAB207499DF8073003F093
:101910000F03043B5201D2B20B441A7600BF02B04F
:10192000704700BF00E100E000ED00E000B585B0C9
:101930000190019B002B0AD0074B43F00103039356
:10194000019B9B010293039B0298984700E000BF14
:1019500005B05DF804FB00BF907A020000B583B0CB
:101960000190064A019BC2F8083506211120FFF7B5
:10197000B5FF00BF03B05DF804FB00BF00100140DD
:1019800008B50D4B4FF48032C3F844230A4B4FF493
:101990008032C3F804231120FFF784FF1120FFF7E2
:1019A00029FF054B01221A602F20FFF7BFFF034BD1
:1019B00001221A7000BF08BD001001409E400020A7
:1019C00008B51120FFF730FF0E4B4FF48032C3F8FB
:1019D00048230C4B4FF48032C3F80823094B0122F3
:1019E0005A602F20FFF7A2FF064B01229A60064B98
:1019F00000221A602F20FFF799FF044B00221A7073
:101A000000BF08BD00100140904000209E40002013
:101A1000024BD3F804351846704700BF0010014050
:101A200082B001900091019A009BD31A23F07F436A
:101A3000184602B07047000082B00190034A019B33
:101A4000C2F8403500BF02B0704700BF001001402F
:101A500086B00190284B1B68002B03D1264A019BBE
:101A6000136045E0019B1A68234B1B681B689A4270
:101A700010D8214B1B681968019B1A681E4B1B6804
:101A80008A1A1A601C4B1A68019BDA611A4A019B78
:101A900013602DE0019B1B680393174B1B68059394
:101AA000154B1B68049309E0049B1B68039AD31A27
:101AB0000393049B0593049BDB690493049B002B15
:101AC00004D0049B1B68039A9A42EDD8049B002B18
:101AD00005D0049B1A68039BD21A049B1A60019BD1
:101AE000039A1A60019B049ADA61059B019ADA61F4
:101AF00000BF06B0704700BF8C40002000B587B023
:101B000001902A4B1B680393284B1B680593059B88
:101B1000049308E0049A019B9A4208D0049B059321
:101B2000049BDB690493049B002BF3D100E000BF0E
:101B3000049B002B01D1002333E0059A049B9A42B9
:101B400014D11A4B1B68DB69184A1360174B1B68CA
:101B5000002B0BD1164B01229A60164B00221A6003
:101B6000154B01221A702F20FFF7E0FE049B1B6823
:101B70000293049BDA69059BDA61059BDB69049398
:101B8000049B002B05D0049B1A68029B1A44049BFB
:101B90001A60064B1B68039A9A4214BF0123002364
:101BA000DBB2184607B05DF804FB00BF8C40002094
:101BB00000100140904000209F40002008B51120F7
:101BC000FFF754FE00BF08BD08B51420FFF74EFE16
:101BD00000BF08BD00B583B00190019B5B69019A0D
:101BE00092691046984700BF03B05DF804FB0000FF
:101BF00000B585B02B4B1B68002B4ED00023019302
:101C0000FFF706FF0246284B1B6819461046FFF7F0
:101C100007FF0290234B1B6803931DE0039B1B6887
:101C2000029A9A421CD3039B1B68029AD31A02930E
:101C3000039B1B68019A13440193039B0093039B2E
:101C4000DB690393009B1B7C002B05D0009B0022CB
:101C50001A740098FFF7BEFF039B002BDED100E053
:101C600000BF124B1A78124B1B789A420CD1104BC2
:101C70001B780133DAB20E4B1A700D4B1B78022B16
:101C800002D10B4B00221A70094B1B781946094AE6
:101C9000019B42F82130FFF797FF00BF05B05DF8C8
:101CA00004FB00BF8C400020904000209C4000209E
:101CB0009D4000209440002082B00190184B1A787B
:101CC000184B1B789A4223D0154B1B780133DAB29C
:101CD000134B1A70124B1B78022B02D1104B0022AF
:101CE0001A700F4B1B781A460F4B53F82220019B9A
:101CF0001A60019B1A680D4B1B6813440B4A136052
:101D00000A4B1B6823F07F43084A1360012303E05A
:101D1000019B00221A600023184602B0704700BFE2
:101D20009C4000209D4000209440002090400020D6
:101D300088B00390029101920023079338E0204B72
:101D40001B680693069B1B68039A9A4206D2069B61
:101D50001A68039BD21A069B1A602EE0069B1B682A
:101D6000039AD31A0393069B1B68079A134407939D
:101D7000069B00221A60124B1B680593069BDB69C9
:101D80000F4A1360069BDB68002B11D0029A079B59
:101D9000134423F07F42069B5A60069BDA68069B39
:101DA0009A60019B1A68069BDA61019B059A1A608A
:101DB000034B1B68002BC2D100BF00BF08B07047A7
:101DC0008C40002000B589B0019000238DF81F30B1
:101DD000664B1B680593AAE0019B002B05D0019B75
:101DE0000693069BDB69019361E0614B1B781A4601
:101DF00013465B001344DB005D4A13440433049331
:101E00005B4B1B780133DAB2594B1A70584B1A7876
:101E1000574B9B789A4202D1554B00221A70049B73
:101E20005B680693049B1B78032B1ED0032B7EDC80
:101E3000012B1FD0022B7AD1049B5B681846FFF759
:101E40005DFE0346002B02D001238DF81F30069B58
:101E500000221A746BE0454B1B680393039B00221E
:101E60001A74039BDB69414A1360404B1B68002BCB
:101E7000F1D15CE000BF069B1B7C002B00D056E03C
:101E8000049B9A68069B5A60049BDA68069B9A60DA
:101E9000049B1A69069BDA60049B5A69069B9A6147
:101EA000344B1B78002B02D0069B00225A60069B05
:101EB0005A68314B1B68D31A23F07F432F4A934251
:101EC0000ED8069B5B682C4A126811461846FFF72D
:101ED000A7FD0246069B9B681A44069B1A6017E002
:101EE000254B1A68069B5B6819461046FFF798FD5C
:101EF0000290069B9B68029A9A4206D2069B9A68B9
:101F0000029BD21A069B1A6002E0069B00221A600E
:101F1000069B00225A60069B00229A60069B0122C3
:101F20001A74069B0022DA610698FFF791FD019B67
:101F3000002B7FF451AF0E4B1A780D4B5B789A4211
:101F40007FF44AAF9DF81F30002B04D1074B1B686C
:101F5000059A9A4201D0012300E0002303F0010317
:101F6000DBB2184609B05DF804FB00BF8C400020CE
:101F7000803F00209F40002090400020FEFF7F0017
:101F800010B588B00190274B1B68002B44D0254B1F
:101F90001B681B680793FFF73BFD0690224B1B68ED
:101FA000059305990698FFF73BFD03460333049319
:101FB0001E4B1B7883F00103DBB2002B01D0FFF72F
:101FC000DFFC049A079B934238BF1346059A1344DB
:101FD0000593059B23F07F4305930598FFF72CFDA0
:101FE000FFF716FD039006990398FFF719FD0346C6
:101FF000DC1C06990598FFF713FD03469C420DD99A
:10200000FFF706FD03461846FFF716FD2F20FFF7E2
:102010008DFCFFF7D3FD01E0FFF7D2FC00BF08B055
:1020200010BD00BF8C400020904000209E4000204A
:1020300000B587B00023019300238DF81730194BAA
:102040001B680493184B1B6803936B461846FFF7F5
:1020500033FE03468DF80B309DF80B30002B08D073
:10206000009B01AA04991846FFF762FE01238DF830
:102070001730019B1846FFF7A5FE0346002B02D040
:1020800001238DF817309DF81730002B02D00398EC
:10209000FFF776FF054B00221A7000BF07B05DF80E
:1020A00004FB00BF904000208C4000209F40002097
:1020B00082B003468DF80730034A9DF8073053700D
:1020C00000BF02B0704700BF803F002084B0019085
:1020D000144B5B7801338DF80F30124B9B789DF8D1
:1020E0000F209A4202D100238DF80F300D4B1B7840
:1020F0009DF80F209A4201D100230FE0019B9DF82B
:102100000F201A70074B5B781A4613465B00134486
:10211000DB00044A134404330293029B184604B0C4
:10212000704700BF803F002000B589B00390029146
:10213000019200930023079300238DF816300DF1D0
:102140001603184600F0C2F90DF117031846FFF701
:10215000BDFF0690069B002B02D10423079318E0D5
:10216000069B01221A70069B039A5A60FFF750FCE7
:102170000246069B9A60069B029ADA60069B019AC9
:102180001A61069B009A5A619DF817301846FFF7AE
:102190008FFF9DF81630184600F0A2F9079B002B20
:1021A00001D1FFF711FD079B184609B05DF804FB4C
:1021B00000B587B001900B468DF8033000230593DE
:1021C00000238DF80E300DF10E03184600F07EF955
:1021D0000DF10F031846FFF779FF0490049B002BC5
:1021E00002D1042305930BE0049B9DF803201A7091
:1021F000049B019A5A609DF80F301846FFF758FF6C
:102200009DF80E30184600F06BF9059B002B01D1AC
:10221000FFF7DAFC059B184607B05DF804FB0000E9
:1022200008B50E4B0022C3F840210C4B0022C3F826
:1022300044210A4B0022C3F84821084B0022C3F86E
:102240004C21064B0022C3F80021044B0022C3F8A6
:102250000421FFF7CDFC00BF08BD00BF0010014006
:1022600008B5FFF7E5FE00BF08BD000008B5FFF7A1
:10227000A7FB134B00221A70114B00225A70104B0F
:102280000B229A700F4B00221A600F4B00221A701B
:102290000E4B00221A701420FFF704FB06211420B5
:1022A000FFF71CFB1420FFF7A5FA0020FFF756FBF1
:1022B000FFF7AEFB0346064A13600023184608BD2D
:1022C000803F00208C4000209C4000209D4000204A
:1022D0009040002086B003900B4601928DF80B30A1
:1022E000134B9B78002B01D108231EE0019B002B90
:1022F00001D1072319E0039B002B01D1072314E030
:10230000039B1B681B7C002B01D008230DE0039B63
:102310001B680593059B00221A74059B9DF80B20F2
:102320005A74059B019A5A610023184606B07047FB
:10233000803F002000B587B0039002910192039B7B
:102340000593164B9B78002B01D1082322E0039BB9
:10235000002B01D108231DE0029B042B03D9029B13
:10236000B3F1807F01D3072314E0059B5B69002B49
:1023700001D108230EE0059B5B7C012B01D1029B60
:1023800000E000230493019B049A02990598FFF74B
:10239000CBFE0346184607B05DF804FB803F0020E3
:1023A00000B585B00190019B03930D4B9B78002BEA
:1023B00001D1082310E0019B002B03D0039B5B6934
:1023C000002B01D1082307E0039B00221A7402218D
:1023D0000398FFF7EDFE0346184605B05DF804FBD1
:1023E000803F002082B0EFF310830093009B0193A5
:1023F00072B600BF019B184602B0704762B600BFBC
:1024000000BF704700B585B00190FFF7EBFF039068
:10241000164B9B68002B1BD1144B01229A60144B66
:10242000D3F88020134B1340104A1360104B114A0D
:10243000C3F880200E4BD3F884300C4A53600C4B09
:102440004FF0FF32C3F88420019B00221A7002E093
:10245000019B01221A70039B002B01D1FFF7CEFFD5
:102460000023184605B05DF804FB00BFA040002023
:1024700000E100E0FC06FFBD00B585B003468DF825
:102480000730104B9B68002B16D09DF80730002BAF
:1024900012D1FFF7A7FF03900B4A0A4B1B6813608A
:1024A000094A084B5B685360064B00229A60039B05
:1024B000002B01D1FFF7A2FF0023184605B05DF8FD
:1024C00004FB00BFA040002000E100E000B583B0A5
:1024D00001900198FFF796FF00BF03B05DF804FB81
:1024E00000B583B003468DF807309DF807301846D5
:1024F000FFF7C2FF00BF03B05DF804FB82B001909C
:10250000019B03F00303002B0CBF01230023DBB26C
:10251000184602B07047000000B585B00190002356
:1025200003930EE00B4A039B52F82330002B05D097
:10253000084A039B52F8233001989847039B0133C4
:102540000393039B032BEDD900BF00BF05B05DF8DB
:1025500004FB00BFB840002082B001900091019BB5
:102560001B78013B052B61D801A252F823F000BF74
:102570008925020091250200B7250200E925020005
:102580000926020025260200009B00221A704EE058
:10259000009B01221A70019B1A89009B9A81019B62
:1025A0009A88009BDA81019BDA68009B9A60009B05
:1025B00000221A743BE0009B02221A70019B1A89C8
:1025C000009B9A81019B9A88009BDA81019BDA68C3
:1025D000009B9A60019B9B7D062B0CBF012300236F
:1025E000DAB2009B1A7422E0009B03221A70019B4E
:1025F000DA88009B9A81019B1A89009BDA81019BF2
:10260000DA68009B9A6012E0009B04221A70019B1A
:10261000DA88009B9A81009B0022DA81009B0022CD
:102620009A6004E0009B05221A7000E000BF00BF22
:1026300002B0704784B001900091019B0393039A0C
:10264000009B9A4206D2039B1B68B3F1FF3F01D067
:10265000012300E0002303F00103DBB2184604B0BD
:10266000704782B00190019B5B8803339B00019A05
:102670001344184602B0704700B583B00190009132
:102680000198FFF7EEFF0246009B934201D202231E
:1026900011E0019B9B884FF6FF72934208D0019B8B
:1026A0001B88002B04D0019B9B68B3F1FF3F01D135
:1026B000012300E00023184603B05DF804FB00008E
:1026C00000B583B00190019B002B13D00D4BDB684C
:1026D0001A46019B93420DD30A4B1B691A46019B74
:1026E000934207D80198FFF709FF0346002B01D05A
:1026F000012300E0002303F00103DBB2184603B01E
:102700005DF804FBA024002084B00190009148F201
:10271000096303930023ADF80A3027E0BDF80A20CF
:10272000164913469B0013449B000B4404331B685B
:10273000009A9A4215D9BDF80A20104913469B0009
:1027400013449B000B4404331B6803F58053009A29
:102750009A4206D200230393019BBDF80A201A80F7
:1027600008E0BDF80A300133ADF80A30BDF80A3090
:10277000012BD3D9039B184604B07047D8400020E2
:1027800082B001900091009B9B7D022B09D9019B97
:102790001A89009BDB8813449BB203339AB2019BD6
:1027A0001A81019B5A89009BDB88D31A9BB2033B99
:1027B0009AB2019B5A8100BF02B0704700B583B046
:1027C000074B1B681946002300930823054A064857
:1027D00001F058FC0346184603B05DF804FB00BF47
:1027E00000410020987A0200A024002000B585B0A6
:1027F00003900399002300930823044A044801F03E
:1028000041FC0346184605B05DF804FBA07A0200BF
:10281000A024002000B585B003460091ADF8063035
:10282000BDF80620244913469B0013449B000B442B
:1028300004331B6803F580530293009B1B680393CA
:10284000039B002B04D00398FFF70BFF039026E0B7
:10285000BDF80620184913469B0013449B000B4407
:1028600004331B680833039319E002990398FFF7B8
:1028700003FF0346022B10D0022B10DC002B02D0EA
:10288000012B05D00BE0009B039A1A6001230EE098
:102890000398FFF7E6FE039001E0002307E00299AA
:1028A0000398FFF7C7FE0346002BDED1002318462E
:1028B00005B05DF804FB00BFD840002000B585B02E
:1028C00001900091019B5B681846FFF7F9FE0346F3
:1028D000002B19D0019B1A89244B1B899A4213D1D2
:1028E000019B1A68019B5B689B689A420CD1019B13
:1028F0005B6819460098FFF707FF0346002B0CBFE3
:1029000001230023DBB22CE0009B00221A8023E08D
:102910000023029310E0029B0393039B9A68019BA0
:102920001B689A4208D1029A019B5A600F4B1A8980
:10293000019B1A81012314E0009B1B8802AA114607
:102940001846FFF767FF0346002BE4D1009B1B8866
:1029500001339AB2009B1A80009B1B88012BD7D9A8
:102960000023184605B05DF804FB00BF08410020B5
:1029700000B587B00390029101920093324B1B780F
:10298000DBB283F00103DBB2002B02D048F201631B
:1029900055E0019B002B02D0009B002B49D148F24F
:1029A00004634CE0009B9B881946284A0B469B0019
:1029B0000B449B0013441B78002B33D124E0009B75
:1029C0001B680593039B002B06D0059B9A88039BED
:1029D0001B889A4200D017E0029B002B06D0059B73
:1029E0001A88029B1B889A4200D00DE0059B9A68CA
:1029F000019B1A60009B1A68019B5A60144B1A894C
:102A0000019B1A8100231AE0009B9B88009A1146C3
:102A10001846FFF7FFFE0346002BD0D1009B002293
:102A20001A6000E000BF009B9B8801339AB2009BB4
:102A30009A80009B9B88012BB4D948F20963184601
:102A400007B05DF804FB00BFAC400020D840002078
:102A50000841002000B583B00190054B019918464C
:102A600000F0D3FD0346184603B05DF804FB00BF39
:102A7000C840002000B583B00190044B019918466E
:102A800000F0DCFD00BF03B05DF804FBC84000208F
:102A900008B50121054800F0A0FE0346002B14BF35
:102AA00001230023DBB2184608BD00BFB44000205C
:102AB00000B587B003900291039B02229A75029998
:102AC000039B1A1D002300930423074801F0DAFA40
:102AD0000590059B002B01D1002301E048F20D6316
:102AE000184607B05DF804FBA024002000B587B0AD
:102AF00003900291039B1B69002B01D0032200E08D
:102B00000122039B9A75029B08331946039B03F12C
:102B10000C02002300930423074801F0B3FA059048
:102B2000059B002B01D1002301E048F20D631846FC
:102B300007B05DF804FB00BFA024002000B587B0FB
:102B400003900291039B1B78032B01D1052200E027
:102B50000622039B9A75029B04331946039B03F1DB
:102B60000802002300930423074801F08BFA059024
:102B7000059B002B01D1002301E048F20D631846AC
:102B800007B05DF804FB00BFA024002000B587B0AB
:102B900003900B46ADF80A300399002300930423F9
:102BA0000D4A0E4801F06EFA0590059B002B02D0ED
:102BB00048F20D630BE0BDF80A20094913469B005B
:102BC00013449B000B44103301221A700023184653
:102BD00007B05DF804FB00BFA87A0200A024002023
:102BE000D840002000B589B0019002AB00221A60E5
:102BF0005A609A60019BDB6802930DF1160202ABEA
:102C000011461846FFF75AFE0346002B12D0039BCD
:102C10000693069B9A88019BDA80069B1A88019B83
:102C20001A81039BBDF8162011461846FFF7AEFF28
:102C3000079002E048F209630793079B184609B022
:102C40005DF804FB00B587B00190019B981D02AAB6
:102C50000D4B0021FFF78CFE0590059B002B08D142
:102C6000039B094A928811461846FFF78FFF05908B
:102C700004E008220021044804F058F8059B184697
:102C800007B05DF804FB00BF1841002000B587B015
:102C900003900291039B01229A75029B0C33184604
:102CA000039B1A69039BDB889B000021009101466E
:102CB000074801F0E7F90590059B002B01D100239F
:102CC00001E048F20D63184607B05DF804FB00BF51
:102CD000A024002082B0184B1B8901339AB2164BF6
:102CE0001A81154B00225A80134B00221A730023BD
:102CF000ADF8063018E0BDF80620104913469B00D9
:102D000013449B000B441A78BDF80630002A0CBF10
:102D100001220022D1B2084A13440A469A72BDF831
:102D200006300133ADF80630BDF80630012BE2D98C
:102D300000BF00BF02B0704708410020D84000200B
:102D400084B0019000238DF80F300023ADF80C30D3
:102D500031E0BDF80C301C4A13449B7A002B25D07F
:102D6000BDF80C30184A134400229A72BDF80C20AA
:102D7000164913469B0013449B000B440C331B68FD
:102D8000002B13D1BDF80C20104913469B001344AF
:102D90009B000B4410331B78002B07D0019BBDF820
:102DA0000C201A8001238DF80F3008E0BDF80C309C
:102DB0000133ADF80C30BDF80C30012BC9D99DF8AA
:102DC0000F30184604B0704708410020D84000205A
:102DD00008B5084B05221A70074B02229A80064B51
:102DE0001B68194600230122044801F02DFA03460E
:102DF000184608BD0841002000410020A024002002
:102E000000B583B0164B5B88ADF80230BDF80220E8
:102E1000144913469B0013449B000B440C331B685E
:102E2000002B14D10E4B04221A70BDF802200D495C
:102E300013469B0013449B000B4404331B68194644
:102E400000230122084801F0FFF9019002E0FFF79A
:102E5000BFFF0190019B184603B05DF804FB00BF63
:102E600008410020D8400020A024002000B587B0F1
:102E7000104B5B680593104B1A680F4B9B889B00A7
:102E800013440493059B5B880333ADF80E30094B64
:102E900003221A700499074B5A68BDF80E309B0044
:102EA00000200090054801F0EDF80346184607B0F1
:102EB0005DF804FB0841002000410020A024002010
:102EC00000B583B00A4B5B880A491846FFF7A2FC9D
:102ED0000346002B03D0FFF7C9FF019002E0FFF784
:102EE0008FFF0190019B184603B05DF804FB00BF03
:102EF000084100200C41002008B50A4B06221A7038
:102F0000084B5B881946084A0B469B000B449B0004
:102F1000134404331B681846FFF768FC0346184641
:102F200008BD00BF08410020D840002008B5054B6F
:102F300007221A70034B00225A60FFF73FFC03463A
:102F4000184608BD0841002008B50D48FFF7F8FEF7
:102F5000034683F00103DBB2002B0BD0094B0022A8
:102F60001A70084B00225A80064B00225A6041F624
:102F70001D5302E0FFF7A4FF0346184608BD00BF3B
:102F80000A4100200841002082B0094B5B68019390
:102F9000019B5B880333ADF80230064B9A88BDF87D
:102FA000023013449AB2034B9A8000BF02B07047BC
:102FB000084100200041002082B01E4B1B68019395
:102FC0001D4B5B8819461D4A0B469B000B449B001A
:102FD000134404331B68174A1360174B5B88194668
:102FE000164A0B469B000B449B0013440433019A82
:102FF0001A60114B5B8819460E4B98880F4A0B4696
:103000009B000B449B001344083302461A80094B73
:1030100002229A80084B5B881946084A0B469B009F
:103020000B449B001344103300221A7000BF02B0FF
:10303000704700BF0041002008410020D840002018
:1030400008B51A4B1B78072B2CD801A252F823F095
:1030500071300200A5300200A53002007D30020070
:103060008930020095300200953002009D30020048
:10307000FFF730FE0D4B01221A7014E0FFF784FFBA
:103080000A4B02221A700EE0FFF796FF074B06224A
:103090001A7008E0054B07221A7004E0034B012266
:1030A0001A7000E000BF00BF08BD00BF084100204B
:1030B00000B587B00190009148F20E630593019B23
:1030C000002B05D0624B00225A604FF40643BAE051
:1030D000009B1B79032B00F2A98001A252F823F078
:1030E000F1300200FF3002008D310200AD310200EC
:1030F000009B01221A71FFF761FB059099E0002304
:103100008DF813300023ADF810302BE0BDF81020FF
:10311000504913469B0013449B000B441B78022B21
:103120001BD1BDF810204B4913469B0013449B0054
:103130000B4400221A7001238DF81330BDF81020C3
:10314000444913469B0013449B000B4404331B6803
:103150001846FFF74BFB059008E0BDF8103001332F
:10316000ADF81030BDF81030012BCFD99DF81330D9
:1031700083F00103DBB2002B5AD0354B01221A70C9
:10318000334B00225A6041F61D535CE0009B002245
:103190001A71314B02229A802F4B1B68194600236B
:1031A00001222E4801F050F8059042E0009B0022D9
:1031B0001A712B4B5B88ADF80E30274B1B680293BE
:1031C000BDF80E20234913469B0013449B000B447B
:1031D00004331B68204A1360BDF80E201D491346B6
:1031E0009B0013449B000B440433029A1A60BDF801
:1031F0000E20194B9888174913469B0013449B00D7
:103200000B44083302461A80134B02229A80BDF801
:103210000E20104913469B0013449B000B440022D0
:103220001A700298FFF7E2FA059002E000BF00E092
:1032300000BF059B002B05D0054B00225A6048F2C9
:103240000D6300E00023184607B05DF804FB00BFE3
:10325000AC400020D840002000410020A0240020E5
:103260000841002000B587B001900091009B9B8A27
:103270001A4613469B0013449B003B4A1344049395
:10328000019B002B06D000990498FFF779FA4FF4C0
:10329000064364E0049B5A68049B1B899B0013440B
:1032A0000393009B9B7D062B4DD801A252F823F07F
:1032B000F532020019330200013302000D3302001F
:1032C000CD320200253302003F330200274B00229B
:1032D0005A60009B9B69254A136025492348FFF7E4
:1032E000EDFA034683F00103DBB2002B02D048F273
:1032F000096334E003990098FFF7DAFB059026E0B4
:1033000003990098FFF7F2FB059020E003990098DD
:10331000FFF7BCFC05901AE003990098FFF70EFC3C
:10332000059014E0009B06229A75104B5B68104ACA
:10333000128811461846FFF729FC059007E041F670
:103340001D53059303E048F20E63059300BF059BF0
:10335000002B03D000990498FFF712FA059B18463A
:1033600007B05DF804FB00BFD840002020410020DA
:103370002C41002000B585B001900091019B002BED
:1033800002D04FF4064329E0009B1B79022B1BD08F
:10339000022B1DDC002B02D0012B08D018E0009B73
:1033A00002221A710098FFF71DFC039015E00098A7
:1033B000FFF748FC0390039B48F2096293420BD14C
:1033C00041F61D53039307E041F61D53039304E0B8
:1033D00048F20E63039300E000BF039B184605B05C
:1033E0005DF804FB00B585B00190019B002B02D075
:1033F0004FF406433DE0214B1B7B002B03D01F4BBA
:1034000000221A7301E0FFF71BFE1C4B1B78013BE7
:10341000062B29D801A252F823F000BF393402004C
:103420004134020049340200513402006934020080
:103430005934020061340200FFF786FD039017E063
:10344000FFF73EFD039013E0FFF710FD03900FE040
:10345000FFF7D6FC03900BE0FFF74EFD039007E06B
:10346000FFF764FD039003E048F20E63039300BF8F
:10347000039B184605B05DF804FB00BF084100201F
:1034800000B589B001903B4B1B68002B05D13A4831
:10349000FFF7E0FA0346374A1360364B1B681B7888
:1034A000013B052B2BD801A252F823F0C5340200B2
:1034B000D5340200D5340200E5340200E5340200C0
:1034C000F53402002B4B1B6819460198FFF7F0FDFD
:1034D000019018E0274B1B6819460198FFF7C2FEC0
:1034E000019010E0234B1B6819460198FFF742FF3B
:1034F000019008E00198FFF775FF019003E048F2A2
:103500000E63019300BF019B002B2BD003AB002265
:103510001A605A609A60DA601A61019B41F61D5286
:10352000934201D0019B00E000230493114B1B68E0
:1035300003AA11461846FFF70FF803AB1846FEF72B
:10354000EBFF0C4B00221A60002301930A48FFF79F
:1035500091FAFFF79DFA034683F00103DBB2002BDB
:1035600002D190E700BF00E000BF00BF09B05DF8E6
:1035700004FB00BF304100203441002000B583B07F
:103580000190019B5B681846FFF77AFF00BF03B00C
:103590005DF804FB86B001900091019B53E8021F87
:1035A0001FFAA1F2D888824202BFBFF32F8F0023F7
:1035B0000DE0D88902449889824228BF121AC1EAD4
:1035C000024243E802200028E8D14FF001038DF8C1
:1035D0000F30059002910492029A009B1A609DF8A8
:1035E0000F30DBB2184606B0704784B001900199E5
:1035F00051E8023FC3EA234341E80232002AF7D1EF
:103600000392029300BF04B0704700B585B00190EB
:103610000091009B19460198FFF7BCFF0346002B61
:1036200007D0019B1B68009A528813440393039BA5
:1036300000E00023184605B05DF804FB00B583B038
:1036400001900091009B1A88009B5B889A4204D1EC
:103650000198FFF7CAFF012300E00023184603B0DA
:103660005DF804FB00B585B001900091009B5B09FB
:103670009B00019A1A44009B03F01F03012101FAE9
:1036800003F31946104600F04CF8039000BF05B054
:103690005DF804FB00B585B001900091009B5B09CB
:1036A0009B00019A1A44009B03F01F03012101FAB9
:1036B00003F3DB431946104600F061F8039000BFA6
:1036C00005B05DF804FB82B001900091009B5B099E
:1036D0009B00019A13441A68009B03F01F0322FA0F
:1036E00003F303F00103002B14BF01230023DBB21B
:1036F000184602B0704710B487B001900091019B4A
:10370000009A53E8004F104643E8000191F0000F83
:10371000F7D1059404900391059B184607B010BC9F
:10372000704710B487B001900091019B009A53E854
:10373000004F44EA020043E8000191F0000FF6D187
:10374000059404900391049B184607B010BC704781
:1037500010B487B001900091019B009A53E8004F8C
:1037600004EA020043E8000191F0000FF6D105944D
:1037700004900391059B184607B010BC704710B425
:1037800087B001900091019B009A53E8004F04EA32
:10379000020043E8000191F0000FF6D10594049077
:1037A0000391049B184607B010BC704710B487B053
:1037B00001900091019B009A53E8004F04EB020036
:1037C00043E8000191F0000FF6D1059404900391B5
:1037D000049B184607B010BC704710B487B0019026
:1037E0000091019B009A53E8004FA4EB020043E8CC
:1037F000000191F0000FF6D1059404900391049B11
:10380000184607B010BC704700B583B00190012185
:103810000198FFF786FF0346184603B05DF804FBE6
:1038200000B583B0019000210198FFF791FF034696
:10383000184603B05DF804FB82B001900B468DF88A
:103840000330019BDA689DF803300199098A01FB76
:1038500003F31344184602B0704782B00190009100
:10386000009B019AD2689B1A019A128AB3FBF2F369
:10387000DBB2184602B0704784B00190019B002B68
:1038800001D10E2320E0019B9A68019B5B68D31A4B
:103890008DF80F30019B1B68019A52681A6007E08F
:1038A000019B1A681368591C11609DF80F201A704B
:1038B0009DF80F305A1E8DF80F20002BF0D1019B80
:1038C0001B6800221A710023184604B0704700B527
:1038D00085B001900023039300238DF80A300DF189
:1038E0000A031846FEF7F2FD019B1B681A68019B4C
:1038F0005B689A421FD9019B1B681A68013A1A60DB
:103900001B681B7819460198FFF796FF0390019BEF
:103910009A68019B1B681B68D31A8DF80B30019BBA
:103920001B681B799DF80B209A4204D9019B1B68E8
:103930009DF80B201A719DF80A301846FEF7D0FD4D
:10394000039B184605B05DF804FB10B584B00190E8
:103950000091009B039300238DF80B300DF10B03B6
:103960001846FEF7B3FD019B1B681C68621C1A60B9
:1039700003990198FFF771FF034623709DF80B3000
:103980001846FEF7ADFD00BF04B010BD00B583B012
:103990000190019B9B68002B0CD0019B5B69019AF5
:1039A0001069019A1168019A92689847019B002258
:1039B0009A6000E000BF03B05DF804FB0EB400B5F0
:1039C00084B00190059B002B0AD00023039306AB23
:1039D000039303AB1A460599019800F0B5F900E08E
:1039E00000BF04B05DF804EB03B0704700B583B0CE
:1039F00001900B468DF803309DF803300A2B03D15C
:103A00000D210198FFF7F2FF019B1A68019B9B684B
:103A1000581C0199886013449DF803201A70019B7B
:103A20009A68019B5B689A4202D30198FFF7AEFF48
:103A300000BF03B05DF804FB00B587B003900291AE
:103A40000192009300230593009B03F00103002BD8
:103A500024D00BE0029B01330293059B01330593B5
:103A60009DF8133019460398FFF7C0FF029B1B789F
:103A70008DF813309DF81330002BEBD106E0019B3D
:103A8000013B019320210398FFF7B0FF019A059BAA
:103A90009A422ED9019B002BF1D12AE0029B002BE8
:103AA0000BD0029803F0FAF8059006E0019B013B69
:103AB000019320210398FFF799FF019A059B9A42F1
:103AC0000FD9019B002BF1D10BE0029B0133029334
:103AD000059B013305939DF8133019460398FFF7B2
:103AE00085FF029B1B788DF813309DF81330002B57
:103AF000EBD100BF07B05DF804FB000000B589B052
:103B00000390029101920093029B07930123069375
:103B100007E0079A019BB2FBF3F30793069B01337F
:103B20000693079A019B9A42F3D2009A069B9A4207
:103B300001D9009B06930B9B03F00103002B22D1BC
:103B40000A9B002B1FD00B9B03F00203002B06D017
:103B5000009B002B03D130238DF8173002E0202387
:103B60008DF8173008E00A9B013B0A939DF8173047
:103B700019460398FFF73AFF0A9B002B03D0069AD9
:103B80000A9B9A42EFD301230793009B012B03D991
:103B9000009B013B009309E0029A079BB2FBF3F301
:103BA0000493049A019B9A4200D205E0079B019A74
:103BB00002FB03F30793E8E7029A079BB2FBF3F3D8
:103BC0000493049B079A02FB03F3029AD31A02930D
:103BD000154A049B13441B7819460398FFF706FF08
:103BE000079A019BB2FBF3F30793079B002BE3D1EA
:103BF0000B9B03F00103002B11D00A9B002B0ED06E
:103C000006E00A9B013B0A9320210398FFF7EEFE92
:103C10000A9B002B03D0069A0A9B9A42F1D300BF5D
:103C200009B05DF804FB00BFAC7A020000B589B0B2
:103C30000590049103920293049B002BB8BF5B4252
:103C400006930123079307E0039B069A92FBF3F385
:103C50000693079B01330793039B069A9A42F3DA74
:103C6000029A079B9A4201D9029B07930A9B002B59
:103C70000AD0049B002B04DB0B9B03F00403002BF6
:103C800002D00A9B013B0A930B9B03F00203002B1B
:103C900002D0029B002B16D00B9B03F00103002BDC
:103CA00011D10A9B002B0ED006E00A9B013B0A9320
:103CB00020210598FFF79AFE0A9B002B03D0079A54
:103CC0000A9B9A42F1D3049B002B07DA049B5B42C8
:103CD00004932D210598FFF789FE08E00B9B03F064
:103CE0000403002B03D02B210598FFF77FFE0B9BCD
:103CF00003F00203002B19D00B9B03F00103002BF0
:103D000014D1029B002B11D10A9B002B0ED006E090
:103D10000A9B013B0A9330210598FFF767FE0A9B37
:103D2000002B03D0079A0A9B9A42F1D304990B9B6C
:103D300001930A9B0093029B039A0598FFF7DEFE0E
:103D400000BF09B05DF804FB00B58FB00590049189
:103D50000392049B002B00F09181049B1B788DF84B
:103D60003730049B013304939DF83730002B00F06B
:103D70007C819DF83730252B40F06B8100230A931E
:103D800001230C93049B1B788DF837309DF8373056
:103D9000302B0DD0302B1BDC2B2B11D02D2B17D122
:103DA0000A9B43F001030A93049B0133049312E03E
:103DB0000A9B43F002030A93049B013304930AE035
:103DC0000A9B43F004030A93049B0133049302E02B
:103DD00000230C9300BF0C9B002BD3D1002309932D
:103DE0009DF837302A2B0CD1039B1B68191D039AB1
:103DF00011601B68099A13440993049B01330493CF
:103E00001AE0049B1B788DF837309DF837302F2B44
:103E100012D99DF83730392B0ED8049B0133049307
:103E2000099A13469B0013445B001A469DF83730ED
:103E30001344303B0993D3E700230B93049B1B7877
:103E40008DF837309DF837302E2B1DD1049B013370
:103E50000493049B1B788DF837309DF837302F2B57
:103E600012D99DF83730392B0ED8049B01330493B7
:103E70000B9A13469B0013445B001A469DF837309B
:103E80001344303B0B93E4E7049B1B788DF83730E9
:103E90009DF837306C2B03D09DF83730682B07D155
:103EA000049B01330493049B1B788DF83730EFE7B4
:103EB0009DF83730252B00F0C280252BC0F2C4803E
:103EC000782B00F3C180582BC0F2BE80583B202BCA
:103ED00000F2BA8001A252F823F000BFCB3F0200EB
:103EE00049400200494002004940020049400200A6
:103EF0004940020049400200494002004940020096
:103F00004940020049400200613F0200833F020035
:103F10004940020049400200494002004940020075
:103F2000833F02004940020049400200494002002C
:103F30004940020049400200494002000B40020093
:103F40004940020049400200EF3F020049400200A0
:103F5000A73F02004940020049400200CB3F020057
:103F6000039B1B68191D039A11601B680C930C9B23
:103F70008DF81F309DF81F3019460598FFF736FD64
:103F800063E0039B1B68191D039A11601B680C9367
:103F90000A9B0193099B00930B9B0A220C9905989D
:103FA000FFF744FE51E0039B1B68191D039A116043
:103FB0001B680C930C990A9B0193099B00930B9B24
:103FC0000A220598FFF79AFD3FE0039B1B68191D25
:103FD000039A11601B680C930C990A9B0193099B2F
:103FE00000930B9B10220598FFF788FD2DE0039BA3
:103FF0001B68191D039A11601B6808930A9B099A94
:1040000008990598FFF718FD1FE0039B1B68191D11
:10401000039A11601B680C9330210598FFF7E6FCAA
:1040200078210598FFF7E2FC0C99002301930823FF
:104030000093082310220598FFF760FD05E0252175
:104040000598FFF7D3FC00E000BF049B0133049305
:1040500005E09DF8373019460598FFF7C7FC049B2B
:104060001B78002B7FF479AE00E000BF059B1B7B23
:10407000002B04D00598FFF789FC00E000BF0FB0CB
:104080005DF804FB10B586B005900491039202938D
:10409000059B002B10D1604A604BD31ADB081B0430
:1040A00043F001005E4A5F490E2300930B465E49D0
:1040B00001F035FA0E23ABE0039B002B10D1564ADA
:1040C000564BD31ADB081B0443F00100574A5549ED
:1040D0000E2300930B46544901F021FA0E2397E07A
:1040E000059B1B68002B10D14B4A4C4BD31ADB08A5
:1040F0001B0443F001004E4A4A49082300930B4633
:10410000494901F00CFA082382E0029B002B10D1F0
:10411000414A424BD31ADB081B0443F00100454AD5
:104120004049092300930B463F4901F0F8F9092360
:104130006EE0059B5B685A68029BB3FBF2F101FBE2
:1041400002F29B1A002B10D0334A344BD31ADB08EF
:104150001B0443F00100384A3249092300930B46FF
:10416000314901F0DCF9092352E0049800F01EF90E
:104170000346002B10D1284A284BD31ADB081B0416
:1041800043F001002D4A2749102300930B4626498E
:1041900001F0C5F910233BE0039B184600F006F937
:1041A0000346002B10D11C4A1C4BD31ADB081B04FE
:1041B00043F00100224A1B49102300930B461A4981
:1041C00001F0ADF9102323E0029A0499059800F05C
:1041D000D3F80346002B10D10F4A104BD31ADB083B
:1041E0001B0443F00100174A0E49102300930B46AD
:1041F0000D4901F094F910230AE0059B1B68DC6867
:10420000089B0093029B039A04990598A0470346D4
:10421000184606B010BD00BF806E0200206E02007E
:10422000CC7A0200707C0200D47A0200607B02002B
:10423000087B02001C7B0200687B0200947B02006A
:10424000AC7B0200D07B020010B586B005900491D3
:1042500003920293059B002B10D13E4A3E4BD31A8A
:10426000DB081B0443F001003C4A3D490E23009348
:104270000B463C4901F053F90E2368E0059B1B688F
:10428000002B10D1334A344BD31ADB081B0443F004
:104290000100354A3249082300930B46314901F0A9
:1042A0003EF9082353E0039B002B10D1294A2A4BE7
:1042B000D31ADB081B0443F001002C4A28490923C8
:1042C00000930B46274901F02AF909233FE004999E
:1042D000059800F078F80346002B10D11D4A1E4BBC
:1042E000D31ADB081B0443F00100214A1C491023A8
:1042F00000930B461B4901F012F9102327E0059BA0
:104300005B681B68039A02FB03F31A46049905983D
:1043100000F032F80346002B10D10E4A0E4BD31A90
:10432000DB081B0443F00100124A0D4910230093DF
:104330000B460C4901F0F3F8102308E0059B1B68BD
:104340001C69029B039A04990598A04703461846E6
:1043500006B010BD806E0200206E0200CC7A020012
:10436000847C0200D47A0200087B02001C7B0200DD
:10437000F87B0200207C020084B00390029101923D
:10438000039BDB68029A9A4209D3029A019B134469
:104390005A1E039B1B699A4201D8012300E00023A7
:1043A00003F00103DBB2184604B0704782B00190FD
:1043B000019B03F00303002B0CBF01230023DBB29E
:1043C000184602B0704782B001900091019B5B6873
:1043D0001B685A1E009B1340002B0CBF01230023B7
:1043E000DBB2184602B0704729DF704700BF18469D
:1043F00028DF704700BF184600B589B001900091D2
:10440000019B1B689B68002B35D002AB00221A6011
:104410005A609A60DA601A615A61009B0393019BAB
:104420009B680793019B1B79002B02D0012B0DD0B9
:104430001AE001238DF80830019B1B690493019B4E
:10444000DB680593019B5B6906930DE002238DF801
:104450000830019BDB684FF4805202FB03F30493A6
:10446000019B5B69069300BF019B1B689B6802AAC6
:104470001046984700E000BF09B05DF804FB00B5A6
:1044800087B00190019B5A69019B9B69D31AB3F5D0
:10449000805F28BF4FF4805305930422059BB3FB34
:1044A000F2F3012B38BF01230593019B1A69019B8D
:1044B0009B6913440493019BDB681A46019B9B692B
:1044C00013440393059A03990498FFF78DFF03465D
:1044D000184607B05DF804FB00B583B00190019B5E
:1044E000DA68019B1B6913441846FFF781FF0346F6
:1044F000184603B05DF804FB08B5034B03491846A2
:10450000FFF79CF800BF08BD384100206041002043
:1045100008B5084B08491846FFF777F80346074ADD
:104520001360064B1B68002B14BF01230023DBB272
:10453000184608BD38410020604100205C41002041
:1045400000B583B02A4B1B7A002B0BD1FFF7E0FF9D
:10455000034683F00103DBB2002B03D0244B00227F
:104560005A6042E0224B02221A72224B1B681B79CE
:10457000002B02D0012B07D00DE01E4B1B68184604
:10458000FFF77DFF019009E01A4B1B681846FFF703
:10459000A3FF019002E00323019300BF019B002BC6
:1045A00003D0019B112B0CD00FE0114B1B7C83F02F
:1045B0000103DBB2002B17D00021022000F06EF8BF
:1045C00012E00B4B01221A720FE00A4B1B68032109
:1045D0001846FFF711FF064B00221A72044B002207
:1045E0005A60FFF789FF00E000BF03B05DF804FBED
:1045F000484100205C41002084B001901B4B002208
:10460000DA60019B1B79002B02D0012B19D028E026
:10461000019B5A69019B9B69D31AB3F5805F28BF40
:104620004FF480530393019B9A69039B1A44019BA7
:104630009A61019B9A69019B5B699A420ED10123A1
:1046400010E0019B1B695A1C019B1A61019B1A69AE
:10465000019B5B699A4203D1012303E000BF00E0A4
:1046600000BF0023184604B0704700BF4841002037
:1046700082B00190084BDB680133074AD360064BD8
:10468000DB68082B04D9044B0022DA60012300E028
:104690000023184602B070474841002000B585B09D
:1046A00001900091019B022B02D0019B032B48D16A
:1046B000274B1B7A022B05D0022B35DC002B42D076
:1046C000012B31E000238DF80F30019B022B03D02A
:1046D000019B032B09D011E01E4B1B681846FFF706
:1046E0008BFF03468DF80F3008E01A4B1B68184605
:1046F000FFF7BEFF03468DF80F3000BF9DF80F3067
:10470000002B10D0124B00221A72124B1A68019B18
:10471000022B01D1002300E00D2319461046FFF7BC
:104720006BFEFFF7E9FE00BF094B5B7C83F00103E2
:10473000DBB2002B02D0FFF703FF05E001F086FF9C
:1047400002E000BF00E000BF05B05DF804FB00BF61
:10475000484100205C41002082B0034600918DF862
:104760000730064B01225A74044B1B7A002B0CBFF6
:1047700001230023DBB2184602B0704748410020F5
:1047800000B583B0034600918DF807309DF80730DF
:10479000012B03D09DF80730032B0DD1084B0022CD
:1047A0005A749DF80730012B0CBF01230023DAB2A5
:1047B000034B1A74FFF7C4FE00BF03B05DF804FB9F
:1047C0004841002000B583B001900198FFF754F8EC
:1047D0000346184603B05DF804FB00B58BB00190AA
:1047E0000091019B1B8A043B0793009A079B13448B
:1047F000DA1C079BB2FBF3F38DF81B300198FFF72F
:1048000066F80590059B002B01D1002338E0059B3D
:1048100000221A71059B01225A71079B9AB2059BCF
:10482000DA80059B09939DF81B30013B0493099B9B
:10483000019A1A60002308931DE00198FFF747F8DA
:104840000390039B002B0ED0059B5B790133DAB2FA
:10485000059B5A71099B039A1A60039B019A1A607F
:10486000039B099304E0059800F00EF8002307E08D
:10487000089B01330893089A049B9A42DDD3059B59
:1048800018460BB05DF804FB00B58BB00190019B9E
:104890000793079B5B798DF81B30019B08939DF86C
:1048A0001B30013B05930023099305E0089B1B681F
:1048B0000893099B01330993099A059B9A42F5D302
:1048C000089B1B680493019B0893002309930BE04A
:1048D000089B1B68039308990498FFF736F8039B1D
:1048E0000893099B013309939DF81B30099A9A425A
:1048F000EED300BF00BF0BB05DF804FB00B585B080
:104900000190019B0393039B043301211846FEF79A
:104910004DFF00BF05B05DF804FB00B587B0019006
:10492000019B0593059B043301211846FEF755FFB3
:104930000346039303AB0493049B1B78002B02D123
:104940000198FFF7A1FF00BF07B05DF804FB00B5B9
:1049500091B00390029101920093039B0993039BF2
:104960000F93099BDB881A46099B5B7902FB03F3D3
:10497000043B0893099BDB880793009B1A1D079B48
:10498000B2FBF3F30E93009B0433079AB3FBF2F2EE
:10499000079901FB02F29B1A0D93019B1A68009B79
:1049A0001344089A9A4203D2089A009BD31A01E052
:1049B000019B1B680C93019B0C9A1A6005E00F9BEE
:1049C0001B680F930E9B013B0E930E9B002BF6D1A1
:1049D00000230B93079A0D9BD31A0A930A9A0C9BF8
:1049E000934228BF13460A932AE0029A0B9B134472
:1049F00006930F9A0D9B1344043305939DF848309A
:104A0000002B05D00A9A0599069802F05DF904E09A
:104A10000A9A0699059802F057F900230D930F9B07
:104A20001B680F930C9A0A9BD31A0C930B9A0A9B40
:104A300013440B93079A0C9B934228BF13460A9387
:104A40000C9B002BD1D100BF00BF11B05DF804FB5F
:104A500000B589B00590049103920293039B0793DC
:104A600007AA00230093029B04990598FFF76FFFA4
:104A700000BF09B05DF804FB00B589B00590049152
:104A800003920293039B079307AA01230093029BBF
:104A900004990598FFF75BFF00BF09B05DF804FBC0
:104AA00082B00190019B00221A60BFF35F8F00BFAC
:104AB00000BF02B07047000008B5064B00221A7014
:104AC0000548FFF7EDFF0549054800F028F80023E9
:104AD000184608BD6841002064410020A47C020003
:104AE0006C41002082B00190019B9B6800229A607B
:104AF000019B9B6800221A61019B9B6800225A61FE
:104B0000019B9B680022DA60019B9B6800225A602F
:104B1000019B9B6800221A6000BF02B0704782B000
:104B200001900091019B009A1A60019B1B681A6812
:104B3000019B5A60019B5A68019B1B685B689A4203
:104B400002D1019B00225A6000BF02B0704782B0C0
:104B50000190019B5B68002B14D0019B5B681A4697
:104B6000019B1B689B6813441A46019B5A60019B7A
:104B70005A68019B1B685B689A4204D1019B002222
:104B80005A6000E000BF02B07047000000B585B079
:104B90000190019800F00EF80390039B002B01D0C8
:104BA000039B00E0024B184605B05DF804FB00BF14
:104BB000B07C020086B00190164B0593164B04930F
:104BC0001FE0049A059BD31ADB10DA0F13445B1025
:104BD000DB00059A13440393039B1B680293029A1C
:104BE000019B9A4202D9039B04930AE0029A019B1B
:104BF0009A4203D2039B0833059302E0039B5B6850
:104C000004E0059A049B9A42DBD30023184606B0C1
:104C1000704700BFB0800200D881020000B585B0A7
:104C20000190019B002B0AD0074B43F00103039333
:104C3000019B9B010293039B0298984700E000BFF1
:104C400005B05DF804FB00BFF081020000B583B041
:104C50000190019B002B0AD04FF47A70FFF7DEFF22
:104C6000019B013B0193019B002BF5D100E000BFAC
:104C700003B05DF804FB08B501F096FA00BF08BD6B
:104C800000B589B0039002910192019B002B33D0B3
:104C90000023079303230693029A079B1344019A68
:104CA0001946002001F09EF90590079A059B1344D0
:104CB0000793019A059BD31A0193059B002B13D1EF
:104CC0000F4B1B7883F00103DBB2002B13D10120C3
:104CD000FFF7BCFF069B013B0693069B002B03D10D
:104CE000074B00221A7007E0054B01221A70019B46
:104CF000002BD1D100E000BF00BF09B05DF804FB7C
:104D00007441002000B585B003900291054B0093DB
:104D10004023054A0299039800F012F800BF05B03D
:104D20005DF804FB814C02007841002082B00190C4
:104D300000BF02B0704782B0019000BF02B0704760
:104D400000B5A1B005900491039202930498FFF777
:104D5000D5FD039B1593029B169300231793002305
:104D60008DF8603000231993229B1A9300231F9320
:104D70000FA91F9B08220498FFF77EFE08231F93AC
:104D8000119B1293BDF84030ADF84C30BDF8423065
:104D9000ADF84E3000238DF851309DF83C3003F0D3
:104DA0000303DBB2012B26D10F9BC3F395231C9386
:104DB0009DF83C30C3F3C203DBB28DF85030BDF830
:104DC0003C30C3F38313DBB21B931B9B9A0009A9EE
:104DD0001F9B0498FFF750FE1B9B9B001F9A1344D8
:104DE0001F9312AA09A915AB009313461B9A1C988E
:104DF00000F0DAFE2FE09DF83C3003F00303DBB255
:104E0000022B28D1BDF83E30C3F389139BB21E9309
:104E10009DF83C30C3F3C203DBB28DF850301E9BCB
:104E2000082B28BF08231D9307A91F9B1D9A0498D0
:104E3000FFF722FE1F9A1D9B13441F931E9A1D9B72
:104E4000D31A1E9315AB12AA07A81D9900F04EFFA6
:104E50001E9B002BE3D10498FFF75FFD00BF21B03C
:104E60005DF804FB82B00190019BDB6801225A715E
:104E700000BF02B07047000000B583B04FF0FF33B1
:104E80000193FFF7F8FE0421054800F0A9FD019009
:104E90000348FFF7E7FF00BF03B05DF804FB00BF66
:104EA000A86E020000B583B001900091019B1B68C1
:104EB0001B6800990198984700BF03B05DF804FB98
:104EC00000B583B00190019B1B685B68019898470F
:104ED00000BF03B05DF804FB00B583B00190019BF7
:104EE0001B689B680198984700BF03B05DF804FBFE
:104EF00082B001900B468DF80330019BDB689DF872
:104F000003201A7100BF02B0704782B00190019B6C
:104F1000DB681B79184602B0704782B00190019B94
:104F2000DB6801225A7100BF02B0704782B0019065
:104F3000019BDB685B79184602B0704700B585B00D
:104F4000019000910C4B01221A700C48FFF73AFCBB
:104F50000390039B002B01D0039B08E00848FFF758
:104F6000C1FD084A084BD31ADB08029300231846F8
:104F700005B05DF804FB00BF204300200C6E02006A
:104F800008820200A86E0200206E0200024A034B53
:104F9000D31ADB0818467047A86E0200206E020084
:104FA00000B587B001900B468DF803309DF80330B3
:104FB000002B1FD0FFF7EAFF04900023059313E0B6
:104FC000059B9B000E4A13440393039B1B881A46C0
:104FD000019B1B689A4204D1019B059A1A60002329
:104FE00009E0059B01330593059A049B9A42E7D398
:104FF000052300E00023184607B05DF804FB00BF5E
:10500000B424002000B585B001900B468DF8033024
:105010009DF8032001AB11461846FFF7C1FF034678
:10502000002B07D1019BDB00054A13440393039B2C
:105030001B6800E00023184605B05DF804FB00BFC4
:10504000206E020084B001900B468DF80330019B66
:10505000DB00174A134402939DF80330013B032BF6
:105060001CD801A252F823F07950020081500200AE
:10507000895002009350020002238DF80F3011E096
:1050800004238DF80F300DE0029B1B798DF80F3053
:1050900008E0029B5B798DF80F3003E000238DF868
:1050A0000F3000BF9DF80F30184604B0704700BFA6
:1050B000206E020084B00190009100238DF80F3023
:1050C000019B1B7803F00403DBB2002B24D0019B6F
:1050D0001B78C3F30103DBB2012B02D0022B0CD0EF
:1050E00017E0009B1B68019A1288C2F38312D2B2A8
:1050F00013449A1C009B1A600BE0009B1B68019AEA
:105100005288C2F3891292B213449A1C009B1A600F
:1051100000BF01238DF80F309DF80F30184604B002
:105120007047000000B58BB00023ADF826303B4837
:10513000FEF76AFB3A48FEF767FB3A4B9B6804931D
:10514000394B1B680693049A069B134002339B005D
:10515000344A13440433089304AB19460898FFF704
:10516000A9FF0346002B09D0049A069B1340023383
:105170009B002C4A134404330893EDE700BF00233F
:10518000079311E0049B5A1C0492069A1340079A55
:10519000920001A90A44234902339B000B445B6837
:1051A0001360079B01330793079B012BEAD99DF8F6
:1051B0000430C3F30103DBB2012B10D0022B1CD14E
:1051C000BDF80A30ADF82630BDF80630C3F38913B8
:1051D0009BB203339A08049B134404930EE0BDF87A
:1051E0000A30ADF82630BDF80430C3F38313DBB2C8
:1051F0001A46049B1344049300E000BF0848FEF7DE
:105200000FFB0590059B002B02D0049B054A936081
:10521000BDF8263018460BB05DF804FB3847002077
:105220003447002020430020F424002000B585B03E
:1052300000210748FEF75FFA0390039B0293029B4D
:1052400083F310030193019B184605B05DF804FB3E
:105250003C47002000B589B0039002910192009371
:10526000039B1B0C0693FFF7E1FF0790079B1904B4
:10527000009B5A1C0A9B1340069A0A431B4902339F
:105280009B000B445A60009A0A9B134002339B0018
:10529000164A134404330593039B03F00703D9B262
:1052A000059A137861F3C5031370019B03F00F0394
:1052B000D9B2059A138861F389131380029BC3F353
:1052C0001501059A136861F39F231360059A1378FB
:1052D000012161F301031370059A137823F004038D
:1052E000137000BF09B05DF804FB00BF204300202D
:1052F00000B58DB00390029113468DF80730039BE3
:1053000002330A9301238DF8273000238DF81B30D8
:105310000DF11B031846FDF7D9F8404B5A68029B64
:105320001A603F4B1A683D4B99683C4B5B68CB1A3F
:10533000134401330B9314E001213A48FEF736FA87
:10534000FFF7F0FE079007993648FEF72FFA344B27
:105350001A68324B9968314B5B68CB1A134401339E
:105360000B930A9A0B9B9A42E6D89DF82730002BA4
:1053700048D0002305939DF80730002B17D09DF8E7
:105380001430012262F301038DF814309DF81430BB
:1053900043F004038DF81430039B03F00F03DAB2DB
:1053A000BDF8143062F38913ADF8143016E09DF89F
:1053B0001430022262F301038DF814309DF814308A
:1053C00043F004038DF81430039BC3F309039AB22E
:1053D000BDF8163062F38F13ADF816300F4B5A68D4
:1053E0000F4B1B68134002339B000C4A13440433D9
:1053F0000893059A089B1A60084B5A680A9B134445
:10540000064A53609DF81B301846FDF769F89DF871
:10541000273018460DB05DF804FB00BF2043002084
:10542000F42400203C47002000B58BB00590049187
:10543000039202931E4B1B68079306AB0122194689
:105440000298FFF755FF0346002B24D0069B02333A
:1054500009930023089311E0089B9B00039A1A44C8
:10546000099B591C099107990B4012681149023395
:105470009B000B445A60089B01330893089A029BD7
:105480009A42E9D3069A079B00931346029A04991D
:105490000598FFF7DFFE074B1B78002B04D000F0C8
:1054A00095F80346002BFAD100BF0BB05DF804FB62
:1054B000F42400202043002000B583B00190009127
:1054C0000023002200990198FFF7AEFF00BF03B050
:1054D0005DF804FB00B587B0039002910192019B37
:1054E000059305AA012302990398FFF79DFF00BFCA
:1054F00007B05DF804FB00B587B0039002910192FC
:105500000093019B0493009B059304AA0223029934
:105510000398FFF789FF00BF07B05DF804FB00B5F3
:1055200089B00390029101920093019B0593009B27
:1055300006930A9B079305AA032302990398FFF792
:1055400073FF00BF09B05DF804FB00B589B003909C
:10555000029101920093019B0493009B05930A9B87
:1055600006930B9B079304AA042302990398FFF761
:105570005BFF00BF09B05DF804FB00B58BB0039082
:10558000029101920093019B0593009B06930C9B53
:1055900007930D9B08930E9B099305AA0523029977
:1055A0000398FFF741FF00BF0BB05DF804FB00005C
:1055B000054B9A68044B5B689A420CBF0123002399
:1055C000DBB21846704700BF2043002000B599B0F9
:1055D000FFF7EEFF0346002B01D00023C0E19B4BF9
:1055E0000022C3F81824BFF34F8F00BF974B9B686E
:1055F0000493974B1B681093049A109B134002333B
:105600009B00924A13440433119300231793002301
:10561000169300230F9304AB19461198FFF74AFD28
:105620000346002B19D0894BD3F81834002B14D122
:10563000864B5A68049B9A4205D8844B5B68834A20
:10564000936000238CE1049A109B134002339B006B
:105650007E4A134404331193DDE70023159311E0D0
:10566000049B5A1C0492109A1340159A920001A9A7
:105670000A44764902339B000B445B681360159B18
:1056800001331593159B012BEAD99DF8043003F0E3
:105690000303DBB2022B40F09C80BDF80630C3F35D
:1056A00089139BB20D93BDF80630C3F389139BB2E7
:1056B000502B28BF50239BB20C930C9BC3F30903C0
:1056C0009AB2BDF8063062F38F13ADF806300C9B2A
:1056D00008330B939DF80430C3F3C203DBB20F937E
:1056E0000B995C48FFF779F81790179B002B00F097
:1056F000D3801798FFF702F901A9169B0822179883
:10570000FFF7A6F9169B08331693049BDA43109B08
:10571000134001339B000A930C9A0A9B9A4242D988
:105720000A9B002B08D0049A109B134002339B0065
:10573000464A1344043300E0474B08930A9B002B6E
:1057400002D00A9BDBB201E00C9BDBB28DF81F306C
:105750000A9B002B01D0404B00E0002306930A9BDC
:10576000002B06D00C9BDAB20A9BDBB2D31ADBB259
:1057700000E000238DF817309DF81F20169B089934
:105780001798FFF765F99DF81F30169A1344169382
:10579000069B002B16D09DF81720169B069917988C
:1057A000FFF756F90EE0049A109B134002339B005A
:1057B000264A134404330993169B0C9A09991798A7
:1057C000FFF746F90D9B03339A08049B1344049397
:1057D00062E09DF8043003F00303DBB2012B5BD1E0
:1057E000BDF80430C3F38313DBB2062B28BF0623B6
:1057F000DAB2BDF8043062F38913ADF80430BDF8B5
:105800000430C3F38313DBB202330E939DF80430EC
:10581000C3F3C203DBB20F930E9B9B0019460D48E6
:10582000FEF7DBFF1790179B002B35D01798FFF77B
:1058300065F801A9169B08221798FFF709F9169B2E
:1058400008331693002315931DE000BF204300206A
:10585000F42400200C6E02002C430020049B5A1CF0
:105860000492109A134002339B003F4A1344191DBF
:10587000169B04221798FFF7EBF8169B0433169338
:10588000159B01331593BDF80430C3F38313DBB2CA
:105890001A46159B9342E1D3179B002B40D0324B05
:1058A000D3F810341493304BD3F81834002B1BD09A
:1058B0001798FFF732F84DE000238DF84F30149819
:1058C000FFF734FB0346002B02D001238DF84F3045
:1058D0009DF84F30002B03D017991498FFF7E2FA88
:1058E000149BDB681B681493149B002BE4D117985E
:1058F000FFF713F800238DF803300DF1030318466A
:10590000FCF7E4FD184BD3F81834002B02D1049BAC
:10591000154A93609DF803301846FCF7E1FD19E045
:10592000114BD3F81034129306E01298FFF7D4FA13
:10593000129BDB681B681293129B002BF5D10B4A5C
:105940000B4BD31ADB081B0443F00203094918462A
:10595000FFF7B2FDFFF72CFE034683F00103DBB235
:10596000184619B05DF804FB20430020586E020071
:10597000206E02001882020000B585B00023039358
:1059800023E0164BD3F81034029301238DF807302F
:105990000FE00298FFF7B9FA03461A46039B9342B9
:1059A00003D100238DF8073006E0029BDB681B68FB
:1059B0000293029B002BECD19DF80730002B01D005
:1059C000039B07E0039B01330393039B092BD8DD63
:1059D0004FF0FF33184605B05DF804FB204300206C
:1059E00000B585B001900B468DF80330FFF7C4FF7A
:1059F0000390039BB3F1FF3F01D1039B22E0039B84
:105A0000DBB219460198FFF773FA104BD3F8103444
:105A1000002B08D10D4A019BC2F81034019BDB68B2
:105A200000221A600DE0094BD3F81034DA68019BAC
:105A3000DB6812681A60054BD3F81034DB68019AF2
:105A40001A60039B184605B05DF804FB2043002054
:105A500000B583B00C4BD3F8103401930A4B0122EC
:105A60001A7009E00198FFF758FA0198FFF728FA31
:105A7000019BDB681B680193019B002BF2D100BFE7
:105A800000BF03B05DF804FB2043002082B001900A
:105A9000009100BF02B0704710B584B0039002912E
:105AA000039BDB88002B0AD0039BDB881A461F4B25
:105AB000009313461E4A1F490298FDF77FFF039B80
:105AC0001B7A052B2ED0039B5B7A002B12D0039BF5
:105AD0009B881A46039B1B7A19461046FFF7B2FAB9
:105AE00003461A46144B53F822301A4613490298BB
:105AF000FDF764FF039B1B6819460298FFF7C6FF7A
:105B0000039B1B7A1A460E4B53F82240039B9B883B
:105B100000211846FFF776FA034622460949029803
:105B2000FDF74CFF00BF04B010BD00BF4C82020067
:105B30005C820200948202000C250020AC820200EC
:105B4000F8240020B082020000B585B003900291D5
:105B500013468DF80730039B1B7A052B0FD0039B50
:105B60005B7A002B06D00D4B1B681A460C49029835
:105B7000FDF724FF0B490298FDF720FF07E09DF891
:105B80000730002B03D007490298FDF717FF029852
:105B9000FDF7FCFE00BF05B05DF804FB0C250020FE
:105BA000AC820200BC82020030B58BB00790069137
:105BB000059204930E9B1B7B8DF827300E9B0022D1
:105BC0001A730E990498FFF767FF059B062B7FD881
:105BD00001A252F823F000BFF55B0200FF5B020058
:105BE0000F5C0200235C0200415C0200695C020061
:105BF000995C020007990E98FDF7E0FE69E0069BAC
:105C00001B681A4607990E98FDF7D8FE61E0069BBF
:105C10001A68069B04331B6807990E98FDF7CEFEA1
:105C200057E0069B1A68069B04331968069B0833E5
:105C30001B6800930B4607990E98FDF7BFFE48E0DE
:105C4000069B1968069B04331868069B08331B687B
:105C5000069A0C3212680192009303460A4607998D
:105C60000E98FDF7ABFE34E0069B1868069B0433E4
:105C70001C68069B08331B68069A0C32126806994A
:105C80001031096802910192009323460246079958
:105C90000E98FDF793FE1CE0069B1C68069B0433E0
:105CA0001D68069B08331B68069A0C321268069919
:105CB000103109680698143000680390029101922F
:105CC00000932B46224607990E98FDF777FE00E0D9
:105CD00000BF00220E990498FFF736FF0E9B9DF837
:105CE00027201A7300BF0BB030BD00BF00B587B0CE
:105CF0000390029101920093029B082B60D8009BB5
:105D00001B7B8DF81330009B00221A7300990198B9
:105D1000FFF7C2FE0023059314E0059A029B9A4206
:105D200009D2039A059B13441B781A46264900980A
:105D3000FDF744FE03E025490098FDF73FFE059B73
:105D400001330593059B072BE7D921490098FDF7FF
:105D500035FE0023059326E0059A029B9A421BD24A
:105D6000039A059B13441B788DF812309DF812306E
:105D70007E2B0AD89DF81230184600F048FF0346E3
:105D8000002B02D09DF8123000E02E231A46114954
:105D90000098FDF713FE03E00F490098FDF70EFE93
:105DA000059B01330593059B072BD5D9012200994B
:105DB0000198FFF7C9FE009B9DF813201A7300E0BD
:105DC00000BF07B05DF804FBC0820200C882020079
:105DD000CC820200D0820200D482020082B0204B2A
:105DE0000193019B02221A61019B02225A61019BCD
:105DF0001C4A9A61019B1C4ADA61019B4FF40072B4
:105E00001A62019B00229A62019B00225A62019B46
:105E10000022DA62019B134A9A64019B134ADA64F6
:105E2000019B10221A65019B00229A65019B0022AA
:105E30005A65019B0022DA65019B07330C4A106802
:105E40001860019B0B4A10681860918892799980BC
:105E50009A71019B20229A7100BF02B0704700BF67
:105E600040470020D8820200B8470020B8490020EF
:105E7000E4820200E882020000B589B0039002913A
:105E8000019200230693039BDB680593039B1B6928
:105E90000493049A059B9A4205D9049A059BD31A48
:105EA000013B079307E0039B9A680499059BCB1A73
:105EB0001344013B0793039B9A68059BD31A079AE7
:105EC000934228BF13460793079A019B934228BF2A
:105ED00013460793039B5A68059B1344079A02993C
:105EE000184600F0F1FE069A079B13440693029AA7
:105EF000079B13440293019A079BD31A0193059AB7
:105F0000079B13440593039B9B68059A9A4201D112
:105F100000230593039B059ADA60019B002BB5D102
:105F2000069B184609B05DF804FB00B589B00390E4
:105F300002910192039BDB680793039B9A68079B7E
:105F4000D31A0693069A019B9A420ED9039B5A686C
:105F5000079B1344019A0299184600F0B5FE079A70
:105F6000019B1A44039BDA601AE0069B0593039B8E
:105F70005A68079B1344059A0299184600F0A4FE3C
:105F8000019A069BD31A0593039B5868029A069BB5
:105F90001344059A194600F097FE039B059ADA60B0
:105FA00000BF09B05DF804FB86B00190019B1B693E
:105FB0000493019BDB680393049A039B9A4208D8DD
:105FC000019B9A68039BD21A049B1344013B0593DF
:105FD00004E0049A039BD31A013B0593059B1846E2
:105FE00006B0704700B589B0039002910192029B00
:105FF0000693039B5A1C13465B001344DB00204AA4
:1060000013440593059B5B69022B29D0022B2ED8E4
:10601000002B02D0012B13D029E00598FFF7C4FF15
:106020000490049A019B9A4202D20023079321E034
:10603000019B0793019A06990598FFF776FF19E0EF
:106040000598FFF7B1FF0490019A049B934228BF83
:1060500013460793079A06990598FFF766FF09E02C
:10606000019A06990598FFF707FF079002E00023C1
:10607000079300BF079B184609B05DF804FB00BFFB
:106080004047002000B587B00390029101920F4B6A
:106090001B78002B01D1FFF7A1FE00238DF81330F0
:1060A0000DF113031846FCF711FA019A02990398AF
:1060B000FFF798FF05909DF813301846FCF710FA8B
:1060C000059B184607B05DF804FB00BF4047002061
:1060D00000B587B00390029101920093314B1B7879
:1060E000002B01D1FFF77AFE2E4B1B691A46039B4A
:1060F00093424FD200238DF813300DF1130318464D
:10610000FCF7E4F9039B002B32D02649039B5A1C71
:1061100013465B001344DB000B44029A1A602149CA
:10612000039B5A1C13465B001344DB000B440433EF
:10613000019A1A601B49039A13465B001344DB0063
:106140000B442033009A1A601649039A13465B00E9
:106150001344DB000B44283300221A601149039AD0
:1061600013465B001344DB000B44243300221A6007
:106170000C49039A13465B001344DB000B442C3399
:10618000089A1A609DF813301846FCF7A9F9002305
:10619000059302E04FF0FF330593059B184607B0C7
:1061A0005DF804FB4047002008B5FFF717FE00BF6D
:1061B00008BD000082B003468DF807309DF9073016
:1061C000002B0CDB9DF8073003F01F0205499DF9F9
:1061D00007305B09012000FA02F241F8232000BFDA
:1061E00002B0704700E100E082B003468DF807304E
:1061F0009DF90730002B13DB9DF8073003F01F02D9
:1062000009499DF907305B09012000FA02F22033A9
:1062100041F82320BFF34F8F00BFBFF36F8F00BF44
:1062200000BF02B0704700BF00E100E082B003464B
:106230008DF807309DF90730002B09DB0B4A9DF9DB
:106240000730134493F80033DBB25B09DBB20AE09A
:10625000074A9DF8073003F00F03043B13441B7EED
:10626000DBB25B09DBB2184602B0704700E100E028
:1062700000ED00E082B00190019B5B68184602B01F
:10628000704710DF704700BF184611DF704700BF2E
:106290001846000082B003468DF807309DF907309C
:1062A0001F2B0CDC9DF907300F4A22FA03F303F091
:1062B0000103002B14BF01230023DBB210E09DF982
:1062C00007303F2B0BDC9DF90730203B012202FAFF
:1062D00003F3002B14BF01230023DBB200E00123F2
:1062E000184602B0704700BFFC06FFBD82B00190A7
:1062F000019B072B07D8EC22019B42FA03F303F022
:106300000103002B01D1002300E00123184602B055
:106310007047000000B583B003468DF807309DF943
:1063200007301846FFF7B6FF0346002B02D142F2B2
:1063300001032EE09DF907301846FFF777FF03466B
:106340001846FFF7D3FF0346002B02D142F20203A7
:106350001FE0124B9B68002B15D09DF907305B099D
:106360000E4A52F823209DF8073003F01F03012145
:1063700001FA03F319469DF907305B090A430749FF
:1063800041F8232004E09DF907301846FFF712FF7B
:106390000023184603B05DF804FB00BFA0400020B6
:1063A00000B583B003468DF807309DF907301846D5
:1063B000FFF770FF0346002B02D142F201031FE0FA
:1063C000114B9B68002B15D09DF907305B090E4AD5
:1063D00052F823109DF8073003F01F03012202FA40
:1063E00003F3DA439DF907305B090A40064941F897
:1063F000232004E09DF907301846FFF7F5FE00233F
:10640000184603B05DF804FBA040002000B587B03B
:1064100003468DF8073002AB14491846FEF77FFBA0
:1064200017E002AB1846FFF725FF0590059B1B6898
:106430000493059B59689DF80720049B10469847D4
:106440000346002B01D111230BE002AB1846FEF7E7
:106450007EFB02AB1846FFF70DFF0346002BE0D191
:106460000023184607B05DF804FB00BF5C83020000
:1064700000B587B003468DF8073002AB11491846C6
:10648000FEF74DFB12E002AB1846FFF7F3FE059056
:10649000059B1B680493059B59689DF80720049B86
:1064A0001046984702AB1846FEF751FB02AB184660
:1064B000FFF7E0FE0346002BE5D100BF00BF07B0A9
:1064C0005DF804FB6883020000B583B01620FFF777
:1064D00021FF0190019B0093009B002B04D0044AF4
:1064E000A1210098FAF75EFF00BF03B05DF804FB3E
:1064F000F882020000B583B01620FFF751FF01902B
:10650000019B0093009B002B04D0044AAD2100980E
:10651000FAF748FF00BF03B05DF804FBF882020001
:1065200000B585B0234B1B78002B01D008233CE03D
:10653000214B01221A700020FFF768FF0346112B40
:1065400001D1002331E00020FFF792FF1B4B1B68B5
:10655000029300238DF807300DF107031846FBF76F
:10656000B5FF02AB16491846FFF78BFE0390039B5D
:10657000002B0CBF01230023DAB20E4B1A709DF8DA
:1065800007301846FBF7ACFF039B002B01D0039BA1
:106590000BE0094B00221A700A4B00221A70FFF719
:1065A00093FF0120FFF764FF0023184605B05DF854
:1065B00004FB00BFC8490020CA49002058830200DC
:1065C000C1130200C949002000B583B01D4B1B78E0
:1065D00083F00103DBB2002B01D008232EE01A4B1D
:1065E00001221A700120FFF711FF0346112B01D180
:1065F000002323E00220FFF73BFF00238DF8033048
:106600000DF103031846FBF761FFFFF73EFE019013
:106610000C4B00221A709DF803301846FBF760FF00
:10662000019B002B01D0019B08E0074B00221A7050
:10663000FFF760FF0320FFF71BFF0023184603B09E
:106640005DF804FBC8490020CA49002008B50B4B7F
:106650001B7883F00103DBB2002B01D008230AE092
:10666000074B1B78002B03D0FFF7AEFF034602E079
:10667000FFF756FF0346184608BD00BFCA49002071
:10668000C8490020014B1B7818467047C8490020B4
:1066900000B585B06B4611491846FEF740FA10E088
:1066A0006B461846FFF7E6FD0390039B1B680293B9
:1066B000039B5A68029B104698476B461846FEF7A4
:1066C00046FA6B461846FFF7D5FD0346002BE7D187
:1066D00000BF00BF05B05DF804FB00BF748302007B
:1066E00000B583B001900B46ADF80230FFF7D0FF44
:1066F00000BF03B05DF804FB00B583B00A4A002177
:106700000020FAF7A9FF0190019B0093009B002B4A
:1067100005D0064A40F287110098FAF743FE00BF01
:1067200003B05DF804FB00BFE1660200F8820200DE
:1067300060DF704700BF184669DF704700BF18462A
:1067400061DF704700BF184682B00190019B5B6813
:10675000184602B07047000082B00190019B002BE8
:1067600001D10E2304E0044B1A46019B1A6000235A
:10677000184602B0704700BFA024002010B586B0B4
:10678000034600918DF807300098FFF7E5FF05906C
:10679000059B002B01D0059BE7E002AB0C220021FA
:1067A000184600F0C3FA9DF807308DF80830012331
:1067B0008DF80A304FF4A073ADF80C30009B1A68C6
:1067C00002AB19462020FFF7B7FF0590059B002B71
:1067D0000FD0674A674BD31ADB081B0443F0010450
:1067E0000598FEF7D3F903461A4663492046FEF79B
:1067F00071FE02AB0C220021184600F097FA01232B
:106800008DF80930009B1A6802AB19464020FFF74B
:1068100093FF0590059B002B0FD0554A554BD31A7B
:10682000DB081B0443F001040598FEF7AFF90346AB
:106830001A4652492046FEF74DFE02AB0C220021BB
:10684000184600F073FA9DF807308DF80830F723EA
:10685000ADF80A30009B1A6802AB19462320FFF7F7
:106860006BFF0590059B002B0FD0414A414BD31A7B
:10687000DB081B0443F001040598FEF787F9034683
:106880001A463F492046FEF725FE02AB0C220021A6
:10689000184600F04BFA02238DF80830009B1A6866
:1068A00002AB19460120FFF747FF0590059B002B1F
:1068B0000FD02F4A2F4BD31ADB081B0443F00104DF
:1068C0000598FEF763F903461A462E492046FEF75F
:1068D00001FE02AB0C220021184600F027FA4FF40B
:1068E000B0630293009B1A6802AB1946A120FFF720
:1068F00023FF0590059B002B0FD01D4A1D4BD31A7B
:10690000DB081B0443F001040598FEF73FF903463A
:106910001A461D492046FEF7DDFD02AB0C22002180
:10692000184600F003FA9DF8083023F001038DF8B3
:106930000830009B1A6802AB1946A020FFF7FCFE46
:106940000590059B002B0FD0094A0A4BD31ADB0890
:106950001B0443F001040598FEF718F903461A4694
:106960000A492046FEF7B6FD0023184606B010BDC2
:10697000906E0200206E02008C830200D48302001D
:106980002084020068840200B484020008850200AA
:1069900082B04FF08053D3F80C319B020193019BDE
:1069A00003F10053184602B07047000010B584B0E0
:1069B0000190019B1B6803930198FFF7B9FE0290B9
:1069C000019B1B68039A9A4229D2224A224BD31A6E
:1069D000DB081B0443F0020320491846FEF76CFD58
:1069E0001C4A1D4BD31ADB081B0443F00200019B19
:1069F0001B68039A1A49FEF77EFD164A164BD31AF6
:106A0000DB081B0443F00204FFF7C2FF0246019BB0
:106A10001B68D31A1A4613492046FEF75BFD029BFA
:106A2000002B03D1104B01221A700FE0094A0A4BC8
:106A3000D31ADB081B0443F001040298FEF7A6F802
:106A400003461A4609492046FEF744FD029B1846B4
:106A500004B010BD906E0200206E02005C85020042
:106A60008C850200C0850200CB490020EC85020025
:106A700000B5ADF5077D86ABA3F505731860244B13
:106A80001B7883F00103DBB2002B3BD14FF4FA7388
:106A9000ADF806320DF2062202AB11461846FFF79A
:106AA0004FFE8590859B002B03D0859B052B22D123
:106AB00029E002AB84937FAB16491846FEF72FF806
:106AC00011E07FAB1846FFF73FFE8390839B1B6866
:106AD0008293839B5A68829B1146849898477FAB28
:106AE0001846FEF734F87FAB1846FFF72DFE034635
:106AF000002BE6D1CAE7084A40F239118598FAF727
:106B000051FC00E000BF0DF5077D5DF804FB00BF00
:106B1000CB490020708602000C86020082B00190F2
:106B2000019B5B68184602B070474BDF704700BF9F
:106B30001846000000B589B0019004AB1846FFF775
:106B4000F4FF0790079B002B03D0079B052B20D158
:106B500024E002AB13491846FDF7E1FF11E002AB58
:106B60001846FFF7DBFF0690069B1B680593049A07
:106B7000069B5968059B1046984702AB1846FDF7DF
:106B8000E6FF02AB1846FFF7C9FF0346002BE6D12C
:106B9000D3E7054A6B210798FAF704FC00BF09B058
:106BA0005DF804FBEC860200888602008446002023
:106BB000002918BF002A00D17047097848B2002880
:106BC00044BF6FF001007047BCF1000F18BFCCF854
:106BD00000100021C3E90011002818BF01207047F0
:106BE0007F298EBF6FF0010001700120704744F6CD
:106BF000CC12C2F200021368002B02BF42F23053E3
:106C0000C2F2000313605A689268126810470921A3
:106C1000FFF7EDBF7F2884BF0020704748F68C0245
:106C2000C0F20202105C48F60C12C0F20202515C83
:106C300008407047A0F161011A2938BF2038704719
:106C4000A0F141011A2938BF203070477F2884BF46
:106C50000020704748F68C02C0F20202105C48F631
:106C60000C12C0F20202515C08407047A0F16101B1
:106C70001A2938BF20387047A0F141011A2938BFBE
:106C800020307047082938BF70470022C0E9002132
:106C900044F6D011C2F20001086070470178002963
:106CA00004BF0020704700214FF001324358C2FA60
:106CB00053F30431002BF9D093FAA3F0B0FA80F02B
:106CC00001EBD000043870475AB3844690EA0103C0
:106CD0009B071FD1830707D011F8013B00F8013B48
:106CE000013AF7D11CE08446203A09D32DE9F00798
:106CF000B1E8F807A0E8F807203AF9D2BDE8F007B4
:106D00001C3205D451F8043B40F8043B043AF9D254
:106D1000043205D011F8013B00F8013B013AF9D1EA
:106D20006046704700220B0011001A0084465AB3D7
:106D3000830704D000F8011B013AF9D124E0C9B25D
:106D400041EA012141EA0141202A11D3203A2DE9EB
:106D5000F0030B460C460D460E460F468846894604
:106D6000A0E8FA03203AFBD2BDE8F00320320BD0B2
:106D7000042A05D340F8041B043A05D0042AF9D2AA
:0C6D800000F8011B013AFBD1604670478F
:106D8C0035EE0100000000009D46020000000000EE
:106D9C00B5DC010000000000459801000000000077
:106DAC00C5E4010010360020F1D401002C3600207F
:106DBC00B5DA01000000000007EA0100BC24002045
:106DCC006BE7010020360020CD990100243700200C
:086DDC00D9A301000000000032
:086DE400594702000000000005
:106DEC005DEE010000000000814702000000000081
:106DFC00716A020000000000356B02000000000008
:106E0C0080420020B8410020C0410020C041002039
:046E1C00180000005A
:106E20009C79020000000000A4790200000000002C
:106E3000AC79020000000000B07902000000000000
:106E4000B879020000000000C479020000000000D0
:106E5000C879020000000000148202000000030351
:106E6000CC790200000000006C79020000000000F4
:106E70008479020000000000F8780200000003039B
:106E8000BC7A020000000303F0820200000003034A
:106E900080830200000003037C86020000000303DD
:086EA000987C020000000000D4
:106EA800D881020000000000F8810200EC240020D4
:106EB80000000000000000007D3502000000000016
:046EC80000000000C6
:106ECC00433A5C55736572735C66656E67775C44B8
:106EDC006F776E6C6F6164735C4E6F726469632064
:106EEC0053444B2031352E335C4E6F7264696320F2
:106EFC0053444B2031352E335C50726F6A6563748A
:106F0C00447269766572735C5050475F417272616E
:106F1C00795C4F50542041727261792056322E3177
:106F2C00202D20525454203732435C6D61696E2EF3
:106F3C006300000053656E736F72446174610000EE
:106F4C00B18ABF45CA0550BA4042B000C9AD64F31E
:106F5C00433A5C55736572735C66656E67775C4427
:106F6C006F776E6C6F6164735C4E6F7264696320D3
:106F7C0053444B2031352E335C4E6F726469632061
:106F8C0053444B2031352E335C50726F6A656374F9
:106F9C00447269766572735C5050475F41727261DE
:106FAC00795C4F50542041727261792056322E31E7
:106FBC00202D20525454203732435C6D795F64721B
:106FCC0069766572735C7372635C626C655F647224
:106FDC00697665722E630000446174612071756579
:106FEC0075656420666F72205458202825642062D1
:106FFC0079746573290000005374617274696E674B
:10700C0020424C4520696E697469616C697A6174BF
:10701C00696F6E2E2E2E000009424C452073746150
:10702C00636B20696E697469616C7A6965640000D0
:10703C000947415020706172616D657465727320EF
:10704C00696E697469616C697A6564000947617479
:10705C007420696E697469616C697A65642E0000CC
:10706C0009536572766963657320696E6974696129
:10707C006C697A65642E00000941647665727469E6
:10708C0073696E6720696E697469616C697A65648D
:10709C000000000009436F6E6E656374696F6E20AB
:1070AC00706172616D657465727320696E7469616B
:1070BC006C697A65640000004E494341564F5F4449
:1070CC0045565F5254540000436F6E6E6563746591
:1070DC0064000000446973636F6E6E65637465646D
:1070EC0000000000434920757064617465643A20A7
:1070FC0025642E2564206D732C206C6174656E6381
:10710C00793D25642C207375703D2564206D7300CA
:10711C000202000044617461206C656E206973206A
:10712C0073657420746F20307825582825642900E5
:10713C00416C6C2036204649464F7320666C757343
:10714C0068656420616E642073796E6368726F6E1B
:10715C00697A65642E0000004D415838363134315F
:10716C0028732920696E697469616C697A61746924
:10717C006F6E207375636365737366756C000000C6
:10718C00433A5C55736572735C66656E67775C44F5
:10719C006F776E6C6F6164735C4E6F7264696320A1
:1071AC0053444B2031352E335C4E6F72646963202F
:1071BC0053444B2031352E335C50726F6A656374C7
:1071CC00447269766572735C5050475F41727261AC
:1071DC00795C4F50542041727261792056322E31B5
:1071EC00202D20525454203732435C6D795F6472E9
:1071FC0069766572735C7372635C6D617838363175
:10720C0034315F6472697665722E6300494E542086
:10721C005365747570207375636365737366756CF1
:10722C00000000000200020043533A202825642984
:10723C00207E2054696D656F7574212053796E63BF
:10724C00206C6F73742E20466C757368696E672E94
:10725C00000000004649464F20446174613A00002A
:10726C000000000025303258200000004D415838F5
:10727C0036313431206469652074656D70657261D6
:10728C00747572653A20256920646567726565734B
:10729C00204300004D41583836313431206F76652B
:1072AC00722D74656D70657261747572652064659C
:1072BC00746563746564212050757474696E6720FD
:1072CC00746174746F6F20696E2073687574646F69
:1072DC00776E2E006E524635323831312064696536
:1072EC002074656D70657261747572653A202569DC
:1072FC002064656772656573204300006E524635E5
:10730C0032383131206F7665722D74656D7065720F
:10731C00617475726520646574656374656421209D
:10732C0050757474696E6720746174746F6F206922
:10733C006E2073687574646F776E2E003D3D3D3D15
:10734C003D3D3D3D3D3D204D415838363134312099
:10735C0052454749535445522044554D50203D3DCC
:10736C003D3D3D3D3D3D3D3D0000000052656769A2
:10737C0073746572202020202020202020202020C3
:10738C002020202020202020494331202020494348
:10739C003220202049433320202049433420202010
:1073AC004943352020204943362020204D61746309
:1073BC00683F00002D2D2D2D2D2D2D2D2D2D2D2DFE
:1073CC002D2D2D2D2D2D2D2D2D2D2D2D2D2D2D2DE1
:1073DC002D2D2D2D2D2D2D2D2D2D2D2D2D2D2D2DD1
:1073EC002D2D2D2D2D2D2D2D2D2D2D2D2D2D2D2DC1
:1073FC002D2D2D2D2D2D2D2D2D2D2D2D0000000065
:10740C00252D3238732030782530325820203078B2
:10741C0025303258202030782530325800000000BA
:10742C004F4B00002A2A204D49534D4154434820CC
:10743C002A2A00002020202020202020202020206C
:10744C002020202020202020202020202020202030
:10745C002030782530325820203078253032582092
:10746C00203078253032582020257300416C6C2058
:10747C00256420494373206D61746368206F6E200E
:10748C0065766572792072656769737465722E0012
:10749C005741524E494E473A202564207265676920
:1074AC00737465722873292068617665206D697321
:1074BC006D61746368657321000000003D3D3D3DC6
:1074CC003D3D3D3D3D3D3D3D3D3D3D3D3D3D3D3DE0
:1074DC003D3D3D3D3D3D3D3D3D3D3D3D3D3D3D3DD0
:1074EC003D3D3D3D3D3D3D3D000000002D2D2D2001
:1074FC0043532050696E20436F6E6E6563746976DA
:10750C006974792054657374202D2D2D00000000B2
:10751C002A2A204641494C202A2A0000202049438F
:10752C0025643A2077726F74652030782530325894
:10753C002C2072656164203078253032582020254B
:10754C007300000020205741524E494E473A2049C3
:10755C0043256420616E6420494325642072657460
:10756C0075726E65642073616D652076616C7565EE
:10757C002030782530325820E2809420706F73735D
:10758C0069626C65207368617265642043532100E5
:10759C002020416C6C2043532070696E7320617203
:1075AC006520696E646570656E64656E746C7920B7
:1075BC0077697265642E204F4B2E000020202A2AFA
:1075CC00202564206572726F7228732920666F758E
:1075DC006E6420E2809420636865636B2077697227
:1075EC00696E6721202A2A002D2D2D2D2D2D2D2D54
:1075FC002D2D2D2D2D2D2D2D2D2D2D2D2D2D2D2DAF
:10760C002D2D2D2D2D2D2D2D00000000A1B2C3D41C
:10761C00E5F600005050475F434647312020414477
:10762C00435F5247452F54494E5400005050475F1A
:10763C0043464732202053522F534D505F415645FD
:10764C00000000005050475F4346473320204C4514
:10765C00445F5345544C4E470000000050445F4279
:10766C00494153004C45445F5345513100000000E3
:10767C004C45445F53455132000000004C45445F7B
:10768C0053455133000000004C4544315F504100DC
:10769C004C4544325F5041004C4544335F504100EF
:1076AC004C4544345F5041004C4544355F504100DB
:1076BC004C4544365F5041004C45445F524E473177
:1076CC00000000004C45445F524E47320000000061
:1076DC004649464F5F434647310000004649464FF6
:1076EC005F434647320000005359535F4354524C9A
:1076FC0000000000504152545F4944000001000159
:10770C000100000101000100010001000001010065
:10771C00000100010101010101010101010101014F
:10772C00000000000338FDD8704700001100000075
:10773C0020760200120000003876020013000000D0
:10774C005076020015000000687602002000000050
:10775C0070760200210000007C76020022000000FE
:10776C0088760200230000009476020024000000BA
:10777C009C76020025000000A47602002600000082
:10778C00AC76020027000000B4760200280000004E
:10779C00BC7602002A000000C47602002B00000018
:1077AC00D076020009000000DC7602000A0000001E
:1077BC00E87602000D000000F4760200FF000000E5
:1077CC0000770200000000000040004000000000B4
:1077DC0001000000433A5C55736572735C66656E1C
:1077EC0067775C446F776E6C6F6164735C4E6F721D
:1077FC006469632053444B2031352E335C4E6F72D9
:10780C006469632053444B2031352E335C50726FC6
:10781C006A656374447269766572735C5050475F35
:10782C0041727261795C4F505420417272617920BF
:10783C0056322E31202D20525454203732435C6D59
:10784C00795F647269766572735C7372635C737072
:10785C00695F6472697665722E630000535049202B
:10786C00696E697469616C697A65642073756363A8
:10787C0065737366756C6C7900000000FFFFFFFF89
:10788C0006FF00000000004000000000433A5C5579
:10789C00736572735C66656E67775C446F776E6C4C
:1078AC006F6164735C4E6F726469632053444B2048
:1078BC0031352E335C4E6F726469632053444B2018
:1078CC0031352E335C636F6D706F6E656E74735CE7
:1078DC00626C655C636F6D6D6F6E5C626C655F6333
:1078EC006F6E6E5F73746174652E63006E72665F8B
:1078FC00626C655F676174740000000073645F62A2
:10790C006C655F67617474735F65786368616E67DB
:10791C00655F6D74755F7265706C7928292072656E
:10792C007475726E65642025732E000073645F623B
:10793C006C655F67617474635F65786368616E67BB
:10794C00655F6D74755F7265717565737428292038
:10795C0072657475726E65642025732E00000000CC
:10796C00626C655F6E7573009ECADC240EE5A9E03F
:10797C0093F3A3B50000406E636C6F636B00000063
:10798C00FFFFFFFF0006FF000000004000000000AA
:10799C00434C4F434B0000004750494F54450000A7
:1079AC005052530053414144430000005350494D41
:1079BC0000000000150B02005457490057445400B6
:1079CC006170705F627574746F6E0000534F465433
:1079DC004445564943453A20415353455254494F27
:1079EC004E204641494C454400000000534F46543C
:1079FC004445564943453A20494E56414C4944204A
:107A0C004D454D4F525920414343455353000000BF
:107A1C00415353455254494F4E204641494C4544DD
:107A2C002061742025733A25750000004552524F91
:107A3C0052202575205B25735D2061742025733AD7
:107A4C0025750D0A50432061743A20307825303862
:107A5C0078000000456E64206F66206572726F724C
:107A6C00207265706F727400554E4B4E4F574E20FE
:107A7C004641554C542061742030782530385800DC
:107A8C00000000000338FDD870470000DEC0ADDEFA
:107A9C00FF011EF1DEC0ADDEFE011EF10000FFFF96
:107AAC003031323334353637383941424344454628
:107ABC006E72665F6673746F7261676500000000BA
:107ACC00705F667300000000257320636865636B4C
:107ADC00206661696C656420696E202573282920F5
:107AEC00776974682076616C756520307825782EFE
:107AFC0000000000705F617069000000705F6673C9
:107B0C002D3E705F61706900705F64657374000076
:107B1C006C656E00616464725F69735F616C696748
:107B2C006E65643332287372632900006164647279
:107B3C005F69735F77697468696E5F626F756E6495
:107B4C007328705F66732C207372632C206C656EC7
:107B5C0029000000705F73726300000021286C65BF
:107B6C006E202520705F66732D3E705F666C6173AE
:107B7C00685F696E666F2D3E70726F6772616D5FC4
:107B8C00756E697429000000616464725F69735FCB
:107B9C00616C69676E65643332286465737429009F
:107BAC00616464725F69735F616C69676E6564338D
:107BBC0032282875696E7433325F7429705F737262
:107BCC0063290000616464725F69735F776974682C
:107BDC00696E5F626F756E647328705F66732C20BC
:107BEC00646573742C206C656E290000616464728A
:107BFC005F69735F706167655F616C69676E65640F
:107C0C0028705F66732C20706167655F61646472B5
:107C1C0029000000616464725F69735F776974683E
:107C2C00696E5F626F756E647328705F66732C206B
:107C3C00706167655F616464722C20286C656E20CE
:107C4C002A20705F66732D3E705F666C6173685F8F
:107C5C00696E666F2D3E65726173655F756E6974D2
:107C6C00292900006E72665F6673746F72616765B6
:107C7C005F777269746500006E72665F6673746F0D
:107C8C00726167655F657261736500007077725F22
:107C9C006D676D7400000000E46D0200E46D02007D
:107CAC0004000000556E6B6E6F776E206572726FFC
:107CBC007220636F646500004E52465F5355434318
:107CCC00455353004E52465F4552524F525F5356E6
:107CDC00435F48414E444C45525F4D495353494EC6
:107CEC00470000004E52465F4552524F525F534F71
:107CFC0046544445564943455F4E4F545F454E41AB
:107D0C00424C4544000000004E52465F4552524FD3
:107D1C00525F494E5445524E414C00004E52465F04
:107D2C004552524F525F4E4F5F4D454D0000000083
:107D3C004E52465F4552524F525F4E4F545F464F24
:107D4C00554E44004E52465F4552524F525F4E4F75
:107D5C00545F535550504F52544544004E52465F59
:107D6C004552524F525F494E56414C49445F504127
:107D7C0052414D004E52465F4552524F525F494E52
:107D8C0056414C49445F5354415445004E52465F52
:107D9C004552524F525F494E56414C49445F4C45F7
:107DAC004E475448000000004E52465F4552524F19
:107DBC00525F494E56414C49445F464C4147530033
:107DCC004E52465F4552524F525F494E56414C49B6
:107DDC00445F4441544100004E52465F4552524F5D
:107DEC00525F444154415F53495A45004E52465FDD
:107DFC004552524F525F54494D454F555400000067
:107E0C004E52465F4552524F525F4E554C4C0000FD
:107E1C004E52465F4552524F525F464F5242494472
:107E2C0044454E004E52465F4552524F525F494EAA
:107E3C0056414C49445F4144445200004E52465F07
:107E4C004552524F525F4255535900004E52465FB5
:107E5C004552524F525F434F4E4E5F434F554E5417
:107E6C00000000004E52465F4552524F525F524541
:107E7C00534F5552434553004E52465F4552524F55
:107E8C00525F4D4F44554C455F4E4F545F494E49E0
:107E9C005449414C495A4544000000004E52465F3B
:107EAC004552524F525F4D555445585F494E4954B7
:107EBC005F4641494C4544004E52465F4552524F35
:107ECC00525F4D555445585F4C4F434B5F464149AB
:107EDC004C4544004E52465F4552524F525F4D55F1
:107EEC005445585F554E4C4F434B5F4641494C45AA
:107EFC00440000004E52465F4552524F525F4D5562
:107F0C005445585F434F4E445F494E49545F464178
:107F1C00494C4544000000004E52465F4552524FBA
:107F2C00525F4D4F44554C455F414C52454144596D
:107F3C005F494E495449414C495A454400000000A0
:107F4C004E52465F4552524F525F53544F52414727
:107F5C00455F46554C4C00004E52465F4552524FC1
:107F6C00525F4150495F4E4F545F494D504C454D07
:107F7C00454E5445440000004E52465F4552524F08
:107F8C00525F464541545552455F4E4F545F454EE6
:107F9C0041424C45440000004E52465F4552524F00
:107FAC00525F494F5F50454E44494E470000000018
:107FBC004E52465F4552524F525F4452565F545791
:107FCC00495F4552525F4F56455252554E00000084
:107FDC004E52465F4552524F525F4452565F545771
:107FEC00495F4552525F414E41434B004E52465FF2
:107FFC004552524F525F4452565F5457495F455257
:10800C00525F444E41434B004E52465F4552524FD5
:10801C00525F424C455F495053505F52585F504B32
:10802C00545F5452554E4341544544004E52465FA2
:10803C004552524F525F424C455F495053505F433B
:10804C0048414E4E454C5F414C52454144595F4569
:10805C0058495354530000004E52465F4552524FFC
:10806C00525F424C455F495053505F4C494E4B5FF9
:10807C00444953434F4E4E45435445440000000081
:10808C004E52465F4552524F525F424C455F4950EB
:10809C0053505F504545525F52454A454354454401
:1080AC000000000000000000C47C02000100000081
:1080BC00D07C020002000000F07C020003000000F3
:1080CC00147D020004000000287D02000500000061
:1080DC003C7D020006000000507D020007000000FD
:1080EC00687D020008000000807D0200090000008D
:1080FC00987D02000A000000B47D02000B00000015
:10810C00CC7D02000C000000E47D02000D0000009C
:10811C00F87D02000E0000000C7E02000F00000033
:10812C001C7E020010000000307E020011000000D6
:10813C00487E020012000000587E0200130000006E
:10814C00707E020080000000847E0200810000002E
:10815C00A87E020082000000C47E020083000000A2
:10816C00E07E020084000000007F02008500000019
:10817C00247F0200860000004C7F0200900000006B
:10818C00647F020091000000847F020092000000D6
:10819C00A47F020000820000BC7F0200018200006C
:1081AC00DC7F020002820000F87F020000840000E5
:1081BC001480020001840000388002000284000058
:1081CC0064800200038400008C800200054D0200D4
:1081DC00374D02002D4D0200000000000000000091
:1081EC00000000000338FDD8704700007274745F03
:1081FC006C6F675F6261636B656E64008842002020
:10820C007F00000008430020617070004261636BC6
:10821C00656E647320666C7573686564000000009D
:10822C006572726F720000007761726E696E670022
:10823C00696E666F0000000064656275670000007F
:10824C001B5B306D000000001B5B313B33306D005D
:10825C001B5B313B33316D001B5B313B33326D00AB
:10826C001B5B313B33336D001B5B313B33346D0097
:10827C001B5B313B33356D001B5B313B33366D0083
:10828C001B5B313B33376D0025734C6F6773206478
:10829C00726F70706564202825642925730D0A009F
:1082AC00257300003C25733E2025733A2000000006
:1082BC000D0A00002025303278000000202020001C
:1082CC007C00000025630000200000005465726DE6
:1082DC00696E616C000000005254540053454747CE
:1082EC00455200006E72665F73646800433A5C55D9
:1082FC00736572735C66656E67775C446F776E6CE2
:10830C006F6164735C4E6F726469632053444B20DD
:10831C0031352E335C4E6F726469632053444B20AD
:10832C0031352E335C636F6D706F6E656E74735C7C
:10833C00736F66746465766963655C636F6D6D6F8E
:10834C006E5C6E72665F7364682E630000100201CF
:10835C00E46D0200EC6D020008000000EC6D020000
:10836C00FC6D020008000000FC6D02000C6E0200A7
:10837C00080000006E72665F7364685F626C650073
:10838C0073645F626C655F6366675F7365742829ED
:10839C002072657475726E6564202573207768652C
:1083AC006E20617474656D7074696E6720746F20D3
:1083BC0073657420424C455F434F4E4E5F434647B6
:1083CC005F4741502E00000073645F626C655F6311
:1083DC0066675F73657428292072657475726E65A3
:1083EC0064202573207768656E20617474656D70E8
:1083FC0074696E6720746F2073657420424C455FFE
:10840C004741505F4346475F524F4C455F434F5582
:10841C004E542E0073645F626C655F6366675F73B6
:10842C00657428292072657475726E6564202573D5
:10843C00207768656E20617474656D7074696E6701
:10844C0020746F2073657420424C455F434F4E4E31
:10845C005F4346475F474154542E000073645F628C
:10846C006C655F6366675F73657428292072657439
:10847C0075726E6564202573207768656E20617453
:10848C0074656D7074696E6720746F2073657420E9
:10849C00424C455F434F4D4D4F4E5F4346475F56F1
:1084AC00535F555549442E0073645F626C655F637E
:1084BC0066675F73657428292072657475726E65C2
:1084CC0064202573207768656E20617474656D7007
:1084DC0074696E6720746F2073657420424C455F1D
:1084EC0047415454535F4346475F415454525F5481
:1084FC0041425F53495A452E0000000073645F628D
:10850C006C655F6366675F73657428292072657498
:10851C0075726E6564202573207768656E206174B2
:10852C0074656D7074696E6720746F207365742048
:10853C00424C455F47415454535F4346475F534554
:10854C0052564943455F4348414E4745442E00002F
:10855C00496E73756666696369656E742052414D28
:10856C0020616C6C6F636174656420666F7220743B
:10857C00686520536F66744465766963652E0000E8
:10858C004368616E6765207468652052414D2073A5
:10859C0074617274206C6F636174696F6E206672A3
:1085AC006F6D203078257820746F20307825782EE8
:1085BC00000000004D6178696D756D2052414D20B1
:1085CC0073697A6520666F72206170706C69636183
:1085DC0074696F6E20697320307825782E00000046
:1085EC0073645F626C655F656E61626C65282920DF
:1085FC0072657475726E65642025732E0000000020
:10860C00433A5C55736572735C66656E67775C4460
:10861C006F776E6C6F6164735C4E6F72646963200C
:10862C0053444B2031352E335C4E6F72646963209A
:10863C0053444B2031352E335C636F6D706F6E6518
:10864C006E74735C736F66746465766963655C6382
:10865C006F6D6D6F6E5C6E72665F7364685F626C7B
:10866C00652E63009C6D0200E46D020008000000A2
:10867C006E72665F7364685F736F6300433A5C5538
:10868C00736572735C66656E67775C446F776E6C4E
:10869C006F6164735C4E6F726469632053444B204A
:1086AC0031352E335C4E6F726469632053444B201A
:1086BC0031352E335C636F6D706F6E656E74735CE9
:1086CC00736F66746465766963655C636F6D6D6FFB
:1086DC006E5C6E72665F7364685F736F632E6300AB
:1086EC008C6D02009C6D02000800000004870200E3
:1086FC00348802000887020043000000156C020059
:10870C00356C0200416C02004D6C02006D6C020075
:10871C00796C0200E16B0200AD6B020053756E00C8
:10872C004D6F6E0054756500576564005468750094
:10873C004672690053617400004A616E00466562BE
:10874C00004D617200417072004D6179004A756E86
:10875C00004A756C0041756700536570004F637477
:10876C00004E6F760044656300002E000053756E5A
:10877C00646179004D6F6E64617900547565736442
:10878C006179005765646E6573646179005468752E
:10879C007273646179004672696461790053617423
:1087AC00757264617900004A616E75617279004678
:1087BC0065627275617279004D6172636800417017
:1087CC0072696C004D6179004A756E65004A756C72
:1087DC0079004175677573740053657074656D62CB
:1087EC006572004F63746F626572004E6F76656DD3
:1087FC0062657200446563656D6265720000414D8F
:10880C0000504D0000256D2F25642F25790025483B
:10881C003A254D3A255300256120256220256520F7
:10882C002554202559000000768702007887020025
:10883C007887020078870200788702007887020028
:10884C007887020078870200788702007887020018
:10885C00FFFFFFFFFFFFFFFFFFFFFFFFFFFF00001A
:10886C007987020028870200B3870200458702003F
:10887C000A880200118802001A880200238802006C
:10888C002020202020202020206828282828202074
:10889C0020202020202020202020202020202020CC
:1088AC004810101010101010101010101010101084
:1088BC008484848484848484848410101010101024
:1088CC00108181818181810101010101010101017D
:1088DC000101010101010101010101101010101031
:1088EC00108282828282820202020202020202024E
:1088FC0002020202020202020202021010101020F6
:0D890C0000070320041702010857104080E7
:10891C000C360020010004000000000000000000E4
:10892C00000000000000000000000000B424002043
:10893C0000000000FFFF1400010002000B0C0D0EE4
:10894C000F1000000090D00300000000FF0000009A
:10895C00FF000000000000002C82020034820200A4
:10896C003C820200448202004C82020054820200CB
:10897C005C820200648202006C820200748202003B
:10898C007C820200848202008C820200F886020043
:10899C00F8860200F8860200F8860200F8860200CB
:04000003100092193E
:00000001FF
